Temps,Altitude_m,Position_X,Position_Y,Masse_kg,Etat_Mission
0.0,0.4,-22.0,-4.5,15.0,WARMUP
0.01,0.4,-22.0,-4.5,15.0,WARMUP
0.02,0.4,-22.0,-4.5,15.0,WARMUP
0.02,0.4,-22.0,-4.5,15.0,WARMUP
0.03,0.4,-22.0,-4.5,15.0,WARMUP
0.03,0.4,-22.0,-4.5,15.0,WARMUP
0.04,0.4,-22.0,-4.5,15.0,WARMUP
0.05,0.4,-22.0,-4.5,15.0,WARMUP
0.05,0.4,-22.0,-4.5,15.0,WARMUP
0.06,0.39,-22.0,-4.5,15.0,WARMUP
0.06,0.39,-22.0,-4.5,15.0,WARMUP
0.07,0.39,-22.0,-4.5,15.0,WARMUP
0.08,0.39,-22.0,-4.5,15.0,WARMUP
0.08,0.39,-22.0,-4.5,15.0,WARMUP
0.09,0.39,-22.0,-4.5,15.0,WARMUP
0.1,0.39,-22.0,-4.5,15.0,WARMUP
0.1,0.38,-22.0,-4.5,15.0,WARMUP
0.11,0.38,-22.0,-4.5,15.0,WARMUP
0.11,0.38,-22.0,-4.5,15.0,WARMUP
0.12,0.38,-22.0,-4.5,15.0,WARMUP
0.12,0.38,-22.0,-4.5,15.0,WARMUP
0.13,0.37,-22.0,-4.5,15.0,WARMUP
0.14,0.37,-22.0,-4.5,15.0,WARMUP
0.14,0.37,-22.0,-4.5,15.0,WARMUP
0.15,0.36,-22.0,-4.5,15.0,WARMUP
0.15,0.36,-22.0,-4.5,15.0,WARMUP
0.16,0.36,-22.0,-4.5,15.0,WARMUP
0.16,0.36,-22.0,-4.5,15.0,WARMUP
0.17,0.35,-22.0,-4.5,15.0,WARMUP
0.18,0.35,-22.0,-4.5,15.0,WARMUP
0.18,0.35,-22.0,-4.5,15.0,WARMUP
0.19,0.34,-22.0,-4.5,15.0,WARMUP
0.19,0.34,-22.0,-4.5,15.0,WARMUP
0.2,0.33,-22.0,-4.5,15.0,WARMUP
0.2,0.33,-22.0,-4.5,15.0,WARMUP
0.21,0.33,-22.0,-4.5,15.0,WARMUP
0.22,0.32,-22.0,-4.5,15.0,WARMUP
0.22,0.32,-22.0,-4.5,15.0,WARMUP
0.23,0.31,-22.0,-4.5,15.0,WARMUP
0.24,0.31,-22.0,-4.5,15.0,WARMUP
0.24,0.3,-22.0,-4.5,15.0,WARMUP
0.25,0.3,-22.0,-4.5,15.0,WARMUP
0.25,0.29,-22.0,-4.5,15.0,WARMUP
0.26,0.29,-22.0,-4.5,15.0,WARMUP
0.27,0.28,-22.0,-4.5,15.0,WARMUP
0.27,0.28,-22.0,-4.5,15.0,WARMUP
0.28,0.27,-22.0,-4.5,15.0,WARMUP
0.29,0.27,-22.0,-4.5,15.0,WARMUP
0.29,0.26,-22.0,-4.5,15.0,WARMUP
0.3,0.26,-22.0,-4.5,15.0,WARMUP
0.3,0.26,-22.0,-4.5,15.0,WARMUP
0.31,0.26,-22.0,-4.5,15.0,WARMUP
0.32,0.26,-22.0,-4.5,15.0,WARMUP
0.33,0.26,-22.0,-4.5,15.0,WARMUP
0.34,0.26,-22.0,-4.5,15.0,WARMUP
0.35,0.26,-22.0,-4.5,15.0,WARMUP
0.36,0.26,-22.0,-4.5,15.0,WARMUP
0.37,0.26,-22.0,-4.5,15.0,WARMUP
0.38,0.26,-22.0,-4.5,15.0,WARMUP
0.38,0.26,-22.0,-4.5,15.0,WARMUP
0.39,0.26,-22.0,-4.5,15.0,WARMUP
0.39,0.26,-22.0,-4.5,15.0,WARMUP
0.4,0.26,-22.0,-4.5,15.0,WARMUP
0.41,0.26,-22.0,-4.5,15.0,WARMUP
0.42,0.26,-22.0,-4.5,15.0,WARMUP
0.42,0.26,-22.0,-4.5,15.0,WARMUP
0.43,0.26,-22.0,-4.5,15.0,WARMUP
0.44,0.26,-22.0,-4.5,15.0,WARMUP
0.44,0.26,-22.0,-4.5,15.0,WARMUP
0.45,0.26,-22.0,-4.5,15.0,WARMUP
0.45,0.26,-22.0,-4.5,15.0,WARMUP
0.46,0.26,-22.0,-4.5,15.0,WARMUP
0.47,0.26,-22.0,-4.5,15.0,WARMUP
0.47,0.26,-22.0,-4.5,15.0,WARMUP
0.48,0.26,-22.0,-4.5,15.0,WARMUP
0.49,0.26,-22.0,-4.5,15.0,WARMUP
0.5,0.26,-22.0,-4.5,15.0,WARMUP
0.51,0.26,-22.0,-4.5,15.0,WARMUP
0.51,0.26,-22.0,-4.5,15.0,WARMUP
0.52,0.26,-22.0,-4.5,15.0,WARMUP
0.53,0.26,-22.0,-4.5,15.0,WARMUP
0.53,0.26,-22.0,-4.5,15.0,WARMUP
0.54,0.26,-22.0,-4.5,15.0,WARMUP
0.54,0.26,-22.0,-4.5,15.0,WARMUP
0.55,0.26,-22.0,-4.5,15.0,WARMUP
0.55,0.26,-22.0,-4.5,15.0,WARMUP
0.56,0.26,-22.0,-4.5,15.0,WARMUP
0.57,0.26,-22.0,-4.5,15.0,WARMUP
0.57,0.26,-22.0,-4.5,15.0,WARMUP
0.58,0.26,-22.0,-4.5,15.0,WARMUP
0.59,0.26,-22.0,-4.5,15.0,WARMUP
0.6,0.26,-22.0,-4.5,15.0,WARMUP
0.6,0.26,-22.0,-4.5,15.0,WARMUP
0.61,0.26,-22.0,-4.5,15.0,WARMUP
0.62,0.26,-22.0,-4.5,15.0,WARMUP
0.63,0.26,-22.0,-4.5,15.0,WARMUP
0.63,0.26,-22.0,-4.5,15.0,WARMUP
0.64,0.26,-22.0,-4.5,15.0,WARMUP
0.65,0.26,-22.0,-4.5,15.0,WARMUP
0.66,0.26,-22.0,-4.5,15.0,WARMUP
0.67,0.26,-22.0,-4.5,15.0,WARMUP
0.67,0.26,-22.0,-4.5,15.0,WARMUP
0.68,0.26,-22.0,-4.5,15.0,WARMUP
0.68,0.26,-22.0,-4.5,15.0,WARMUP
0.69,0.26,-22.0,-4.5,15.0,WARMUP
0.7,0.26,-22.0,-4.5,15.0,WARMUP
0.7,0.26,-22.0,-4.5,15.0,WARMUP
0.71,0.26,-22.0,-4.5,15.0,WARMUP
0.72,0.26,-22.0,-4.5,15.0,WARMUP
0.72,0.26,-22.0,-4.5,15.0,WARMUP
0.73,0.26,-22.0,-4.5,15.0,WARMUP
0.74,0.26,-22.0,-4.5,15.0,WARMUP
0.74,0.26,-22.0,-4.5,15.0,WARMUP
0.75,0.26,-22.0,-4.5,15.0,WARMUP
0.75,0.26,-22.0,-4.5,15.0,WARMUP
0.76,0.26,-22.0,-4.5,15.0,WARMUP
0.77,0.26,-22.0,-4.5,15.0,WARMUP
0.77,0.26,-22.0,-4.5,15.0,WARMUP
0.78,0.26,-22.0,-4.5,15.0,WARMUP
0.79,0.26,-22.0,-4.5,15.0,WARMUP
0.8,0.26,-22.0,-4.5,15.0,WARMUP
0.81,0.26,-22.0,-4.5,15.0,WARMUP
0.82,0.26,-22.0,-4.5,15.0,WARMUP
0.82,0.26,-22.0,-4.5,15.0,WARMUP
0.83,0.26,-22.0,-4.5,15.0,WARMUP
0.84,0.26,-22.0,-4.5,15.0,WARMUP
0.84,0.26,-22.0,-4.5,15.0,WARMUP
0.85,0.26,-22.0,-4.5,15.0,WARMUP
0.85,0.26,-22.0,-4.5,15.0,WARMUP
0.86,0.26,-22.0,-4.5,15.0,WARMUP
0.87,0.26,-22.0,-4.5,15.0,WARMUP
0.87,0.26,-22.0,-4.5,15.0,WARMUP
0.88,0.26,-22.0,-4.5,15.0,WARMUP
0.88,0.26,-22.0,-4.5,15.0,WARMUP
0.89,0.26,-22.0,-4.5,15.0,WARMUP
0.89,0.26,-22.0,-4.5,15.0,WARMUP
0.9,0.26,-22.0,-4.5,15.0,WARMUP
0.91,0.26,-22.0,-4.5,15.0,WARMUP
0.91,0.26,-22.0,-4.5,15.0,WARMUP
0.92,0.26,-22.0,-4.5,15.0,WARMUP
0.92,0.26,-22.0,-4.5,15.0,WARMUP
0.93,0.26,-22.0,-4.5,15.0,WARMUP
0.94,0.26,-22.0,-4.5,15.0,WARMUP
0.94,0.26,-22.0,-4.5,15.0,WARMUP
0.95,0.26,-22.0,-4.5,15.0,WARMUP
0.96,0.26,-22.0,-4.5,15.0,WARMUP
0.97,0.26,-22.0,-4.5,15.0,WARMUP
0.97,0.26,-22.0,-4.5,15.0,WARMUP
0.98,0.26,-22.0,-4.5,15.0,WARMUP
0.99,0.26,-22.0,-4.5,15.0,WARMUP
0.99,0.26,-22.0,-4.5,15.0,WARMUP
1.0,0.26,-22.0,-4.5,15.0,WARMUP
1.0,0.26,-22.0,-4.5,15.0,WARMUP
1.01,0.26,-22.0,-4.5,15.0,WARMUP
1.02,0.26,-22.0,-4.5,15.0,WARMUP
1.02,0.26,-22.0,-4.5,15.0,WARMUP
1.03,0.26,-22.0,-4.5,15.0,WARMUP
1.03,0.26,-22.0,-4.5,15.0,WARMUP
1.04,0.26,-22.0,-4.5,15.0,WARMUP
1.04,0.26,-22.0,-4.5,15.0,WARMUP
1.05,0.26,-22.0,-4.5,15.0,WARMUP
1.06,0.26,-22.0,-4.5,15.0,WARMUP
1.07,0.26,-22.0,-4.5,15.0,WARMUP
1.07,0.26,-22.0,-4.5,15.0,WARMUP
1.08,0.26,-22.0,-4.5,15.0,WARMUP
1.09,0.26,-22.0,-4.5,15.0,WARMUP
1.1,0.26,-22.0,-4.5,15.0,WARMUP
1.1,0.26,-22.0,-4.5,15.0,WARMUP
1.11,0.26,-22.0,-4.5,15.0,WARMUP
1.12,0.26,-22.0,-4.5,15.0,WARMUP
1.12,0.26,-22.0,-4.5,15.0,WARMUP
1.13,0.26,-22.0,-4.5,15.0,WARMUP
1.13,0.26,-22.0,-4.5,15.0,WARMUP
1.14,0.26,-22.0,-4.5,15.0,WARMUP
1.15,0.26,-22.0,-4.5,15.0,WARMUP
1.15,0.26,-22.0,-4.5,15.0,WARMUP
1.16,0.26,-22.0,-4.5,15.0,WARMUP
1.17,0.26,-22.0,-4.5,15.0,WARMUP
1.17,0.26,-22.0,-4.5,15.0,WARMUP
1.19,0.26,-22.0,-4.5,15.0,WARMUP
1.19,0.26,-22.0,-4.5,15.0,WARMUP
1.2,0.26,-22.0,-4.5,15.0,WARMUP
1.21,0.26,-22.0,-4.5,15.0,WARMUP
1.22,0.26,-22.0,-4.5,15.0,WARMUP
1.23,0.26,-22.0,-4.5,15.0,WARMUP
1.24,0.26,-22.0,-4.5,15.0,WARMUP
1.25,0.26,-22.0,-4.5,15.0,WARMUP
1.26,0.26,-22.0,-4.5,15.0,WARMUP
1.27,0.26,-22.0,-4.5,15.0,WARMUP
1.28,0.26,-22.0,-4.5,15.0,WARMUP
1.28,0.26,-22.0,-4.5,15.0,WARMUP
1.29,0.26,-22.0,-4.5,15.0,WARMUP
1.3,0.26,-22.0,-4.5,15.0,WARMUP
1.3,0.26,-22.0,-4.5,15.0,WARMUP
1.31,0.26,-22.0,-4.5,15.0,WARMUP
1.32,0.26,-22.0,-4.5,15.0,WARMUP
1.32,0.26,-22.0,-4.5,15.0,WARMUP
1.33,0.26,-22.0,-4.5,15.0,WARMUP
1.33,0.26,-22.0,-4.5,15.0,WARMUP
1.34,0.26,-22.0,-4.5,15.0,WARMUP
1.35,0.26,-22.0,-4.5,15.0,WARMUP
1.36,0.26,-22.0,-4.5,15.0,WARMUP
1.36,0.26,-22.0,-4.5,15.0,WARMUP
1.37,0.26,-22.0,-4.5,15.0,WARMUP
1.37,0.26,-22.0,-4.5,15.0,WARMUP
1.38,0.26,-22.0,-4.5,15.0,WARMUP
1.39,0.26,-22.0,-4.5,15.0,WARMUP
1.39,0.26,-22.0,-4.5,15.0,WARMUP
1.4,0.26,-22.0,-4.5,15.0,WARMUP
1.41,0.26,-22.0,-4.5,15.0,WARMUP
1.42,0.26,-22.0,-4.5,15.0,WARMUP
1.43,0.26,-22.0,-4.5,15.0,WARMUP
1.44,0.26,-22.0,-4.5,15.0,WARMUP
1.44,0.26,-22.0,-4.5,15.0,WARMUP
1.45,0.26,-22.0,-4.5,15.0,WARMUP
1.45,0.26,-22.0,-4.5,15.0,WARMUP
1.46,0.26,-22.0,-4.5,15.0,WARMUP
1.47,0.26,-22.0,-4.5,15.0,WARMUP
1.48,0.26,-22.0,-4.5,15.0,WARMUP
1.48,0.26,-22.0,-4.5,15.0,WARMUP
1.5,0.26,-22.0,-4.5,15.0,WARMUP
1.5,0.26,-22.0,-4.5,15.0,WARMUP
1.51,0.26,-22.0,-4.5,15.0,WARMUP
1.52,0.26,-22.0,-4.5,15.0,WARMUP
1.53,0.26,-22.0,-4.5,15.0,WARMUP
1.53,0.26,-22.0,-4.5,15.0,WARMUP
1.54,0.26,-22.0,-4.5,15.0,WARMUP
1.54,0.26,-22.0,-4.5,15.0,WARMUP
1.55,0.26,-22.0,-4.5,15.0,WARMUP
1.56,0.26,-22.0,-4.5,15.0,WARMUP
1.57,0.26,-22.0,-4.5,15.0,WARMUP
1.58,0.26,-22.0,-4.5,15.0,WARMUP
1.58,0.26,-22.0,-4.5,15.0,WARMUP
1.59,0.26,-22.0,-4.5,15.0,WARMUP
1.59,0.26,-22.0,-4.5,15.0,WARMUP
1.6,0.26,-22.0,-4.5,15.0,WARMUP
1.61,0.26,-22.0,-4.5,15.0,WARMUP
1.61,0.26,-22.0,-4.5,15.0,WARMUP
1.62,0.26,-22.0,-4.5,15.0,WARMUP
1.63,0.26,-22.0,-4.5,15.0,WARMUP
1.63,0.26,-22.0,-4.5,15.0,WARMUP
1.64,0.26,-22.0,-4.5,15.0,WARMUP
1.65,0.26,-22.0,-4.5,15.0,WARMUP
1.65,0.26,-22.0,-4.5,15.0,WARMUP
1.66,0.26,-22.0,-4.5,15.0,WARMUP
1.66,0.26,-22.0,-4.5,15.0,WARMUP
1.67,0.26,-22.0,-4.5,15.0,WARMUP
1.68,0.26,-22.0,-4.5,15.0,WARMUP
1.68,0.26,-22.0,-4.5,15.0,WARMUP
1.69,0.26,-22.0,-4.5,15.0,WARMUP
1.69,0.26,-22.0,-4.5,15.0,WARMUP
1.7,0.26,-22.0,-4.5,15.0,WARMUP
1.71,0.26,-22.0,-4.5,15.0,WARMUP
1.71,0.26,-22.0,-4.5,15.0,WARMUP
1.72,0.26,-22.0,-4.5,15.0,WARMUP
1.72,0.26,-22.0,-4.5,15.0,WARMUP
1.73,0.26,-22.0,-4.5,15.0,WARMUP
1.74,0.26,-22.0,-4.5,15.0,WARMUP
1.74,0.26,-22.0,-4.5,15.0,WARMUP
1.75,0.26,-22.0,-4.5,15.0,WARMUP
1.75,0.26,-22.0,-4.5,15.0,WARMUP
1.76,0.26,-22.0,-4.5,15.0,WARMUP
1.76,0.26,-22.0,-4.5,15.0,WARMUP
1.77,0.26,-22.0,-4.5,15.0,WARMUP
1.78,0.26,-22.0,-4.5,15.0,WARMUP
1.78,0.26,-22.0,-4.5,15.0,WARMUP
1.79,0.26,-22.0,-4.5,15.0,WARMUP
1.79,0.26,-22.0,-4.5,15.0,WARMUP
1.8,0.26,-22.0,-4.5,15.0,WARMUP
1.81,0.26,-22.0,-4.5,15.0,WARMUP
1.81,0.26,-22.0,-4.5,15.0,WARMUP
1.82,0.26,-22.0,-4.5,15.0,WARMUP
1.82,0.26,-22.0,-4.5,15.0,WARMUP
1.83,0.26,-22.0,-4.5,15.0,WARMUP
1.83,0.26,-22.0,-4.5,15.0,WARMUP
1.84,0.26,-22.0,-4.5,15.0,WARMUP
1.85,0.26,-22.0,-4.5,15.0,WARMUP
1.85,0.26,-22.0,-4.5,15.0,WARMUP
1.86,0.26,-22.0,-4.5,15.0,WARMUP
1.86,0.26,-22.0,-4.5,15.0,WARMUP
1.87,0.26,-22.0,-4.5,15.0,WARMUP
1.87,0.26,-22.0,-4.5,15.0,WARMUP
1.88,0.26,-22.0,-4.5,15.0,WARMUP
1.89,0.26,-22.0,-4.5,15.0,WARMUP
1.89,0.26,-22.0,-4.5,15.0,WARMUP
1.9,0.26,-22.0,-4.5,15.0,WARMUP
1.9,0.26,-22.0,-4.5,15.0,WARMUP
1.91,0.26,-22.0,-4.5,15.0,WARMUP
1.91,0.26,-22.0,-4.5,15.0,WARMUP
1.92,0.26,-22.0,-4.5,15.0,WARMUP
1.93,0.26,-22.0,-4.5,15.0,WARMUP
1.93,0.26,-22.0,-4.5,15.0,WARMUP
1.94,0.26,-22.0,-4.5,15.0,WARMUP
1.94,0.26,-22.0,-4.5,15.0,WARMUP
1.95,0.26,-22.0,-4.5,15.0,WARMUP
1.96,0.26,-22.0,-4.5,15.0,WARMUP
1.96,0.26,-22.0,-4.5,15.0,WARMUP
1.97,0.26,-22.0,-4.5,15.0,WARMUP
1.97,0.26,-22.0,-4.5,15.0,WARMUP
1.98,0.26,-22.0,-4.5,15.0,WARMUP
1.98,0.26,-22.0,-4.5,15.0,WARMUP
1.99,0.26,-22.0,-4.5,15.0,WARMUP
1.99,0.26,-22.0,-4.5,15.0,WARMUP
2.0,0.26,-22.0,-4.5,15.0,WARMUP
2.01,0.26,-22.0,-4.5,15.0,WARMUP
2.01,0.26,-22.0,-4.5,15.0,WARMUP
2.02,0.26,-22.0,-4.5,15.0,WARMUP
2.03,0.26,-22.0,-4.5,15.0,WARMUP
2.03,0.26,-22.0,-4.5,15.0,WARMUP
2.04,0.26,-22.0,-4.5,15.0,WARMUP
2.04,0.26,-22.0,-4.5,15.0,WARMUP
2.05,0.26,-22.0,-4.5,15.0,WARMUP
2.05,0.26,-22.0,-4.5,15.0,WARMUP
2.06,0.26,-22.0,-4.5,15.0,WARMUP
2.07,0.26,-22.0,-4.5,15.0,WARMUP
2.08,0.26,-22.0,-4.5,15.0,WARMUP
2.08,0.26,-22.0,-4.5,15.0,WARMUP
2.09,0.26,-22.0,-4.5,15.0,WARMUP
2.09,0.26,-22.0,-4.5,15.0,WARMUP
2.1,0.26,-22.0,-4.5,15.0,WARMUP
2.1,0.26,-22.0,-4.5,15.0,WARMUP
2.11,0.26,-22.0,-4.5,15.0,WARMUP
2.12,0.26,-22.0,-4.5,15.0,WARMUP
2.12,0.26,-22.0,-4.5,15.0,WARMUP
2.13,0.26,-22.0,-4.5,15.0,WARMUP
2.13,0.26,-22.0,-4.5,15.0,WARMUP
2.14,0.26,-22.0,-4.5,15.0,WARMUP
2.14,0.26,-22.0,-4.5,15.0,WARMUP
2.15,0.26,-22.0,-4.5,15.0,WARMUP
2.16,0.26,-22.0,-4.5,15.0,WARMUP
2.16,0.26,-22.0,-4.5,15.0,WARMUP
2.17,0.26,-22.0,-4.5,15.0,WARMUP
2.17,0.26,-22.0,-4.5,15.0,WARMUP
2.18,0.26,-22.0,-4.5,15.0,WARMUP
2.19,0.26,-22.0,-4.5,15.0,WARMUP
2.19,0.26,-22.0,-4.5,15.0,WARMUP
2.2,0.26,-22.0,-4.5,15.0,WARMUP
2.2,0.26,-22.0,-4.5,15.0,WARMUP
2.21,0.26,-22.0,-4.5,15.0,WARMUP
2.21,0.26,-22.0,-4.5,15.0,WARMUP
2.22,0.26,-22.0,-4.5,15.0,WARMUP
2.22,0.26,-22.0,-4.5,15.0,WARMUP
2.23,0.26,-22.0,-4.5,15.0,WARMUP
2.24,0.26,-22.0,-4.5,15.0,WARMUP
2.24,0.26,-22.0,-4.5,15.0,WARMUP
2.25,0.26,-22.0,-4.5,15.0,WARMUP
2.25,0.26,-22.0,-4.5,15.0,WARMUP
2.26,0.26,-22.0,-4.5,15.0,WARMUP
2.26,0.26,-22.0,-4.5,15.0,WARMUP
2.27,0.26,-22.0,-4.5,15.0,WARMUP
2.27,0.26,-22.0,-4.5,15.0,WARMUP
2.28,0.26,-22.0,-4.5,15.0,WARMUP
2.29,0.26,-22.0,-4.5,15.0,WARMUP
2.29,0.26,-22.0,-4.5,15.0,WARMUP
2.3,0.26,-22.0,-4.5,15.0,WARMUP
2.3,0.26,-22.0,-4.5,15.0,WARMUP
2.31,0.26,-22.0,-4.5,15.0,WARMUP
2.32,0.26,-22.0,-4.5,15.0,WARMUP
2.32,0.26,-22.0,-4.5,15.0,WARMUP
2.33,0.26,-22.0,-4.5,15.0,WARMUP
2.33,0.26,-22.0,-4.5,15.0,WARMUP
2.34,0.26,-22.0,-4.5,15.0,WARMUP
2.34,0.26,-22.0,-4.5,15.0,WARMUP
2.35,0.26,-22.0,-4.5,15.0,WARMUP
2.35,0.26,-22.0,-4.5,15.0,WARMUP
2.36,0.26,-22.0,-4.5,15.0,WARMUP
2.37,0.26,-22.0,-4.5,15.0,WARMUP
2.37,0.26,-22.0,-4.5,15.0,WARMUP
2.38,0.26,-22.0,-4.5,15.0,WARMUP
2.38,0.26,-22.0,-4.5,15.0,WARMUP
2.39,0.26,-22.0,-4.5,15.0,WARMUP
2.39,0.26,-22.0,-4.5,15.0,WARMUP
2.4,0.26,-22.0,-4.5,15.0,WARMUP
2.41,0.26,-22.0,-4.5,15.0,WARMUP
2.41,0.26,-22.0,-4.5,15.0,WARMUP
2.42,0.26,-22.0,-4.5,15.0,WARMUP
2.42,0.26,-22.0,-4.5,15.0,WARMUP
2.43,0.26,-22.0,-4.5,15.0,WARMUP
2.43,0.26,-22.0,-4.5,15.0,WARMUP
2.44,0.26,-22.0,-4.5,15.0,WARMUP
2.44,0.26,-22.0,-4.5,15.0,WARMUP
2.45,0.26,-22.0,-4.5,15.0,WARMUP
2.46,0.26,-22.0,-4.5,15.0,WARMUP
2.46,0.26,-22.0,-4.5,15.0,WARMUP
2.47,0.26,-22.0,-4.5,15.0,WARMUP
2.48,0.26,-22.0,-4.5,15.0,WARMUP
2.48,0.26,-22.0,-4.5,15.0,WARMUP
2.49,0.26,-22.0,-4.5,15.0,WARMUP
2.49,0.26,-22.0,-4.5,15.0,WARMUP
2.5,0.26,-22.0,-4.5,15.0,WARMUP
2.51,0.26,-22.0,-4.5,15.0,WARMUP
2.51,0.26,-22.0,-4.5,15.0,WARMUP
2.52,0.26,-22.0,-4.5,15.0,WARMUP
2.52,0.26,-22.0,-4.5,15.0,WARMUP
2.53,0.26,-22.0,-4.5,15.0,WARMUP
2.53,0.26,-22.0,-4.5,15.0,WARMUP
2.54,0.26,-22.0,-4.5,15.0,WARMUP
2.55,0.26,-22.0,-4.5,15.0,WARMUP
2.55,0.26,-22.0,-4.5,15.0,WARMUP
2.56,0.26,-22.0,-4.5,15.0,WARMUP
2.57,0.26,-22.0,-4.5,15.0,WARMUP
2.57,0.26,-22.0,-4.5,15.0,WARMUP
2.58,0.26,-22.0,-4.5,15.0,WARMUP
2.59,0.26,-22.0,-4.5,15.0,WARMUP
2.59,0.26,-22.0,-4.5,15.0,WARMUP
2.6,0.26,-22.0,-4.5,15.0,WARMUP
2.61,0.26,-22.0,-4.5,15.0,WARMUP
2.61,0.26,-22.0,-4.5,15.0,WARMUP
2.62,0.26,-22.0,-4.5,15.0,WARMUP
2.63,0.26,-22.0,-4.5,15.0,WARMUP
2.64,0.26,-22.0,-4.5,15.0,WARMUP
2.64,0.26,-22.0,-4.5,15.0,WARMUP
2.65,0.26,-22.0,-4.5,15.0,WARMUP
2.65,0.26,-22.0,-4.5,15.0,WARMUP
2.66,0.26,-22.0,-4.5,15.0,WARMUP
2.67,0.26,-22.0,-4.5,15.0,WARMUP
2.67,0.26,-22.0,-4.5,15.0,WARMUP
2.68,0.26,-22.0,-4.5,15.0,WARMUP
2.68,0.26,-22.0,-4.5,15.0,WARMUP
2.69,0.26,-22.0,-4.5,15.0,WARMUP
2.69,0.26,-22.0,-4.5,15.0,WARMUP
2.7,0.26,-22.0,-4.5,15.0,WARMUP
2.71,0.26,-22.0,-4.5,15.0,WARMUP
2.71,0.26,-22.0,-4.5,15.0,WARMUP
2.72,0.26,-22.0,-4.5,15.0,WARMUP
2.72,0.26,-22.0,-4.5,15.0,WARMUP
2.73,0.26,-22.0,-4.5,15.0,WARMUP
2.73,0.26,-22.0,-4.5,15.0,WARMUP
2.74,0.26,-22.0,-4.5,15.0,WARMUP
2.75,0.26,-22.0,-4.5,15.0,WARMUP
2.75,0.26,-22.0,-4.5,15.0,WARMUP
2.76,0.26,-22.0,-4.5,15.0,WARMUP
2.76,0.26,-22.0,-4.5,15.0,WARMUP
2.77,0.26,-22.0,-4.5,15.0,WARMUP
2.78,0.26,-22.0,-4.5,15.0,WARMUP
2.79,0.26,-22.0,-4.5,15.0,WARMUP
2.79,0.26,-22.0,-4.5,15.0,WARMUP
2.8,0.26,-22.0,-4.5,15.0,WARMUP
2.8,0.26,-22.0,-4.5,15.0,WARMUP
2.81,0.26,-22.0,-4.5,15.0,WARMUP
2.81,0.26,-22.0,-4.5,15.0,WARMUP
2.82,0.26,-22.0,-4.5,15.0,WARMUP
2.82,0.26,-22.0,-4.5,15.0,WARMUP
2.83,0.26,-22.0,-4.5,15.0,WARMUP
2.84,0.26,-22.0,-4.5,15.0,WARMUP
2.84,0.26,-22.0,-4.5,15.0,WARMUP
2.85,0.26,-22.0,-4.5,15.0,WARMUP
2.85,0.26,-22.0,-4.5,15.0,WARMUP
2.86,0.26,-22.0,-4.5,15.0,WARMUP
2.86,0.26,-22.0,-4.5,15.0,WARMUP
2.87,0.26,-22.0,-4.5,15.0,WARMUP
2.87,0.26,-22.0,-4.5,15.0,WARMUP
2.88,0.26,-22.0,-4.5,15.0,WARMUP
2.89,0.26,-22.0,-4.5,15.0,WARMUP
2.89,0.26,-22.0,-4.5,15.0,WARMUP
2.9,0.26,-22.0,-4.5,15.0,WARMUP
2.9,0.26,-22.0,-4.5,15.0,WARMUP
2.91,0.26,-22.0,-4.5,15.0,WARMUP
2.91,0.26,-22.0,-4.5,15.0,WARMUP
2.92,0.26,-22.0,-4.5,15.0,WARMUP
2.93,0.26,-22.0,-4.5,15.0,WARMUP
2.93,0.26,-22.0,-4.5,15.0,WARMUP
2.94,0.26,-22.0,-4.5,15.0,WARMUP
2.94,0.26,-22.0,-4.5,15.0,WARMUP
2.95,0.26,-22.0,-4.5,15.0,WARMUP
2.96,0.26,-22.0,-4.5,15.0,WARMUP
2.96,0.26,-22.0,-4.5,15.0,WARMUP
2.97,0.26,-22.0,-4.5,15.0,WARMUP
2.97,0.26,-22.0,-4.5,15.0,WARMUP
2.98,0.26,-22.0,-4.5,15.0,WARMUP
2.98,0.26,-22.0,-4.5,15.0,WARMUP
2.99,0.26,-22.0,-4.5,15.0,WARMUP
2.99,0.26,-22.0,-4.5,15.0,WARMUP
3.0,0.26,-22.0,-4.5,15.0,TAKEOFF
3.01,0.26,-22.0,-4.5,15.0,TAKEOFF
3.01,0.27,-22.0,-4.5,15.0,TAKEOFF
3.02,0.27,-22.0,-4.5,15.0,TAKEOFF
3.02,0.27,-22.0,-4.5,15.0,TAKEOFF
3.03,0.27,-22.0,-4.5,15.0,TAKEOFF
3.03,0.28,-22.0,-4.5,15.0,TAKEOFF
3.04,0.29,-22.0,-4.5,15.0,TAKEOFF
3.04,0.29,-22.0,-4.5,15.0,TAKEOFF
3.05,0.3,-22.0,-4.5,15.0,TAKEOFF
3.06,0.31,-22.0,-4.5,15.0,TAKEOFF
3.06,0.32,-22.0,-4.5,15.0,TAKEOFF
3.07,0.33,-22.0,-4.5,15.0,TAKEOFF
3.07,0.34,-22.0,-4.5,15.0,TAKEOFF
3.08,0.35,-22.0,-4.5,15.0,TAKEOFF
3.08,0.37,-22.0,-4.5,15.0,TAKEOFF
3.09,0.38,-22.0,-4.5,15.0,TAKEOFF
3.1,0.39,-22.0,-4.5,15.0,TAKEOFF
3.1,0.41,-22.0,-4.5,15.0,TAKEOFF
3.11,0.43,-22.0,-4.5,15.0,TAKEOFF
3.11,0.44,-22.0,-4.5,15.0,TAKEOFF
3.12,0.46,-22.0,-4.5,15.0,TAKEOFF
3.12,0.48,-22.0,-4.5,15.0,TAKEOFF
3.13,0.5,-22.0,-4.5,15.0,TAKEOFF
3.13,0.52,-22.0,-4.5,15.0,TAKEOFF
3.14,0.54,-22.0,-4.5,15.0,TAKEOFF
3.15,0.56,-22.0,-4.5,15.0,TAKEOFF
3.15,0.58,-22.0,-4.5,15.0,TAKEOFF
3.16,0.61,-22.0,-4.5,15.0,TAKEOFF
3.17,0.63,-22.0,-4.5,15.0,TAKEOFF
3.17,0.66,-22.0,-4.5,15.0,TAKEOFF
3.18,0.68,-22.0,-4.5,15.0,TAKEOFF
3.18,0.71,-22.0,-4.5,15.0,TAKEOFF
3.19,0.73,-22.0,-4.5,15.0,TAKEOFF
3.2,0.76,-22.0,-4.5,15.0,TAKEOFF
3.2,0.79,-22.0,-4.5,15.0,TAKEOFF
3.21,0.82,-22.0,-4.5,15.0,TAKEOFF
3.22,0.85,-22.0,-4.5,15.0,TAKEOFF
3.23,0.88,-22.0,-4.5,15.0,TAKEOFF
3.23,0.91,-22.0,-4.5,15.0,TAKEOFF
3.24,0.94,-22.0,-4.5,15.0,TAKEOFF
3.25,0.97,-22.0,-4.5,15.0,TAKEOFF
3.25,1.0,-22.0,-4.5,15.0,TAKEOFF
3.26,1.04,-22.0,-4.5,15.0,TAKEOFF
3.27,1.07,-22.0,-4.5,15.0,TAKEOFF
3.27,1.1,-22.0,-4.5,15.0,TAKEOFF
3.28,1.14,-22.0,-4.5,15.0,TAKEOFF
3.28,1.17,-22.0,-4.5,15.0,TAKEOFF
3.29,1.21,-22.0,-4.5,15.0,TAKEOFF
3.3,1.24,-22.0,-4.5,15.0,TAKEOFF
3.3,1.28,-22.0,-4.5,15.0,TAKEOFF
3.31,1.32,-22.0,-4.5,15.0,TAKEOFF
3.32,1.36,-22.0,-4.5,15.0,TAKEOFF
3.32,1.39,-22.0,-4.5,15.0,TAKEOFF
3.33,1.43,-22.0,-4.5,15.0,TAKEOFF
3.33,1.47,-22.0,-4.5,15.0,TAKEOFF
3.34,1.51,-22.0,-4.5,15.0,TAKEOFF
3.37,1.55,-22.0,-4.5,15.0,TAKEOFF
3.37,1.59,-22.0,-4.5,15.0,TAKEOFF
3.38,1.63,-22.0,-4.5,15.0,TAKEOFF
3.39,1.67,-22.0,-4.5,15.0,TAKEOFF
3.39,1.71,-22.0,-4.5,15.0,TAKEOFF
3.4,1.75,-22.0,-4.5,15.0,TAKEOFF
3.41,1.8,-22.0,-4.5,15.0,TAKEOFF
3.42,1.84,-22.0,-4.5,15.0,TAKEOFF
3.43,1.88,-22.0,-4.5,15.0,TAKEOFF
3.44,1.93,-22.0,-4.5,15.0,TAKEOFF
3.45,1.97,-22.0,-4.5,15.0,TAKEOFF
3.46,2.01,-22.0,-4.5,15.0,TAKEOFF
3.46,2.06,-22.0,-4.5,15.0,TAKEOFF
3.47,2.1,-22.0,-4.5,15.0,TAKEOFF
3.47,2.15,-22.0,-4.5,15.0,TAKEOFF
3.48,2.19,-22.0,-4.5,15.0,TAKEOFF
3.49,2.24,-22.0,-4.5,15.0,TAKEOFF
3.49,2.28,-22.0,-4.5,15.0,TAKEOFF
3.5,2.33,-22.0,-4.5,15.0,TAKEOFF
3.51,2.38,-22.0,-4.5,15.0,TAKEOFF
3.51,2.42,-22.0,-4.5,15.0,TAKEOFF
3.52,2.47,-22.0,-4.5,15.0,TAKEOFF
3.52,2.52,-22.0,-4.5,15.0,TAKEOFF
3.53,2.56,-22.0,-4.5,15.0,TAKEOFF
3.54,2.61,-22.0,-4.5,15.0,TAKEOFF
3.54,2.66,-22.0,-4.5,15.0,TAKEOFF
3.55,2.71,-22.0,-4.5,15.0,TAKEOFF
3.56,2.76,-22.0,-4.5,15.0,TAKEOFF
3.56,2.8,-22.0,-4.5,15.0,TAKEOFF
3.57,2.85,-22.0,-4.5,15.0,TAKEOFF
3.58,2.9,-22.0,-4.5,15.0,TAKEOFF
3.59,2.95,-22.0,-4.5,15.0,TAKEOFF
3.59,3.0,-22.0,-4.5,15.0,TAKEOFF
3.6,3.05,-22.0,-4.5,15.0,TAKEOFF
3.61,3.1,-22.0,-4.5,15.0,TAKEOFF
3.62,3.15,-22.0,-4.5,15.0,TAKEOFF
3.67,3.2,-22.0,-4.5,15.0,TAKEOFF
3.68,3.25,-22.0,-4.5,15.0,TAKEOFF
3.7,3.3,-22.0,-4.5,15.0,TAKEOFF
3.71,3.35,-22.0,-4.5,15.0,TAKEOFF
3.72,3.4,-22.0,-4.5,15.0,TAKEOFF
3.73,3.45,-22.0,-4.5,15.0,TAKEOFF
3.74,3.5,-22.0,-4.5,15.0,TAKEOFF
3.78,3.55,-22.0,-4.5,15.0,TAKEOFF
3.78,3.61,-22.0,-4.5,15.0,TAKEOFF
3.81,3.66,-22.0,-4.5,15.0,TAKEOFF
3.81,3.71,-22.0,-4.5,15.0,TAKEOFF
3.82,3.76,-22.0,-4.5,15.0,TAKEOFF
3.84,3.81,-22.0,-4.5,15.0,TAKEOFF
3.85,3.86,-22.0,-4.5,15.0,TAKEOFF
3.85,3.92,-22.0,-4.5,15.0,TAKEOFF
3.86,3.97,-22.0,-4.5,15.0,TAKEOFF
3.86,4.02,-22.0,-4.5,15.0,TAKEOFF
3.87,4.07,-22.0,-4.5,15.0,TAKEOFF
3.88,4.12,-22.0,-4.5,15.0,TAKEOFF
3.88,4.18,-22.0,-4.5,15.0,TAKEOFF
3.9,4.23,-22.0,-4.5,15.0,TAKEOFF
3.91,4.28,-22.0,-4.5,15.0,TAKEOFF
3.92,4.33,-22.0,-4.5,15.0,TAKEOFF
3.93,4.38,-22.0,-4.5,15.0,TAKEOFF
3.94,4.44,-22.0,-4.5,15.0,TAKEOFF
3.95,4.49,-22.0,-4.5,15.0,TAKEOFF
3.96,4.54,-22.0,-4.5,15.0,TAKEOFF
3.96,4.59,-22.0,-4.5,15.0,TAKEOFF
3.97,4.65,-22.0,-4.5,15.0,TAKEOFF
3.98,4.7,-22.0,-4.5,15.0,TAKEOFF
3.98,4.75,-22.0,-4.5,15.0,TAKEOFF
3.99,4.8,-22.0,-4.5,15.0,TAKEOFF
4.0,4.86,-22.0,-4.5,15.0,TAKEOFF
4.01,4.91,-22.0,-4.5,15.0,TAKEOFF
4.01,4.96,-22.0,-4.5,15.0,TAKEOFF
4.02,5.01,-22.0,-4.5,15.0,TAKEOFF
4.03,5.07,-22.0,-4.5,15.0,TAKEOFF
4.04,5.12,-22.0,-4.5,15.0,TAKEOFF
4.04,5.17,-22.0,-4.5,15.0,TAKEOFF
4.05,5.22,-22.0,-4.5,15.0,TAKEOFF
4.06,5.28,-22.0,-4.5,15.0,TAKEOFF
4.06,5.33,-22.0,-4.5,15.0,TAKEOFF
4.07,5.38,-22.0,-4.5,15.0,TAKEOFF
4.07,5.43,-22.0,-4.5,15.0,TAKEOFF
4.08,5.49,-22.0,-4.5,15.0,TAKEOFF
4.09,5.54,-22.0,-4.5,15.0,TAKEOFF
4.1,5.59,-22.0,-4.5,15.0,TAKEOFF
4.11,5.64,-22.0,-4.5,15.0,TAKEOFF
4.12,5.7,-22.0,-4.5,15.0,TAKEOFF
4.12,5.75,-22.0,-4.5,15.0,TAKEOFF
4.13,5.8,-22.0,-4.5,15.0,TAKEOFF
4.14,5.85,-22.0,-4.5,15.0,TAKEOFF
4.15,5.9,-22.0,-4.5,15.0,TAKEOFF
4.16,5.96,-22.0,-4.5,15.0,TAKEOFF
4.16,6.01,-22.0,-4.5,15.0,TAKEOFF
4.17,6.06,-22.0,-4.5,15.0,TAKEOFF
4.18,6.11,-22.0,-4.5,15.0,TAKEOFF
4.18,6.16,-22.0,-4.5,15.0,TAKEOFF
4.19,6.21,-22.0,-4.5,15.0,TAKEOFF
4.2,6.27,-22.0,-4.5,15.0,TAKEOFF
4.21,6.32,-22.0,-4.5,15.0,TAKEOFF
4.21,6.37,-22.0,-4.5,15.0,TAKEOFF
4.22,6.42,-22.0,-4.5,15.0,TAKEOFF
4.23,6.47,-22.0,-4.5,15.0,TAKEOFF
4.23,6.52,-22.0,-4.5,15.0,TAKEOFF
4.24,6.57,-22.0,-4.5,15.0,TAKEOFF
4.25,6.62,-22.0,-4.5,15.0,TAKEOFF
4.25,6.67,-22.0,-4.5,15.0,TAKEOFF
4.26,6.73,-22.0,-4.5,15.0,TAKEOFF
4.27,6.78,-22.0,-4.5,15.0,TAKEOFF
4.27,6.83,-22.0,-4.5,15.0,TAKEOFF
4.28,6.88,-22.0,-4.5,15.0,TAKEOFF
4.29,6.93,-22.0,-4.5,15.0,TAKEOFF
4.29,6.98,-22.0,-4.5,15.0,TAKEOFF
4.3,7.03,-22.0,-4.5,15.0,TAKEOFF
4.31,7.08,-22.0,-4.5,15.0,TAKEOFF
4.31,7.13,-22.0,-4.5,15.0,TAKEOFF
4.32,7.18,-22.0,-4.5,15.0,TAKEOFF
4.33,7.23,-22.0,-4.5,15.0,TAKEOFF
4.34,7.27,-22.0,-4.5,15.0,TAKEOFF
4.34,7.32,-22.0,-4.5,15.0,TAKEOFF
4.35,7.37,-22.0,-4.5,15.0,TAKEOFF
4.35,7.42,-22.0,-4.5,15.0,TAKEOFF
4.36,7.47,-22.0,-4.5,15.0,TAKEOFF
4.37,7.52,-22.0,-4.5,15.0,TAKEOFF
4.37,7.57,-22.0,-4.5,15.0,TAKEOFF
4.38,7.62,-22.0,-4.5,15.0,TAKEOFF
4.38,7.67,-22.0,-4.5,15.0,TAKEOFF
4.39,7.71,-22.0,-4.5,15.0,TAKEOFF
4.39,7.76,-22.0,-4.5,15.0,TAKEOFF
4.4,7.81,-22.0,-4.5,15.0,TAKEOFF
4.41,7.86,-22.0,-4.5,15.0,TAKEOFF
4.41,7.9,-22.0,-4.5,15.0,TAKEOFF
4.42,7.95,-22.0,-4.5,15.0,TAKEOFF
4.42,8.0,-22.0,-4.5,15.0,TAKEOFF
4.43,8.05,-22.0,-4.5,15.0,TAKEOFF
4.43,8.09,-22.0,-4.5,15.0,TAKEOFF
4.44,8.14,-22.0,-4.5,15.0,TAKEOFF
4.44,8.19,-22.0,-4.5,15.0,TAKEOFF
4.45,8.23,-22.0,-4.5,15.0,TAKEOFF
4.46,8.28,-22.0,-4.5,15.0,TAKEOFF
4.46,8.33,-22.0,-4.5,15.0,TAKEOFF
4.47,8.37,-22.0,-4.5,15.0,TAKEOFF
4.47,8.42,-22.0,-4.5,15.0,TAKEOFF
4.48,8.46,-22.0,-4.5,15.0,TAKEOFF
4.49,8.51,-22.0,-4.5,15.0,TAKEOFF
4.49,8.56,-22.0,-4.5,15.0,TAKEOFF
4.5,8.6,-22.0,-4.5,15.0,TAKEOFF
4.51,8.65,-22.0,-4.5,15.0,TAKEOFF
4.51,8.69,-22.0,-4.5,15.0,TAKEOFF
4.52,8.74,-22.0,-4.5,15.0,TAKEOFF
4.52,8.78,-22.0,-4.5,15.0,TAKEOFF
4.53,8.83,-22.0,-4.5,15.0,TAKEOFF
4.53,8.87,-22.0,-4.5,15.0,TAKEOFF
4.54,8.91,-22.0,-4.5,15.0,TAKEOFF
4.55,8.96,-22.0,-4.5,15.0,TAKEOFF
4.55,9.0,-22.0,-4.5,15.0,TAKEOFF
4.56,9.04,-22.0,-4.5,15.0,TAKEOFF
4.56,9.09,-22.0,-4.5,15.0,TAKEOFF
4.57,9.13,-22.0,-4.5,15.0,TAKEOFF
4.58,9.17,-22.0,-4.5,15.0,TAKEOFF
4.58,9.22,-22.0,-4.5,15.0,TAKEOFF
4.59,9.26,-22.0,-4.5,15.0,TAKEOFF
4.6,9.3,-22.0,-4.5,15.0,TAKEOFF
4.6,9.35,-22.0,-4.5,15.0,TAKEOFF
4.61,9.39,-22.0,-4.5,15.0,TAKEOFF
4.61,9.43,-22.0,-4.5,15.0,TAKEOFF
4.62,9.47,-22.0,-4.5,15.0,TAKEOFF
4.62,9.51,-22.0,-4.5,15.0,TAKEOFF
4.63,9.56,-22.0,-4.5,15.0,TAKEOFF
4.64,9.6,-22.0,-4.5,15.0,TAKEOFF
4.64,9.64,-22.0,-4.5,15.0,TAKEOFF
4.65,9.68,-22.0,-4.5,15.0,TAKEOFF
4.65,9.72,-22.0,-4.5,15.0,TAKEOFF
4.66,9.76,-22.0,-4.5,15.0,TAKEOFF
4.66,9.8,-22.0,-4.5,15.0,TAKEOFF
4.67,9.84,-22.0,-4.5,15.0,TAKEOFF
4.67,9.88,-22.0,-4.5,15.0,TAKEOFF
4.68,9.92,-22.0,-4.5,15.0,TAKEOFF
4.69,9.96,-22.0,-4.5,15.0,TAKEOFF
4.69,10.0,-22.0,-4.5,15.0,TAKEOFF
4.7,10.04,-22.0,-4.5,15.0,TAKEOFF
4.71,10.08,-22.0,-4.5,15.0,TAKEOFF
4.71,10.12,-22.0,-4.5,15.0,TAKEOFF
4.72,10.16,-22.0,-4.5,15.0,TAKEOFF
4.72,10.2,-22.0,-4.5,15.0,TAKEOFF
4.73,10.23,-22.0,-4.5,15.0,TAKEOFF
4.74,10.27,-22.0,-4.5,15.0,TAKEOFF
4.74,10.31,-22.0,-4.5,15.0,TAKEOFF
4.75,10.35,-22.0,-4.5,15.0,TAKEOFF
4.75,10.39,-22.0,-4.5,15.0,TAKEOFF
4.76,10.42,-22.0,-4.5,15.0,TAKEOFF
4.76,10.46,-22.0,-4.5,15.0,TAKEOFF
4.77,10.5,-22.0,-4.5,15.0,TAKEOFF
4.78,10.53,-22.0,-4.5,15.0,TAKEOFF
4.78,10.57,-22.0,-4.5,15.0,TAKEOFF
4.79,10.61,-22.0,-4.5,15.0,TAKEOFF
4.79,10.64,-22.0,-4.5,15.0,TAKEOFF
4.8,10.68,-22.0,-4.5,15.0,TAKEOFF
4.8,10.72,-22.0,-4.5,15.0,TAKEOFF
4.81,10.75,-22.0,-4.5,15.0,TAKEOFF
4.81,10.79,-22.0,-4.5,15.0,TAKEOFF
4.82,10.82,-22.0,-4.5,15.0,TAKEOFF
4.82,10.86,-22.0,-4.5,15.0,TAKEOFF
4.83,10.89,-22.0,-4.5,15.0,TAKEOFF
4.83,10.93,-22.0,-4.5,15.0,TAKEOFF
4.84,10.96,-22.0,-4.5,15.0,TAKEOFF
4.84,11.0,-22.0,-4.5,15.0,TAKEOFF
4.85,11.03,-22.0,-4.5,15.0,TAKEOFF
4.85,11.07,-22.0,-4.5,15.0,TAKEOFF
4.86,11.1,-22.0,-4.5,15.0,TAKEOFF
4.87,11.13,-22.0,-4.5,15.0,TAKEOFF
4.87,11.17,-22.0,-4.5,15.0,TAKEOFF
4.88,11.2,-22.0,-4.5,15.0,TAKEOFF
4.88,11.23,-22.0,-4.5,15.0,TAKEOFF
4.89,11.27,-22.0,-4.5,15.0,TAKEOFF
4.89,11.3,-22.0,-4.5,15.0,TAKEOFF
4.9,11.33,-22.0,-4.5,15.0,TAKEOFF
4.9,11.37,-22.0,-4.5,15.0,TAKEOFF
4.91,11.4,-22.0,-4.5,15.0,TAKEOFF
4.91,11.43,-22.0,-4.5,15.0,TAKEOFF
4.92,11.46,-22.0,-4.5,15.0,TAKEOFF
4.93,11.49,-22.0,-4.5,15.0,TAKEOFF
4.93,11.53,-22.0,-4.5,15.0,TAKEOFF
4.94,11.56,-22.0,-4.5,15.0,TAKEOFF
4.94,11.59,-22.0,-4.5,15.0,TAKEOFF
4.95,11.62,-22.0,-4.5,15.0,TAKEOFF
4.95,11.65,-22.0,-4.5,15.0,TAKEOFF
4.96,11.68,-22.0,-4.5,15.0,TAKEOFF
4.96,11.71,-22.0,-4.5,15.0,TAKEOFF
4.97,11.74,-22.0,-4.5,15.0,TAKEOFF
4.98,11.77,-22.0,-4.5,15.0,TAKEOFF
4.98,11.8,-22.0,-4.5,15.0,TAKEOFF
4.99,11.83,-22.0,-4.5,15.0,TAKEOFF
4.99,11.86,-22.0,-4.5,15.0,TAKEOFF
5.0,11.89,-22.0,-4.5,15.0,TAKEOFF
5.01,11.92,-22.0,-4.5,15.0,TAKEOFF
5.01,11.95,-22.0,-4.5,15.0,TAKEOFF
5.02,11.98,-22.0,-4.5,15.0,TAKEOFF
5.02,12.0,-22.0,-4.5,15.0,TAKEOFF
5.03,12.03,-22.0,-4.5,15.0,TAKEOFF
5.03,12.06,-22.0,-4.5,15.0,TAKEOFF
5.04,12.09,-22.0,-4.5,15.0,TAKEOFF
5.04,12.12,-22.0,-4.5,15.0,TAKEOFF
5.05,12.14,-22.0,-4.5,15.0,TAKEOFF
5.05,12.17,-22.0,-4.5,15.0,TAKEOFF
5.06,12.2,-22.0,-4.5,15.0,TAKEOFF
5.07,12.23,-22.0,-4.5,15.0,TAKEOFF
5.07,12.25,-22.0,-4.5,15.0,TAKEOFF
5.08,12.28,-22.0,-4.5,15.0,TAKEOFF
5.08,12.31,-22.0,-4.5,15.0,TAKEOFF
5.09,12.33,-22.0,-4.5,15.0,TAKEOFF
5.09,12.36,-22.0,-4.5,15.0,TAKEOFF
5.1,12.39,-22.0,-4.5,15.0,TAKEOFF
5.1,12.41,-22.0,-4.5,15.0,TAKEOFF
5.11,12.44,-22.0,-4.5,15.0,TAKEOFF
5.12,12.46,-22.0,-4.5,15.0,TAKEOFF
5.12,12.49,-22.0,-4.5,15.0,TAKEOFF
5.13,12.51,-22.0,-4.5,15.0,TAKEOFF
5.13,12.54,-22.0,-4.5,15.0,TAKEOFF
5.14,12.56,-22.0,-4.5,15.0,TAKEOFF
5.14,12.59,-22.0,-4.5,15.0,TAKEOFF
5.15,12.61,-22.0,-4.5,15.0,TAKEOFF
5.15,12.64,-22.0,-4.5,15.0,TAKEOFF
5.16,12.66,-22.0,-4.5,15.0,TAKEOFF
5.17,12.68,-22.0,-4.5,15.0,TAKEOFF
5.17,12.71,-22.0,-4.5,15.0,TAKEOFF
5.18,12.73,-22.0,-4.5,15.0,TAKEOFF
5.18,12.76,-22.0,-4.5,15.0,TAKEOFF
5.19,12.78,-22.0,-4.5,15.0,TAKEOFF
5.2,12.8,-22.0,-4.5,15.0,TAKEOFF
5.2,12.82,-22.0,-4.5,15.0,TAKEOFF
5.21,12.85,-22.0,-4.5,15.0,TAKEOFF
5.21,12.87,-22.0,-4.5,15.0,TAKEOFF
5.22,12.89,-22.0,-4.5,15.0,TAKEOFF
5.22,12.91,-22.0,-4.5,15.0,TAKEOFF
5.23,12.94,-22.0,-4.5,15.0,TAKEOFF
5.24,12.96,-22.0,-4.5,15.0,TAKEOFF
5.24,12.98,-22.0,-4.5,15.0,TAKEOFF
5.25,13.0,-22.0,-4.5,15.0,TAKEOFF
5.25,13.02,-22.0,-4.5,15.0,TAKEOFF
5.26,13.04,-22.0,-4.5,15.0,TAKEOFF
5.27,13.07,-22.0,-4.5,15.0,TAKEOFF
5.27,13.09,-22.0,-4.5,15.0,TAKEOFF
5.28,13.11,-22.0,-4.5,15.0,TAKEOFF
5.29,13.13,-22.0,-4.5,15.0,TAKEOFF
5.29,13.15,-22.0,-4.5,15.0,TAKEOFF
5.3,13.17,-22.0,-4.5,15.0,TAKEOFF
5.3,13.19,-22.0,-4.5,15.0,TAKEOFF
5.31,13.21,-22.0,-4.5,15.0,TAKEOFF
5.32,13.23,-22.0,-4.5,15.0,TAKEOFF
5.32,13.25,-22.0,-4.5,15.0,TAKEOFF
5.33,13.27,-22.0,-4.5,15.0,TAKEOFF
5.33,13.29,-22.0,-4.5,15.0,TAKEOFF
5.34,13.31,-22.0,-4.5,15.0,TAKEOFF
5.35,13.33,-22.0,-4.5,15.0,TAKEOFF
5.35,13.34,-22.0,-4.5,15.0,TAKEOFF
5.36,13.36,-22.0,-4.5,15.0,TAKEOFF
5.36,13.38,-22.0,-4.5,15.0,TAKEOFF
5.37,13.4,-22.0,-4.5,15.0,TAKEOFF
5.37,13.42,-22.0,-4.5,15.0,TAKEOFF
5.38,13.44,-22.0,-4.5,15.0,TAKEOFF
5.38,13.45,-22.0,-4.5,15.0,TAKEOFF
5.39,13.47,-22.0,-4.5,15.0,TAKEOFF
5.39,13.49,-22.0,-4.5,15.0,TAKEOFF
5.4,13.51,-22.0,-4.5,15.0,TAKEOFF
5.4,13.52,-22.0,-4.5,15.0,TAKEOFF
5.41,13.54,-22.0,-4.5,15.0,TAKEOFF
5.41,13.56,-22.0,-4.5,15.0,TAKEOFF
5.42,13.57,-22.0,-4.5,15.0,TAKEOFF
5.42,13.59,-22.0,-4.5,15.0,TAKEOFF
5.43,13.61,-22.0,-4.5,15.0,TAKEOFF
5.43,13.62,-22.0,-4.5,15.0,TAKEOFF
5.44,13.64,-22.0,-4.5,15.0,TAKEOFF
5.44,13.66,-22.0,-4.5,15.0,TAKEOFF
5.45,13.67,-22.0,-4.5,15.0,TAKEOFF
5.45,13.69,-22.0,-4.5,15.0,TAKEOFF
5.46,13.7,-22.0,-4.5,15.0,TAKEOFF
5.47,13.72,-22.0,-4.5,15.0,TAKEOFF
5.47,13.73,-22.0,-4.5,15.0,TAKEOFF
5.48,13.75,-22.0,-4.5,15.0,TAKEOFF
5.48,13.76,-22.0,-4.5,15.0,TAKEOFF
5.49,13.78,-22.0,-4.5,15.0,TAKEOFF
5.49,13.79,-22.0,-4.5,15.0,TAKEOFF
5.5,13.81,-22.0,-4.5,15.0,TAKEOFF
5.5,13.82,-22.0,-4.5,15.0,TAKEOFF
5.51,13.84,-22.0,-4.5,15.0,TAKEOFF
5.51,13.85,-22.0,-4.5,15.0,TAKEOFF
5.52,13.87,-22.0,-4.5,15.0,TAKEOFF
5.53,13.88,-22.0,-4.5,15.0,TAKEOFF
5.53,13.89,-22.0,-4.5,15.0,TAKEOFF
5.54,13.91,-22.0,-4.5,15.0,TAKEOFF
5.55,13.92,-22.0,-4.5,15.0,TAKEOFF
5.55,13.93,-22.0,-4.5,15.0,TAKEOFF
5.56,13.95,-22.0,-4.5,15.0,TAKEOFF
5.56,13.96,-22.0,-4.5,15.0,TAKEOFF
5.57,13.97,-22.0,-4.5,15.0,TAKEOFF
5.57,13.99,-22.0,-4.5,15.0,TAKEOFF
5.58,14.0,-22.0,-4.5,15.0,TAKEOFF
5.59,14.01,-22.0,-4.5,15.0,TAKEOFF
5.59,14.02,-22.0,-4.5,15.0,TAKEOFF
5.6,14.04,-22.0,-4.5,15.0,TAKEOFF
5.6,14.05,-22.0,-4.5,15.0,TAKEOFF
5.61,14.06,-22.0,-4.5,15.0,TAKEOFF
5.61,14.07,-22.0,-4.5,15.0,TAKEOFF
5.62,14.08,-22.0,-4.5,15.0,TAKEOFF
5.62,14.1,-22.0,-4.5,15.0,TAKEOFF
5.63,14.11,-22.0,-4.5,15.0,TAKEOFF
5.63,14.12,-22.0,-4.5,15.0,TAKEOFF
5.64,14.13,-22.0,-4.5,15.0,TAKEOFF
5.64,14.14,-22.0,-4.5,15.0,TAKEOFF
5.65,14.15,-22.0,-4.5,15.0,TAKEOFF
5.65,14.16,-22.0,-4.5,15.0,TAKEOFF
5.66,14.17,-22.0,-4.5,15.0,TAKEOFF
5.66,14.19,-22.0,-4.5,15.0,TAKEOFF
5.67,14.2,-22.0,-4.5,15.0,TAKEOFF
5.68,14.21,-22.0,-4.5,15.0,TAKEOFF
5.68,14.22,-22.0,-4.5,15.0,TAKEOFF
5.69,14.23,-22.0,-4.5,15.0,TAKEOFF
5.69,14.24,-22.0,-4.5,15.0,TAKEOFF
5.7,14.25,-22.0,-4.5,15.0,TAKEOFF
5.7,14.26,-22.0,-4.5,15.0,TAKEOFF
5.71,14.27,-22.0,-4.5,15.0,TAKEOFF
5.72,14.28,-22.0,-4.5,15.0,TAKEOFF
5.72,14.29,-22.0,-4.5,15.0,TAKEOFF
5.73,14.29,-22.0,-4.5,15.0,TAKEOFF
5.74,14.3,-22.0,-4.5,15.0,TAKEOFF
5.74,14.31,-22.0,-4.5,15.0,TAKEOFF
5.75,14.32,-22.0,-4.5,15.0,TAKEOFF
5.75,14.33,-22.0,-4.5,15.0,TAKEOFF
5.76,14.34,-22.0,-4.5,15.0,TAKEOFF
5.76,14.35,-22.0,-4.5,15.0,TAKEOFF
5.77,14.36,-22.0,-4.5,15.0,TAKEOFF
5.77,14.37,-22.0,-4.5,15.0,TAKEOFF
5.78,14.37,-22.0,-4.5,15.0,TAKEOFF
5.79,14.38,-22.0,-4.5,15.0,TAKEOFF
5.79,14.39,-22.0,-4.5,15.0,TAKEOFF
5.8,14.4,-22.0,-4.5,15.0,TAKEOFF
5.8,14.41,-22.0,-4.5,15.0,TAKEOFF
5.81,14.41,-22.0,-4.5,15.0,TAKEOFF
5.82,14.42,-22.0,-4.5,15.0,TAKEOFF
5.82,14.43,-22.0,-4.5,15.0,TAKEOFF
5.83,14.44,-22.0,-4.5,15.0,TAKEOFF
5.83,14.44,-22.0,-4.5,15.0,TAKEOFF
5.84,14.45,-22.0,-4.5,15.0,TAKEOFF
5.84,14.46,-22.0,-4.5,15.0,TAKEOFF
5.85,14.47,-22.0,-4.5,15.0,TAKEOFF
5.85,14.47,-22.0,-4.5,15.0,TAKEOFF
5.86,14.48,-22.0,-4.5,15.0,TAKEOFF
5.86,14.49,-22.0,-4.5,15.0,TAKEOFF
5.87,14.49,-22.0,-4.5,15.0,TAKEOFF
5.87,14.5,-22.0,-4.5,15.0,TAKEOFF
5.88,14.51,-22.0,-4.5,15.0,ROW1_FORWARD
5.89,14.51,-22.0,-4.5,15.0,ROW1_FORWARD
5.89,14.52,-22.0,-4.5,15.0,ROW1_FORWARD
5.9,14.52,-22.0,-4.5,15.0,ROW1_FORWARD
5.9,14.53,-22.0,-4.5,15.0,ROW1_FORWARD
5.91,14.54,-22.0,-4.5,15.0,ROW1_FORWARD
5.91,14.54,-22.0,-4.5,15.0,ROW1_FORWARD
5.92,14.55,-22.0,-4.5,15.0,ROW1_FORWARD
5.92,14.55,-22.0,-4.5,15.0,ROW1_FORWARD
5.93,14.56,-22.0,-4.5,15.0,ROW1_FORWARD
5.93,14.56,-22.0,-4.5,15.0,ROW1_FORWARD
5.94,14.57,-22.0,-4.5,15.0,ROW1_FORWARD
5.95,14.58,-22.0,-4.5,15.0,ROW1_FORWARD
5.95,14.58,-22.0,-4.5,15.0,ROW1_FORWARD
5.96,14.59,-22.0,-4.5,15.0,ROW1_FORWARD
5.96,14.59,-22.0,-4.5,15.0,ROW1_FORWARD
5.97,14.6,-22.0,-4.5,15.0,ROW1_FORWARD
5.97,14.6,-22.0,-4.5,15.0,ROW1_FORWARD
5.98,14.61,-22.0,-4.5,15.0,ROW1_FORWARD
5.98,14.61,-22.0,-4.5,15.0,ROW1_FORWARD
5.99,14.61,-22.0,-4.5,15.0,ROW1_FORWARD
5.99,14.62,-22.0,-4.5,15.0,ROW1_FORWARD
6.0,14.62,-22.0,-4.5,15.0,ROW1_FORWARD
6.01,14.63,-22.0,-4.5,15.0,ROW1_FORWARD
6.01,14.63,-22.0,-4.5,15.0,ROW1_FORWARD
6.02,14.64,-22.0,-4.5,15.0,ROW1_FORWARD
6.02,14.64,-22.0,-4.5,15.0,ROW1_FORWARD
6.03,14.64,-22.0,-4.5,15.0,ROW1_FORWARD
6.03,14.65,-22.0,-4.5,15.0,ROW1_FORWARD
6.04,14.65,-22.0,-4.5,15.0,ROW1_FORWARD
6.05,14.66,-22.0,-4.5,15.0,ROW1_FORWARD
6.05,14.66,-22.0,-4.5,15.0,ROW1_FORWARD
6.06,14.66,-22.0,-4.5,15.0,ROW1_FORWARD
6.06,14.67,-22.0,-4.5,15.0,ROW1_FORWARD
6.07,14.67,-22.0,-4.5,15.0,ROW1_FORWARD
6.07,14.67,-22.0,-4.5,15.0,ROW1_FORWARD
6.08,14.68,-22.0,-4.5,15.0,ROW1_FORWARD
6.08,14.68,-22.0,-4.5,15.0,ROW1_FORWARD
6.09,14.68,-22.0,-4.5,15.0,ROW1_FORWARD
6.09,14.69,-22.0,-4.5,15.0,ROW1_FORWARD
6.1,14.69,-22.0,-4.5,14.99,ROW1_FORWARD
6.1,14.69,-22.0,-4.5,14.99,ROW1_FORWARD
6.11,14.7,-22.0,-4.5,14.99,ROW1_FORWARD
6.12,14.7,-22.0,-4.5,14.99,ROW1_FORWARD
6.12,14.7,-22.0,-4.5,14.99,ROW1_FORWARD
6.13,14.7,-22.0,-4.5,14.99,ROW1_FORWARD
6.13,14.71,-22.0,-4.5,14.99,ROW1_FORWARD
6.14,14.71,-22.0,-4.5,14.99,ROW1_FORWARD
6.14,14.71,-22.0,-4.5,14.99,ROW1_FORWARD
6.15,14.71,-22.0,-4.5,14.99,ROW1_FORWARD
6.15,14.72,-22.0,-4.5,14.99,ROW1_FORWARD
6.16,14.72,-22.0,-4.5,14.99,ROW1_FORWARD
6.17,14.72,-22.0,-4.5,14.99,ROW1_FORWARD
6.17,14.72,-22.0,-4.5,14.99,ROW1_FORWARD
6.18,14.72,-22.0,-4.5,14.99,ROW1_FORWARD
6.18,14.73,-22.0,-4.5,14.99,ROW1_FORWARD
6.19,14.73,-22.0,-4.5,14.99,ROW1_FORWARD
6.19,14.73,-22.0,-4.5,14.99,ROW1_FORWARD
6.2,14.73,-22.0,-4.5,14.99,ROW1_FORWARD
6.21,14.73,-22.0,-4.5,14.99,ROW1_FORWARD
6.21,14.74,-22.0,-4.5,14.99,ROW1_FORWARD
6.22,14.74,-22.0,-4.5,14.99,ROW1_FORWARD
6.22,14.74,-22.0,-4.5,14.99,ROW1_FORWARD
6.23,14.74,-22.0,-4.5,14.99,ROW1_FORWARD
6.23,14.74,-22.0,-4.5,14.99,ROW1_FORWARD
6.24,14.74,-22.0,-4.5,14.99,ROW1_FORWARD
6.24,14.74,-22.0,-4.5,14.99,ROW1_FORWARD
6.25,14.75,-22.0,-4.5,14.99,ROW1_FORWARD
6.25,14.75,-22.0,-4.5,14.99,ROW1_FORWARD
6.26,14.75,-22.0,-4.5,14.99,ROW1_FORWARD
6.27,14.75,-22.0,-4.5,14.99,ROW1_FORWARD
6.27,14.75,-22.0,-4.5,14.99,ROW1_FORWARD
6.28,14.75,-22.0,-4.5,14.99,ROW1_FORWARD
6.28,14.75,-22.0,-4.5,14.99,ROW1_FORWARD
6.29,14.75,-22.0,-4.5,14.99,ROW1_FORWARD
6.3,14.75,-22.0,-4.5,14.99,ROW1_FORWARD
6.3,14.75,-22.0,-4.5,14.99,ROW1_FORWARD
6.31,14.75,-22.0,-4.5,14.99,ROW1_FORWARD
6.32,14.76,-22.0,-4.5,14.99,ROW1_FORWARD
6.32,14.76,-22.0,-4.5,14.99,ROW1_FORWARD
6.33,14.76,-22.0,-4.5,14.99,ROW1_FORWARD
6.33,14.76,-22.0,-4.5,14.99,ROW1_FORWARD
6.34,14.76,-22.0,-4.5,14.99,ROW1_FORWARD
6.35,14.76,-22.0,-4.5,14.99,ROW1_FORWARD
6.35,14.76,-22.0,-4.5,14.99,ROW1_FORWARD
6.36,14.76,-22.0,-4.5,14.99,ROW1_FORWARD
6.36,14.76,-22.0,-4.5,14.99,ROW1_FORWARD
6.37,14.76,-22.0,-4.5,14.99,ROW1_FORWARD
6.37,14.76,-22.0,-4.5,14.99,ROW1_FORWARD
6.38,14.76,-22.0,-4.5,14.99,ROW1_FORWARD
6.38,14.76,-22.0,-4.5,14.99,ROW1_FORWARD
6.39,14.76,-21.99,-4.5,14.99,ROW1_FORWARD
6.4,14.76,-21.99,-4.5,14.99,ROW1_FORWARD
6.4,14.76,-21.99,-4.5,14.99,ROW1_FORWARD
6.41,14.76,-21.99,-4.5,14.99,ROW1_FORWARD
6.41,14.76,-21.99,-4.5,14.99,ROW1_FORWARD
6.42,14.76,-21.99,-4.5,14.99,ROW1_FORWARD
6.42,14.76,-21.99,-4.5,14.99,ROW1_FORWARD
6.43,14.76,-21.99,-4.5,14.99,ROW1_FORWARD
6.43,14.76,-21.99,-4.5,14.99,ROW1_FORWARD
6.44,14.76,-21.99,-4.5,14.99,ROW1_FORWARD
6.44,14.76,-21.99,-4.5,14.99,ROW1_FORWARD
6.45,14.76,-21.99,-4.5,14.99,ROW1_FORWARD
6.46,14.75,-21.99,-4.5,14.99,ROW1_FORWARD
6.46,14.75,-21.99,-4.5,14.99,ROW1_FORWARD
6.47,14.75,-21.99,-4.5,14.99,ROW1_FORWARD
6.47,14.75,-21.99,-4.5,14.99,ROW1_FORWARD
6.48,14.75,-21.99,-4.5,14.99,ROW1_FORWARD
6.48,14.75,-21.99,-4.5,14.99,ROW1_FORWARD
6.49,14.75,-21.99,-4.5,14.99,ROW1_FORWARD
6.49,14.75,-21.99,-4.5,14.99,ROW1_FORWARD
6.5,14.75,-21.99,-4.5,14.99,ROW1_FORWARD
6.51,14.75,-21.99,-4.5,14.99,ROW1_FORWARD
6.51,14.75,-21.99,-4.5,14.99,ROW1_FORWARD
6.52,14.75,-21.99,-4.5,14.99,ROW1_FORWARD
6.52,14.75,-21.99,-4.5,14.99,ROW1_FORWARD
6.53,14.74,-21.99,-4.5,14.99,ROW1_FORWARD
6.53,14.74,-21.99,-4.5,14.99,ROW1_FORWARD
6.54,14.74,-21.99,-4.5,14.99,ROW1_FORWARD
6.54,14.74,-21.99,-4.5,14.99,ROW1_FORWARD
6.55,14.74,-21.99,-4.5,14.98,ROW1_FORWARD
6.56,14.74,-21.99,-4.5,14.98,ROW1_FORWARD
6.56,14.74,-21.99,-4.5,14.98,ROW1_FORWARD
6.57,14.74,-21.98,-4.5,14.98,ROW1_FORWARD
6.57,14.73,-21.98,-4.5,14.98,ROW1_FORWARD
6.58,14.73,-21.98,-4.5,14.98,ROW1_FORWARD
6.58,14.73,-21.98,-4.5,14.98,ROW1_FORWARD
6.59,14.73,-21.98,-4.5,14.98,ROW1_FORWARD
6.6,14.73,-21.98,-4.5,14.98,ROW1_FORWARD
6.6,14.73,-21.98,-4.5,14.98,ROW1_FORWARD
6.61,14.73,-21.98,-4.5,14.98,ROW1_FORWARD
6.61,14.72,-21.98,-4.5,14.98,ROW1_FORWARD
6.62,14.72,-21.98,-4.5,14.98,ROW1_FORWARD
6.62,14.72,-21.98,-4.5,14.98,ROW1_FORWARD
6.63,14.72,-21.98,-4.5,14.98,ROW1_FORWARD
6.63,14.72,-21.98,-4.5,14.98,ROW1_FORWARD
6.64,14.72,-21.98,-4.5,14.98,ROW1_FORWARD
6.64,14.71,-21.98,-4.5,14.98,ROW1_FORWARD
6.65,14.71,-21.98,-4.5,14.98,ROW1_FORWARD
6.66,14.71,-21.98,-4.5,14.98,ROW1_FORWARD
6.66,14.71,-21.98,-4.5,14.98,ROW1_FORWARD
6.67,14.71,-21.98,-4.5,14.98,ROW1_FORWARD
6.67,14.71,-21.98,-4.5,14.98,ROW1_FORWARD
6.68,14.7,-21.97,-4.5,14.98,ROW1_FORWARD
6.68,14.7,-21.97,-4.5,14.98,ROW1_FORWARD
6.69,14.7,-21.97,-4.5,14.98,ROW1_FORWARD
6.69,14.7,-21.97,-4.5,14.98,ROW1_FORWARD
6.7,14.7,-21.97,-4.5,14.98,ROW1_FORWARD
6.7,14.69,-21.97,-4.5,14.98,ROW1_FORWARD
6.71,14.69,-21.97,-4.5,14.98,ROW1_FORWARD
6.71,14.69,-21.97,-4.5,14.98,ROW1_FORWARD
6.72,14.69,-21.97,-4.5,14.98,ROW1_FORWARD
6.73,14.69,-21.97,-4.5,14.98,ROW1_FORWARD
6.74,14.68,-21.97,-4.5,14.98,ROW1_FORWARD
6.74,14.68,-21.97,-4.5,14.98,ROW1_FORWARD
6.75,14.68,-21.97,-4.5,14.98,ROW1_FORWARD
6.75,14.68,-21.97,-4.5,14.98,ROW1_FORWARD
6.76,14.68,-21.97,-4.5,14.98,ROW1_FORWARD
6.76,14.67,-21.96,-4.5,14.98,ROW1_FORWARD
6.77,14.67,-21.96,-4.5,14.98,ROW1_FORWARD
6.78,14.67,-21.96,-4.5,14.98,ROW1_FORWARD
6.78,14.67,-21.96,-4.5,14.98,ROW1_FORWARD
6.79,14.67,-21.96,-4.5,14.98,ROW1_FORWARD
6.79,14.66,-21.96,-4.5,14.98,ROW1_FORWARD
6.8,14.66,-21.96,-4.5,14.98,ROW1_FORWARD
6.81,14.66,-21.96,-4.5,14.98,ROW1_FORWARD
6.81,14.66,-21.96,-4.5,14.98,ROW1_FORWARD
6.82,14.65,-21.96,-4.5,14.98,ROW1_FORWARD
6.82,14.65,-21.96,-4.5,14.98,ROW1_FORWARD
6.83,14.65,-21.96,-4.5,14.98,ROW1_FORWARD
6.83,14.65,-21.96,-4.5,14.98,ROW1_FORWARD
6.84,14.64,-21.95,-4.5,14.98,ROW1_FORWARD
6.85,14.64,-21.95,-4.5,14.98,ROW1_FORWARD
6.85,14.64,-21.95,-4.5,14.98,ROW1_FORWARD
6.86,14.64,-21.95,-4.5,14.98,ROW1_FORWARD
6.86,14.64,-21.95,-4.5,14.98,ROW1_FORWARD
6.87,14.63,-21.95,-4.5,14.98,ROW1_FORWARD
6.88,14.63,-21.95,-4.5,14.98,ROW1_FORWARD
6.88,14.63,-21.95,-4.5,14.98,ROW1_FORWARD
6.89,14.63,-21.95,-4.5,14.98,ROW1_FORWARD
6.89,14.62,-21.95,-4.5,14.98,ROW1_FORWARD
6.9,14.62,-21.94,-4.5,14.98,ROW1_FORWARD
6.9,14.62,-21.94,-4.5,14.98,ROW1_FORWARD
6.91,14.62,-21.94,-4.5,14.98,ROW1_FORWARD
6.91,14.61,-21.94,-4.5,14.98,ROW1_FORWARD
6.92,14.61,-21.94,-4.5,14.98,ROW1_FORWARD
6.92,14.61,-21.94,-4.5,14.98,ROW1_FORWARD
6.93,14.61,-21.94,-4.5,14.98,ROW1_FORWARD
6.94,14.6,-21.94,-4.5,14.98,ROW1_FORWARD
6.94,14.6,-21.94,-4.5,14.98,ROW1_FORWARD
6.95,14.6,-21.94,-4.5,14.98,ROW1_FORWARD
6.95,14.6,-21.93,-4.5,14.98,ROW1_FORWARD
6.96,14.59,-21.93,-4.5,14.98,ROW1_FORWARD
6.96,14.59,-21.93,-4.5,14.98,ROW1_FORWARD
6.97,14.59,-21.93,-4.5,14.98,ROW1_FORWARD
6.97,14.59,-21.93,-4.5,14.98,ROW1_FORWARD
6.98,14.58,-21.93,-4.5,14.98,ROW1_FORWARD
6.98,14.58,-21.93,-4.5,14.98,ROW1_FORWARD
6.99,14.58,-21.93,-4.5,14.98,ROW1_FORWARD
6.99,14.57,-21.93,-4.5,14.98,ROW1_FORWARD
7.0,14.57,-21.92,-4.5,14.97,ROW1_FORWARD
7.01,14.57,-21.92,-4.5,14.97,ROW1_FORWARD
7.01,14.57,-21.92,-4.5,14.97,ROW1_FORWARD
7.02,14.56,-21.92,-4.5,14.97,ROW1_FORWARD
7.02,14.56,-21.92,-4.5,14.97,ROW1_FORWARD
7.03,14.56,-21.92,-4.5,14.97,ROW1_FORWARD
7.04,14.56,-21.92,-4.5,14.97,ROW1_FORWARD
7.04,14.55,-21.92,-4.5,14.97,ROW1_FORWARD
7.05,14.55,-21.91,-4.5,14.97,ROW1_FORWARD
7.05,14.55,-21.91,-4.5,14.97,ROW1_FORWARD
7.06,14.55,-21.91,-4.5,14.97,ROW1_FORWARD
7.06,14.54,-21.91,-4.5,14.97,ROW1_FORWARD
7.07,14.54,-21.91,-4.5,14.97,ROW1_FORWARD
7.08,14.54,-21.91,-4.5,14.97,ROW1_FORWARD
7.08,14.54,-21.91,-4.5,14.97,ROW1_FORWARD
7.09,14.53,-21.9,-4.5,14.97,ROW1_FORWARD
7.09,14.53,-21.9,-4.5,14.97,ROW1_FORWARD
7.1,14.53,-21.9,-4.5,14.97,ROW1_FORWARD
7.11,14.52,-21.9,-4.5,14.97,ROW1_FORWARD
7.11,14.52,-21.9,-4.5,14.97,ROW1_FORWARD
7.12,14.52,-21.9,-4.5,14.97,ROW1_FORWARD
7.12,14.52,-21.9,-4.5,14.97,ROW1_FORWARD
7.13,14.51,-21.89,-4.5,14.97,ROW1_FORWARD
7.13,14.51,-21.89,-4.5,14.97,ROW1_FORWARD
7.14,14.51,-21.89,-4.5,14.97,ROW1_FORWARD
7.14,14.51,-21.89,-4.5,14.97,ROW1_FORWARD
7.15,14.5,-21.89,-4.5,14.97,ROW1_FORWARD
7.16,14.5,-21.89,-4.5,14.97,ROW1_FORWARD
7.16,14.5,-21.88,-4.5,14.97,ROW1_FORWARD
7.17,14.49,-21.88,-4.5,14.97,ROW1_FORWARD
7.17,14.49,-21.88,-4.5,14.97,ROW1_FORWARD
7.18,14.49,-21.88,-4.5,14.97,ROW1_FORWARD
7.18,14.49,-21.88,-4.5,14.97,ROW1_FORWARD
7.19,14.48,-21.88,-4.5,14.97,ROW1_FORWARD
7.19,14.48,-21.87,-4.5,14.97,ROW1_FORWARD
7.2,14.48,-21.87,-4.5,14.97,ROW1_FORWARD
7.2,14.48,-21.87,-4.5,14.97,ROW1_FORWARD
7.21,14.47,-21.87,-4.5,14.97,ROW1_FORWARD
7.21,14.47,-21.87,-4.5,14.97,ROW1_FORWARD
7.22,14.47,-21.87,-4.5,14.97,ROW1_FORWARD
7.22,14.47,-21.86,-4.5,14.97,ROW1_FORWARD
7.23,14.46,-21.86,-4.5,14.97,ROW1_FORWARD
7.24,14.46,-21.86,-4.5,14.97,ROW1_FORWARD
7.24,14.46,-21.86,-4.5,14.97,ROW1_FORWARD
7.25,14.45,-21.86,-4.5,14.97,ROW1_FORWARD
7.25,14.45,-21.86,-4.5,14.97,ROW1_FORWARD
7.26,14.45,-21.85,-4.5,14.97,ROW1_FORWARD
7.26,14.45,-21.85,-4.5,14.97,ROW1_FORWARD
7.27,14.44,-21.85,-4.5,14.97,ROW1_FORWARD
7.27,14.44,-21.85,-4.5,14.97,ROW1_FORWARD
7.28,14.44,-21.85,-4.5,14.97,ROW1_FORWARD
7.28,14.44,-21.84,-4.5,14.97,ROW1_FORWARD
7.29,14.43,-21.84,-4.5,14.97,ROW1_FORWARD
7.29,14.43,-21.84,-4.5,14.97,ROW1_FORWARD
7.3,14.43,-21.84,-4.5,14.97,ROW1_FORWARD
7.31,14.43,-21.84,-4.5,14.97,ROW1_FORWARD
7.31,14.42,-21.83,-4.5,14.97,ROW1_FORWARD
7.32,14.42,-21.83,-4.5,14.97,ROW1_FORWARD
7.32,14.42,-21.83,-4.5,14.97,ROW1_FORWARD
7.33,14.42,-21.83,-4.5,14.97,ROW1_FORWARD
7.33,14.41,-21.83,-4.5,14.97,ROW1_FORWARD
7.34,14.41,-21.82,-4.5,14.97,ROW1_FORWARD
7.34,14.41,-21.82,-4.5,14.97,ROW1_FORWARD
7.35,14.41,-21.82,-4.5,14.97,ROW1_FORWARD
7.35,14.4,-21.82,-4.5,14.97,ROW1_FORWARD
7.36,14.4,-21.82,-4.5,14.97,ROW1_FORWARD
7.37,14.4,-21.81,-4.5,14.97,ROW1_FORWARD
7.37,14.39,-21.81,-4.5,14.97,ROW1_FORWARD
7.38,14.39,-21.81,-4.5,14.97,ROW1_FORWARD
7.38,14.39,-21.81,-4.5,14.97,ROW1_FORWARD
7.39,14.39,-21.8,-4.5,14.97,ROW1_FORWARD
7.4,14.38,-21.8,-4.5,14.97,ROW1_FORWARD
7.4,14.38,-21.8,-4.5,14.97,ROW1_FORWARD
7.41,14.38,-21.8,-4.5,14.97,ROW1_FORWARD
7.41,14.38,-21.8,-4.5,14.97,ROW1_FORWARD
7.42,14.37,-21.79,-4.5,14.97,ROW1_FORWARD
7.42,14.37,-21.79,-4.5,14.97,ROW1_FORWARD
7.43,14.37,-21.79,-4.5,14.97,ROW1_FORWARD
7.43,14.37,-21.79,-4.5,14.97,ROW1_FORWARD
7.44,14.37,-21.78,-4.5,14.97,ROW1_FORWARD
7.45,14.36,-21.78,-4.5,14.96,ROW1_FORWARD
7.45,14.36,-21.78,-4.5,14.96,ROW1_FORWARD
7.46,14.36,-21.78,-4.5,14.96,ROW1_FORWARD
7.47,14.36,-21.77,-4.5,14.96,ROW1_FORWARD
7.47,14.35,-21.77,-4.5,14.96,ROW1_FORWARD
7.48,14.35,-21.77,-4.5,14.96,ROW1_FORWARD
7.48,14.35,-21.77,-4.5,14.96,ROW1_FORWARD
7.49,14.35,-21.76,-4.5,14.96,ROW1_FORWARD
7.49,14.34,-21.76,-4.5,14.96,ROW1_FORWARD
7.5,14.34,-21.76,-4.5,14.96,ROW1_FORWARD
7.5,14.34,-21.76,-4.5,14.96,ROW1_FORWARD
7.51,14.34,-21.75,-4.5,14.96,ROW1_FORWARD
7.52,14.33,-21.75,-4.5,14.96,ROW1_FORWARD
7.52,14.33,-21.75,-4.5,14.96,ROW1_FORWARD
7.53,14.33,-21.75,-4.5,14.96,ROW1_FORWARD
7.53,14.33,-21.74,-4.5,14.96,ROW1_FORWARD
7.54,14.32,-21.74,-4.5,14.96,ROW1_FORWARD
7.55,14.32,-21.74,-4.5,14.96,ROW1_FORWARD
7.55,14.32,-21.74,-4.5,14.96,ROW1_FORWARD
7.56,14.32,-21.73,-4.5,14.96,ROW1_FORWARD
7.56,14.32,-21.73,-4.5,14.96,ROW1_FORWARD
7.57,14.31,-21.73,-4.5,14.96,ROW1_FORWARD
7.57,14.31,-21.73,-4.5,14.96,ROW1_FORWARD
7.58,14.31,-21.72,-4.5,14.96,ROW1_FORWARD
7.59,14.31,-21.72,-4.5,14.96,ROW1_FORWARD
7.59,14.3,-21.72,-4.5,14.96,ROW1_FORWARD
7.6,14.3,-21.71,-4.5,14.96,ROW1_FORWARD
7.61,14.3,-21.71,-4.5,14.96,ROW1_FORWARD
7.61,14.3,-21.71,-4.5,14.96,ROW1_FORWARD
7.62,14.3,-21.71,-4.5,14.96,ROW1_FORWARD
7.63,14.29,-21.7,-4.5,14.96,ROW1_FORWARD
7.64,14.29,-21.7,-4.5,14.96,ROW1_FORWARD
7.64,14.29,-21.7,-4.5,14.96,ROW1_FORWARD
7.65,14.29,-21.69,-4.5,14.96,ROW1_FORWARD
7.65,14.28,-21.69,-4.5,14.96,ROW1_FORWARD
7.66,14.28,-21.69,-4.5,14.96,ROW1_FORWARD
7.66,14.28,-21.69,-4.5,14.96,ROW1_FORWARD
7.67,14.28,-21.68,-4.5,14.96,ROW1_FORWARD
7.68,14.28,-21.68,-4.5,14.96,ROW1_FORWARD
7.69,14.27,-21.68,-4.5,14.96,ROW1_FORWARD
7.69,14.27,-21.67,-4.5,14.96,ROW1_FORWARD
7.7,14.27,-21.67,-4.5,14.96,ROW1_FORWARD
7.7,14.27,-21.67,-4.5,14.96,ROW1_FORWARD
7.71,14.27,-21.66,-4.5,14.96,ROW1_FORWARD
7.71,14.26,-21.66,-4.5,14.96,ROW1_FORWARD
7.72,14.26,-21.66,-4.5,14.96,ROW1_FORWARD
7.73,14.26,-21.66,-4.5,14.96,ROW1_FORWARD
7.73,14.26,-21.65,-4.5,14.96,ROW1_FORWARD
7.74,14.26,-21.65,-4.5,14.96,ROW1_FORWARD
7.74,14.25,-21.65,-4.5,14.96,ROW1_FORWARD
7.75,14.25,-21.64,-4.5,14.96,ROW1_FORWARD
7.76,14.25,-21.64,-4.5,14.96,ROW1_FORWARD
7.76,14.25,-21.64,-4.5,14.96,ROW1_FORWARD
7.77,14.25,-21.63,-4.5,14.96,ROW1_FORWARD
7.78,14.24,-21.63,-4.5,14.96,ROW1_FORWARD
7.79,14.24,-21.63,-4.5,14.96,ROW1_FORWARD
7.79,14.24,-21.62,-4.5,14.96,ROW1_FORWARD
7.8,14.24,-21.62,-4.5,14.96,ROW1_FORWARD
7.81,14.24,-21.62,-4.5,14.96,ROW1_FORWARD
7.81,14.23,-21.61,-4.5,14.96,ROW1_FORWARD
7.82,14.23,-21.61,-4.5,14.96,ROW1_FORWARD
7.82,14.23,-21.61,-4.5,14.96,ROW1_FORWARD
7.83,14.23,-21.6,-4.5,14.96,ROW1_FORWARD
7.83,14.23,-21.6,-4.5,14.96,ROW1_FORWARD
7.84,14.22,-21.6,-4.5,14.96,ROW1_FORWARD
7.85,14.22,-21.59,-4.5,14.96,ROW1_FORWARD
7.85,14.22,-21.59,-4.5,14.96,ROW1_FORWARD
7.86,14.22,-21.59,-4.5,14.96,ROW1_FORWARD
7.86,14.22,-21.58,-4.5,14.96,ROW1_FORWARD
7.87,14.22,-21.58,-4.5,14.96,ROW1_FORWARD
7.87,14.21,-21.58,-4.5,14.96,ROW1_FORWARD
7.88,14.21,-21.57,-4.5,14.96,ROW1_FORWARD
7.88,14.21,-21.57,-4.5,14.96,ROW1_FORWARD
7.89,14.21,-21.56,-4.5,14.96,ROW1_FORWARD
7.89,14.21,-21.56,-4.5,14.96,ROW1_FORWARD
7.9,14.21,-21.56,-4.5,14.96,ROW1_FORWARD
7.91,14.2,-21.55,-4.5,14.96,ROW1_FORWARD
7.91,14.2,-21.55,-4.5,14.96,ROW1_FORWARD
7.92,14.2,-21.55,-4.5,14.96,ROW1_FORWARD
7.92,14.2,-21.54,-4.5,14.96,ROW1_FORWARD
7.93,14.2,-21.54,-4.5,14.95,ROW1_FORWARD
7.94,14.2,-21.54,-4.5,14.95,ROW1_FORWARD
7.94,14.19,-21.53,-4.5,14.95,ROW1_FORWARD
7.95,14.19,-21.53,-4.5,14.95,ROW1_FORWARD
7.96,14.19,-21.52,-4.5,14.95,ROW1_FORWARD
7.96,14.19,-21.52,-4.5,14.95,ROW1_FORWARD
7.97,14.19,-21.52,-4.5,14.95,ROW1_FORWARD
7.98,14.19,-21.51,-4.5,14.95,ROW1_FORWARD
7.98,14.18,-21.51,-4.5,14.95,ROW1_FORWARD
7.99,14.18,-21.5,-4.5,14.95,ROW1_FORWARD
7.99,14.18,-21.5,-4.5,14.95,ROW1_FORWARD
8.0,14.18,-21.5,-4.5,14.95,ROW1_FORWARD
8.0,14.18,-21.49,-4.5,14.95,ROW1_FORWARD
8.01,14.18,-21.49,-4.5,14.95,ROW1_FORWARD
8.02,14.18,-21.48,-4.5,14.95,ROW1_FORWARD
8.02,14.17,-21.48,-4.5,14.95,ROW1_FORWARD
8.03,14.17,-21.48,-4.5,14.95,ROW1_FORWARD
8.05,14.17,-21.47,-4.5,14.95,ROW1_FORWARD
8.05,14.17,-21.47,-4.5,14.95,ROW1_FORWARD
8.06,14.17,-21.46,-4.5,14.95,ROW1_FORWARD
8.07,14.17,-21.46,-4.5,14.95,ROW1_FORWARD
8.07,14.16,-21.46,-4.5,14.95,ROW1_FORWARD
8.08,14.16,-21.45,-4.5,14.95,ROW1_FORWARD
8.08,14.16,-21.45,-4.5,14.95,ROW1_FORWARD
8.09,14.16,-21.44,-4.5,14.95,ROW1_FORWARD
8.1,14.16,-21.44,-4.5,14.95,ROW1_FORWARD
8.1,14.16,-21.44,-4.5,14.95,ROW1_FORWARD
8.11,14.16,-21.43,-4.5,14.95,ROW1_FORWARD
8.12,14.16,-21.43,-4.5,14.95,ROW1_FORWARD
8.13,14.15,-21.42,-4.5,14.95,ROW1_FORWARD
8.14,14.15,-21.42,-4.5,14.95,ROW1_FORWARD
8.14,14.15,-21.41,-4.5,14.95,ROW1_FORWARD
8.15,14.15,-21.41,-4.5,14.95,ROW1_FORWARD
8.15,14.15,-21.41,-4.5,14.95,ROW1_FORWARD
8.16,14.15,-21.4,-4.5,14.95,ROW1_FORWARD
8.17,14.15,-21.4,-4.5,14.95,ROW1_FORWARD
8.17,14.14,-21.39,-4.5,14.95,ROW1_FORWARD
8.18,14.14,-21.39,-4.5,14.95,ROW1_FORWARD
8.18,14.14,-21.38,-4.5,14.95,ROW1_FORWARD
8.19,14.14,-21.38,-4.5,14.95,ROW1_FORWARD
8.19,14.14,-21.38,-4.5,14.95,ROW1_FORWARD
8.2,14.14,-21.37,-4.5,14.95,ROW1_FORWARD
8.2,14.14,-21.37,-4.5,14.95,ROW1_FORWARD
8.21,14.14,-21.36,-4.5,14.95,ROW1_FORWARD
8.22,14.14,-21.36,-4.5,14.95,ROW1_FORWARD
8.22,14.13,-21.35,-4.5,14.95,ROW1_FORWARD
8.23,14.13,-21.35,-4.5,14.95,ROW1_FORWARD
8.23,14.13,-21.34,-4.5,14.95,ROW1_FORWARD
8.24,14.13,-21.34,-4.5,14.95,ROW1_FORWARD
8.24,14.13,-21.34,-4.5,14.95,ROW1_FORWARD
8.25,14.13,-21.33,-4.5,14.95,ROW1_FORWARD
8.25,14.13,-21.33,-4.5,14.95,ROW1_FORWARD
8.26,14.13,-21.32,-4.5,14.95,ROW1_FORWARD
8.26,14.13,-21.32,-4.5,14.95,ROW1_FORWARD
8.27,14.12,-21.31,-4.5,14.95,ROW1_FORWARD
8.28,14.12,-21.31,-4.5,14.95,ROW1_FORWARD
8.28,14.12,-21.3,-4.5,14.95,ROW1_FORWARD
8.29,14.12,-21.3,-4.5,14.95,ROW1_FORWARD
8.3,14.12,-21.29,-4.5,14.95,ROW1_FORWARD
8.3,14.12,-21.29,-4.5,14.95,ROW1_FORWARD
8.31,14.12,-21.28,-4.5,14.95,ROW1_FORWARD
8.32,14.12,-21.28,-4.5,14.95,ROW1_FORWARD
8.32,14.12,-21.27,-4.5,14.95,ROW1_FORWARD
8.33,14.11,-21.27,-4.5,14.95,ROW1_FORWARD
8.33,14.11,-21.26,-4.5,14.95,ROW1_FORWARD
8.34,14.11,-21.26,-4.5,14.95,ROW1_FORWARD
8.34,14.11,-21.25,-4.5,14.95,ROW1_FORWARD
8.35,14.11,-21.25,-4.5,14.95,ROW1_FORWARD
8.35,14.11,-21.24,-4.5,14.95,ROW1_FORWARD
8.36,14.11,-21.24,-4.5,14.95,ROW1_FORWARD
8.37,14.11,-21.23,-4.5,14.95,ROW1_FORWARD
8.37,14.11,-21.23,-4.5,14.95,ROW1_FORWARD
8.38,14.11,-21.23,-4.5,14.95,ROW1_FORWARD
8.39,14.11,-21.22,-4.5,14.95,ROW1_FORWARD
8.4,14.1,-21.22,-4.5,14.95,ROW1_FORWARD
8.4,14.1,-21.21,-4.5,14.95,ROW1_FORWARD
8.41,14.1,-21.2,-4.5,14.95,ROW1_FORWARD
8.41,14.1,-21.2,-4.5,14.95,ROW1_FORWARD
8.42,14.1,-21.19,-4.5,14.95,ROW1_FORWARD
8.42,14.1,-21.19,-4.5,14.95,ROW1_FORWARD
8.43,14.1,-21.18,-4.5,14.94,ROW1_FORWARD
8.43,14.1,-21.18,-4.5,14.94,ROW1_FORWARD
8.44,14.1,-21.17,-4.5,14.94,ROW1_FORWARD
8.44,14.1,-21.17,-4.5,14.94,ROW1_FORWARD
8.45,14.1,-21.16,-4.5,14.94,ROW1_FORWARD
8.46,14.1,-21.16,-4.5,14.94,ROW1_FORWARD
8.46,14.09,-21.15,-4.5,14.94,ROW1_FORWARD
8.47,14.09,-21.15,-4.5,14.94,ROW1_FORWARD
8.47,14.09,-21.14,-4.5,14.94,ROW1_FORWARD
8.48,14.09,-21.14,-4.5,14.94,ROW1_FORWARD
8.48,14.09,-21.13,-4.5,14.94,ROW1_FORWARD
8.49,14.09,-21.13,-4.5,14.94,ROW1_FORWARD
8.49,14.09,-21.12,-4.5,14.94,ROW1_FORWARD
8.5,14.09,-21.12,-4.5,14.94,ROW1_FORWARD
8.5,14.09,-21.11,-4.5,14.94,ROW1_FORWARD
8.51,14.09,-21.11,-4.5,14.94,ROW1_FORWARD
8.52,14.09,-21.1,-4.5,14.94,ROW1_FORWARD
8.52,14.09,-21.09,-4.5,14.94,ROW1_FORWARD
8.53,14.09,-21.09,-4.5,14.94,ROW1_FORWARD
8.53,14.09,-21.08,-4.5,14.94,ROW1_FORWARD
8.54,14.08,-21.08,-4.5,14.94,ROW1_FORWARD
8.55,14.08,-21.07,-4.5,14.94,ROW1_FORWARD
8.56,14.08,-21.07,-4.5,14.94,ROW1_FORWARD
8.56,14.08,-21.06,-4.5,14.94,ROW1_FORWARD
8.57,14.08,-21.06,-4.5,14.94,ROW1_FORWARD
8.58,14.08,-21.05,-4.5,14.94,ROW1_FORWARD
8.59,14.08,-21.04,-4.5,14.94,ROW1_FORWARD
8.59,14.08,-21.04,-4.5,14.94,ROW1_FORWARD
8.6,14.08,-21.03,-4.5,14.94,ROW1_FORWARD
8.6,14.08,-21.03,-4.5,14.94,ROW1_FORWARD
8.61,14.08,-21.02,-4.5,14.94,ROW1_FORWARD
8.62,14.08,-21.02,-4.5,14.94,ROW1_FORWARD
8.62,14.08,-21.01,-4.5,14.94,ROW1_FORWARD
8.63,14.08,-21.01,-4.5,14.94,ROW1_FORWARD
8.63,14.08,-21.0,-4.5,14.94,ROW1_FORWARD
8.64,14.08,-20.99,-4.5,14.94,ROW1_FORWARD
8.64,14.08,-20.99,-4.5,14.94,ROW1_FORWARD
8.65,14.08,-20.98,-4.5,14.94,ROW1_FORWARD
8.66,14.07,-20.98,-4.5,14.94,ROW1_FORWARD
8.66,14.07,-20.97,-4.5,14.94,ROW1_FORWARD
8.67,14.07,-20.96,-4.5,14.94,ROW1_FORWARD
8.68,14.07,-20.96,-4.5,14.94,ROW1_FORWARD
8.68,14.07,-20.95,-4.5,14.94,ROW1_FORWARD
8.69,14.07,-20.95,-4.5,14.94,ROW1_FORWARD
8.69,14.07,-20.94,-4.5,14.94,ROW1_FORWARD
8.7,14.07,-20.94,-4.5,14.94,ROW1_FORWARD
8.7,14.07,-20.93,-4.5,14.94,ROW1_FORWARD
8.71,14.07,-20.92,-4.5,14.94,ROW1_FORWARD
8.71,14.07,-20.92,-4.5,14.94,ROW1_FORWARD
8.72,14.07,-20.91,-4.5,14.94,ROW1_FORWARD
8.73,14.07,-20.91,-4.5,14.94,ROW1_FORWARD
8.74,14.07,-20.9,-4.5,14.94,ROW1_FORWARD
8.74,14.07,-20.89,-4.5,14.94,ROW1_FORWARD
8.75,14.07,-20.89,-4.5,14.94,ROW1_FORWARD
8.75,14.07,-20.88,-4.5,14.94,ROW1_FORWARD
8.76,14.07,-20.88,-4.5,14.94,ROW1_FORWARD
8.76,14.07,-20.87,-4.5,14.94,ROW1_FORWARD
8.77,14.07,-20.86,-4.5,14.94,ROW1_FORWARD
8.77,14.07,-20.86,-4.5,14.94,ROW1_FORWARD
8.78,14.07,-20.85,-4.5,14.94,ROW1_FORWARD
8.79,14.07,-20.84,-4.5,14.94,ROW1_FORWARD
8.79,14.06,-20.84,-4.5,14.94,ROW1_FORWARD
8.8,14.06,-20.83,-4.5,14.94,ROW1_FORWARD
8.8,14.06,-20.83,-4.5,14.94,ROW1_FORWARD
8.81,14.06,-20.82,-4.5,14.94,ROW1_FORWARD
8.82,14.06,-20.81,-4.5,14.94,ROW1_FORWARD
8.82,14.06,-20.81,-4.5,14.94,ROW1_FORWARD
8.83,14.06,-20.8,-4.5,14.94,ROW1_FORWARD
8.83,14.06,-20.79,-4.5,14.94,ROW1_FORWARD
8.84,14.06,-20.79,-4.5,14.94,ROW1_FORWARD
8.85,14.06,-20.78,-4.5,14.94,ROW1_FORWARD
8.85,14.06,-20.78,-4.5,14.94,ROW1_FORWARD
8.86,14.06,-20.77,-4.5,14.94,ROW1_FORWARD
8.86,14.06,-20.76,-4.5,14.94,ROW1_FORWARD
8.87,14.06,-20.76,-4.5,14.94,ROW1_FORWARD
8.88,14.06,-20.75,-4.5,14.94,ROW1_FORWARD
8.88,14.06,-20.74,-4.5,14.94,ROW1_FORWARD
8.89,14.06,-20.74,-4.5,14.94,ROW1_FORWARD
8.89,14.06,-20.73,-4.5,14.94,ROW1_FORWARD
8.9,14.06,-20.72,-4.5,14.94,ROW1_FORWARD
8.91,14.06,-20.72,-4.5,14.93,ROW1_FORWARD
8.91,14.06,-20.71,-4.5,14.93,ROW1_FORWARD
8.92,14.06,-20.7,-4.5,14.93,ROW1_FORWARD
8.92,14.06,-20.7,-4.5,14.93,ROW1_FORWARD
8.93,14.06,-20.69,-4.5,14.93,ROW1_FORWARD
8.94,14.06,-20.68,-4.5,14.93,ROW1_FORWARD
8.95,14.06,-20.68,-4.5,14.93,ROW1_FORWARD
8.95,14.06,-20.67,-4.5,14.93,ROW1_FORWARD
8.96,14.06,-20.66,-4.5,14.93,ROW1_FORWARD
8.96,14.06,-20.66,-4.5,14.93,ROW1_FORWARD
8.97,14.06,-20.65,-4.5,14.93,ROW1_FORWARD
8.97,14.06,-20.64,-4.5,14.93,ROW1_FORWARD
8.98,14.06,-20.64,-4.5,14.93,ROW1_FORWARD
8.98,14.06,-20.63,-4.5,14.93,ROW1_FORWARD
8.99,14.06,-20.62,-4.5,14.93,ROW1_FORWARD
8.99,14.06,-20.62,-4.5,14.93,ROW1_FORWARD
9.0,14.06,-20.61,-4.5,14.93,ROW1_FORWARD
9.01,14.06,-20.6,-4.5,14.93,ROW1_FORWARD
9.01,14.06,-20.6,-4.5,14.93,ROW1_FORWARD
9.02,14.06,-20.59,-4.5,14.93,ROW1_FORWARD
9.02,14.06,-20.58,-4.5,14.93,ROW1_FORWARD
9.03,14.06,-20.58,-4.5,14.93,ROW1_FORWARD
9.03,14.06,-20.57,-4.5,14.93,ROW1_FORWARD
9.04,14.06,-20.56,-4.5,14.93,ROW1_FORWARD
9.04,14.06,-20.56,-4.5,14.93,ROW1_FORWARD
9.05,14.06,-20.55,-4.5,14.93,ROW1_FORWARD
9.06,14.06,-20.54,-4.5,14.93,ROW1_FORWARD
9.06,14.06,-20.53,-4.5,14.93,ROW1_FORWARD
9.07,14.06,-20.53,-4.5,14.93,ROW1_FORWARD
9.07,14.05,-20.52,-4.5,14.93,ROW1_FORWARD
9.08,14.05,-20.51,-4.5,14.93,ROW1_FORWARD
9.08,14.05,-20.51,-4.5,14.93,ROW1_FORWARD
9.09,14.05,-20.5,-4.5,14.93,ROW1_FORWARD
9.1,14.05,-20.49,-4.5,14.93,ROW1_FORWARD
9.1,14.05,-20.49,-4.5,14.93,ROW1_FORWARD
9.11,14.05,-20.48,-4.5,14.93,ROW1_FORWARD
9.11,14.05,-20.47,-4.5,14.93,ROW1_FORWARD
9.12,14.05,-20.46,-4.5,14.93,ROW1_FORWARD
9.12,14.05,-20.46,-4.5,14.93,ROW1_FORWARD
9.13,14.05,-20.45,-4.5,14.93,ROW1_FORWARD
9.13,14.05,-20.44,-4.5,14.93,ROW1_FORWARD
9.14,14.05,-20.44,-4.5,14.93,ROW1_FORWARD
9.14,14.05,-20.43,-4.5,14.93,ROW1_FORWARD
9.15,14.05,-20.42,-4.5,14.93,ROW1_FORWARD
9.16,14.05,-20.41,-4.5,14.93,ROW1_FORWARD
9.16,14.05,-20.41,-4.5,14.93,ROW1_FORWARD
9.17,14.05,-20.4,-4.5,14.93,ROW1_FORWARD
9.17,14.05,-20.39,-4.5,14.93,ROW1_FORWARD
9.18,14.05,-20.38,-4.5,14.93,ROW1_FORWARD
9.18,14.05,-20.38,-4.5,14.93,ROW1_FORWARD
9.19,14.05,-20.37,-4.5,14.93,ROW1_FORWARD
9.19,14.05,-20.36,-4.5,14.93,ROW1_FORWARD
9.2,14.05,-20.35,-4.5,14.93,ROW1_FORWARD
9.21,14.05,-20.35,-4.5,14.93,ROW1_FORWARD
9.21,14.05,-20.34,-4.5,14.93,ROW1_FORWARD
9.22,14.05,-20.33,-4.5,14.93,ROW1_FORWARD
9.22,14.05,-20.32,-4.5,14.93,ROW1_FORWARD
9.23,14.05,-20.32,-4.5,14.93,ROW1_FORWARD
9.23,14.05,-20.31,-4.5,14.93,ROW1_FORWARD
9.24,14.05,-20.3,-4.5,14.93,ROW1_FORWARD
9.24,14.05,-20.29,-4.5,14.93,ROW1_FORWARD
9.25,14.05,-20.29,-4.5,14.93,ROW1_FORWARD
9.25,14.05,-20.28,-4.5,14.93,ROW1_FORWARD
9.26,14.05,-20.27,-4.5,14.93,ROW1_FORWARD
9.27,14.05,-20.26,-4.5,14.93,ROW1_FORWARD
9.27,14.05,-20.26,-4.5,14.93,ROW1_FORWARD
9.28,14.05,-20.25,-4.5,14.93,ROW1_FORWARD
9.28,14.05,-20.24,-4.5,14.93,ROW1_FORWARD
9.29,14.05,-20.23,-4.5,14.93,ROW1_FORWARD
9.29,14.05,-20.23,-4.5,14.93,ROW1_FORWARD
9.3,14.05,-20.22,-4.5,14.93,ROW1_FORWARD
9.3,14.05,-20.21,-4.5,14.93,ROW1_FORWARD
9.31,14.05,-20.2,-4.5,14.93,ROW1_FORWARD
9.31,14.05,-20.2,-4.5,14.93,ROW1_FORWARD
9.32,14.05,-20.19,-4.5,14.93,ROW1_FORWARD
9.32,14.05,-20.18,-4.5,14.93,ROW1_FORWARD
9.33,14.05,-20.17,-4.5,14.93,ROW1_FORWARD
9.33,14.06,-20.16,-4.5,14.93,ROW1_FORWARD
9.34,14.06,-20.16,-4.5,14.93,ROW1_FORWARD
9.35,14.06,-20.15,-4.5,14.93,ROW1_FORWARD
9.35,14.06,-20.14,-4.5,14.92,ROW1_FORWARD
9.36,14.06,-20.13,-4.5,14.92,ROW1_FORWARD
9.36,14.06,-20.12,-4.5,14.92,ROW1_FORWARD
9.37,14.06,-20.12,-4.5,14.92,ROW1_FORWARD
9.37,14.06,-20.11,-4.5,14.92,ROW1_FORWARD
9.38,14.06,-20.1,-4.5,14.92,ROW1_FORWARD
9.38,14.06,-20.09,-4.5,14.92,ROW1_FORWARD
9.39,14.06,-20.08,-4.5,14.92,ROW1_FORWARD
9.39,14.06,-20.08,-4.5,14.92,ROW1_FORWARD
9.4,14.06,-20.07,-4.5,14.92,ROW1_FORWARD
9.4,14.06,-20.06,-4.5,14.92,ROW1_FORWARD
9.41,14.06,-20.05,-4.5,14.92,ROW1_FORWARD
9.42,14.06,-20.04,-4.5,14.92,ROW1_FORWARD
9.42,14.06,-20.04,-4.5,14.92,ROW1_FORWARD
9.43,14.06,-20.03,-4.5,14.92,ROW1_FORWARD
9.43,14.06,-20.02,-4.5,14.92,ROW1_FORWARD
9.44,14.06,-20.01,-4.5,14.92,ROW1_FORWARD
9.44,14.06,-20.0,-4.5,14.92,ROW1_FORWARD
9.45,14.06,-20.0,-4.5,14.92,ROW1_FORWARD
9.45,14.06,-19.99,-4.5,14.92,ROW1_FORWARD
9.46,14.06,-19.98,-4.5,14.92,ROW1_FORWARD
9.46,14.06,-19.97,-4.5,14.92,ROW1_FORWARD
9.47,14.06,-19.96,-4.5,14.92,ROW1_FORWARD
9.47,14.06,-19.96,-4.5,14.92,ROW1_FORWARD
9.48,14.06,-19.95,-4.5,14.92,ROW1_FORWARD
9.48,14.06,-19.94,-4.5,14.92,ROW1_FORWARD
9.49,14.06,-19.93,-4.5,14.92,ROW1_FORWARD
9.5,14.06,-19.92,-4.5,14.92,ROW1_FORWARD
9.5,14.06,-19.91,-4.5,14.92,ROW1_FORWARD
9.51,14.06,-19.91,-4.5,14.92,ROW1_FORWARD
9.51,14.06,-19.9,-4.5,14.92,ROW1_FORWARD
9.52,14.06,-19.89,-4.5,14.92,ROW1_FORWARD
9.52,14.06,-19.88,-4.5,14.92,ROW1_FORWARD
9.53,14.06,-19.87,-4.5,14.92,ROW1_FORWARD
9.53,14.06,-19.86,-4.5,14.92,ROW1_FORWARD
9.54,14.06,-19.86,-4.5,14.92,ROW1_FORWARD
9.55,14.06,-19.85,-4.5,14.92,ROW1_FORWARD
9.55,14.06,-19.84,-4.5,14.92,ROW1_FORWARD
9.56,14.06,-19.83,-4.5,14.92,ROW1_FORWARD
9.56,14.06,-19.82,-4.5,14.92,ROW1_FORWARD
9.57,14.06,-19.81,-4.5,14.92,ROW1_FORWARD
9.58,14.06,-19.8,-4.5,14.92,ROW1_FORWARD
9.58,14.06,-19.8,-4.5,14.92,ROW1_FORWARD
9.59,14.06,-19.79,-4.5,14.92,ROW1_FORWARD
9.59,14.06,-19.78,-4.5,14.92,ROW1_FORWARD
9.6,14.06,-19.77,-4.5,14.92,ROW1_FORWARD
9.6,14.06,-19.76,-4.5,14.92,ROW1_FORWARD
9.61,14.06,-19.75,-4.5,14.92,ROW1_FORWARD
9.61,14.06,-19.74,-4.5,14.92,ROW1_FORWARD
9.62,14.06,-19.74,-4.5,14.92,ROW1_FORWARD
9.62,14.06,-19.73,-4.5,14.92,ROW1_FORWARD
9.63,14.06,-19.72,-4.5,14.92,ROW1_FORWARD
9.63,14.06,-19.71,-4.5,14.92,ROW1_FORWARD
9.64,14.06,-19.7,-4.5,14.92,ROW1_FORWARD
9.64,14.06,-19.69,-4.5,14.92,ROW1_FORWARD
9.65,14.06,-19.68,-4.5,14.92,ROW1_FORWARD
9.66,14.06,-19.67,-4.5,14.92,ROW1_FORWARD
9.66,14.06,-19.67,-4.5,14.92,ROW1_FORWARD
9.67,14.06,-19.66,-4.5,14.92,ROW1_FORWARD
9.67,14.06,-19.65,-4.5,14.92,ROW1_FORWARD
9.68,14.06,-19.64,-4.5,14.92,ROW1_FORWARD
9.68,14.06,-19.63,-4.5,14.92,ROW1_FORWARD
9.69,14.06,-19.62,-4.5,14.92,ROW1_FORWARD
9.69,14.06,-19.61,-4.5,14.92,ROW1_FORWARD
9.7,14.06,-19.6,-4.5,14.92,ROW1_FORWARD
9.7,14.06,-19.59,-4.5,14.92,ROW1_FORWARD
9.71,14.06,-19.59,-4.5,14.92,ROW1_FORWARD
9.72,14.06,-19.58,-4.5,14.92,ROW1_FORWARD
9.72,14.07,-19.57,-4.5,14.92,ROW1_FORWARD
9.73,14.07,-19.56,-4.5,14.92,ROW1_FORWARD
9.73,14.07,-19.55,-4.5,14.92,ROW1_FORWARD
9.74,14.07,-19.54,-4.5,14.92,ROW1_FORWARD
9.74,14.07,-19.53,-4.5,14.92,ROW1_FORWARD
9.75,14.07,-19.52,-4.5,14.92,ROW1_FORWARD
9.75,14.07,-19.51,-4.5,14.92,ROW1_FORWARD
9.76,14.07,-19.51,-4.5,14.92,ROW1_FORWARD
9.77,14.07,-19.5,-4.5,14.92,ROW1_FORWARD
9.77,14.07,-19.49,-4.5,14.92,ROW1_FORWARD
9.78,14.07,-19.48,-4.5,14.92,ROW1_FORWARD
9.79,14.07,-19.47,-4.5,14.92,ROW1_FORWARD
9.79,14.07,-19.46,-4.5,14.91,ROW1_FORWARD
9.8,14.07,-19.45,-4.5,14.91,ROW1_FORWARD
9.8,14.07,-19.44,-4.5,14.91,ROW1_FORWARD
9.81,14.07,-19.43,-4.5,14.91,ROW1_FORWARD
9.82,14.07,-19.42,-4.5,14.91,ROW1_FORWARD
9.82,14.07,-19.41,-4.5,14.91,ROW1_FORWARD
9.83,14.07,-19.4,-4.5,14.91,ROW1_FORWARD
9.83,14.07,-19.4,-4.5,14.91,ROW1_FORWARD
9.84,14.07,-19.39,-4.5,14.91,ROW1_FORWARD
9.84,14.07,-19.38,-4.5,14.91,ROW1_FORWARD
9.85,14.07,-19.37,-4.5,14.91,ROW1_FORWARD
9.85,14.07,-19.36,-4.5,14.91,ROW1_FORWARD
9.86,14.07,-19.35,-4.5,14.91,ROW1_FORWARD
9.86,14.07,-19.34,-4.5,14.91,ROW1_FORWARD
9.87,14.07,-19.33,-4.5,14.91,ROW1_FORWARD
9.88,14.07,-19.32,-4.5,14.91,ROW1_FORWARD
9.88,14.07,-19.31,-4.5,14.91,ROW1_FORWARD
9.89,14.07,-19.3,-4.5,14.91,ROW1_FORWARD
9.89,14.07,-19.29,-4.5,14.91,ROW1_FORWARD
9.9,14.07,-19.28,-4.5,14.91,ROW1_FORWARD
9.9,14.07,-19.27,-4.5,14.91,ROW1_FORWARD
9.91,14.07,-19.26,-4.5,14.91,ROW1_FORWARD
9.91,14.07,-19.25,-4.5,14.91,ROW1_FORWARD
9.92,14.07,-19.25,-4.5,14.91,ROW1_FORWARD
9.92,14.07,-19.24,-4.5,14.91,ROW1_FORWARD
9.93,14.07,-19.23,-4.5,14.91,ROW1_FORWARD
9.93,14.07,-19.22,-4.5,14.91,ROW1_FORWARD
9.94,14.07,-19.21,-4.5,14.91,ROW1_FORWARD
9.95,14.07,-19.2,-4.5,14.91,ROW1_FORWARD
9.95,14.07,-19.19,-4.5,14.91,ROW1_FORWARD
9.96,14.07,-19.18,-4.5,14.91,ROW1_FORWARD
9.96,14.07,-19.17,-4.5,14.91,ROW1_FORWARD
9.97,14.07,-19.16,-4.5,14.91,ROW1_FORWARD
9.98,14.07,-19.15,-4.5,14.91,ROW1_FORWARD
9.98,14.07,-19.14,-4.5,14.91,ROW1_FORWARD
9.99,14.07,-19.13,-4.5,14.91,ROW1_FORWARD
10.0,14.07,-19.12,-4.5,14.91,ROW1_FORWARD
10.0,14.07,-19.11,-4.5,14.91,ROW1_FORWARD
10.01,14.07,-19.1,-4.5,14.91,ROW1_FORWARD
10.01,14.07,-19.09,-4.5,14.91,ROW1_FORWARD
10.02,14.07,-19.08,-4.5,14.91,ROW1_FORWARD
10.02,14.08,-19.07,-4.5,14.91,ROW1_FORWARD
10.03,14.08,-19.06,-4.5,14.91,ROW1_FORWARD
10.04,14.08,-19.05,-4.5,14.91,ROW1_FORWARD
10.04,14.08,-19.04,-4.5,14.91,ROW1_FORWARD
10.05,14.08,-19.03,-4.5,14.91,ROW1_FORWARD
10.06,14.08,-19.02,-4.5,14.91,ROW1_FORWARD
10.06,14.08,-19.01,-4.5,14.91,ROW1_FORWARD
10.07,14.08,-19.0,-4.5,14.91,ROW1_FORWARD
10.08,14.08,-18.99,-4.5,14.91,ROW1_FORWARD
10.08,14.08,-18.98,-4.5,14.91,ROW1_FORWARD
10.09,14.08,-18.97,-4.5,14.91,ROW1_FORWARD
10.09,14.08,-18.96,-4.5,14.91,ROW1_FORWARD
10.1,14.08,-18.95,-4.5,14.91,ROW1_FORWARD
10.1,14.08,-18.94,-4.5,14.91,ROW1_FORWARD
10.11,14.08,-18.93,-4.5,14.91,ROW1_FORWARD
10.12,14.08,-18.92,-4.5,14.91,ROW1_FORWARD
10.13,14.08,-18.91,-4.5,14.91,ROW1_FORWARD
10.13,14.08,-18.9,-4.5,14.91,ROW1_FORWARD
10.14,14.08,-18.89,-4.5,14.91,ROW1_FORWARD
10.14,14.08,-18.88,-4.5,14.91,ROW1_FORWARD
10.15,14.08,-18.87,-4.5,14.91,ROW1_FORWARD
10.16,14.08,-18.86,-4.5,14.91,ROW1_FORWARD
10.16,14.08,-18.85,-4.5,14.91,ROW1_FORWARD
10.17,14.08,-18.84,-4.5,14.91,ROW1_FORWARD
10.17,14.08,-18.83,-4.5,14.91,ROW1_FORWARD
10.18,14.08,-18.82,-4.5,14.91,ROW1_FORWARD
10.18,14.08,-18.81,-4.5,14.91,ROW1_FORWARD
10.19,14.08,-18.8,-4.5,14.91,ROW1_FORWARD
10.2,14.08,-18.79,-4.5,14.91,ROW1_FORWARD
10.21,14.08,-18.78,-4.5,14.91,ROW1_FORWARD
10.22,14.08,-18.77,-4.5,14.91,ROW1_FORWARD
10.22,14.08,-18.76,-4.5,14.91,ROW1_FORWARD
10.23,14.08,-18.75,-4.5,14.91,ROW1_FORWARD
10.23,14.08,-18.74,-4.5,14.91,ROW1_FORWARD
10.24,14.08,-18.73,-4.5,14.91,ROW1_FORWARD
10.24,14.08,-18.72,-4.5,14.91,ROW1_FORWARD
10.25,14.08,-18.71,-4.5,14.91,ROW1_FORWARD
10.26,14.08,-18.7,-4.5,14.91,ROW1_FORWARD
10.26,14.08,-18.69,-4.5,14.91,ROW1_FORWARD
10.27,14.08,-18.68,-4.5,14.9,ROW1_FORWARD
10.28,14.08,-18.67,-4.5,14.9,ROW1_FORWARD
10.28,14.08,-18.66,-4.5,14.9,ROW1_FORWARD
10.29,14.08,-18.65,-4.5,14.9,ROW1_FORWARD
10.29,14.08,-18.64,-4.5,14.9,ROW1_FORWARD
10.3,14.08,-18.63,-4.5,14.9,ROW1_FORWARD
10.31,14.08,-18.62,-4.5,14.9,ROW1_FORWARD
10.31,14.08,-18.61,-4.5,14.9,ROW1_FORWARD
10.32,14.08,-18.6,-4.5,14.9,ROW1_FORWARD
10.32,14.08,-18.59,-4.5,14.9,ROW1_FORWARD
10.33,14.08,-18.58,-4.5,14.9,ROW1_FORWARD
10.33,14.08,-18.57,-4.5,14.9,ROW1_FORWARD
10.34,14.08,-18.56,-4.5,14.9,ROW1_FORWARD
10.34,14.08,-18.55,-4.5,14.9,ROW1_FORWARD
10.35,14.08,-18.54,-4.5,14.9,ROW1_FORWARD
10.36,14.08,-18.52,-4.5,14.9,ROW1_FORWARD
10.36,14.08,-18.51,-4.5,14.9,ROW1_FORWARD
10.37,14.09,-18.5,-4.5,14.9,ROW1_FORWARD
10.38,14.09,-18.49,-4.5,14.9,ROW1_FORWARD
10.39,14.09,-18.48,-4.5,14.9,ROW1_FORWARD
10.39,14.09,-18.47,-4.5,14.9,ROW1_FORWARD
10.4,14.09,-18.46,-4.5,14.9,ROW1_FORWARD
10.41,14.09,-18.45,-4.5,14.9,ROW1_FORWARD
10.41,14.09,-18.44,-4.5,14.9,ROW1_FORWARD
10.42,14.09,-18.43,-4.5,14.9,ROW1_FORWARD
10.42,14.09,-18.42,-4.5,14.9,ROW1_FORWARD
10.43,14.09,-18.41,-4.5,14.9,ROW1_FORWARD
10.44,14.09,-18.4,-4.5,14.9,ROW1_FORWARD
10.45,14.09,-18.39,-4.5,14.9,ROW1_FORWARD
10.45,14.09,-18.38,-4.5,14.9,ROW1_FORWARD
10.46,14.09,-18.37,-4.5,14.9,ROW1_FORWARD
10.47,14.09,-18.35,-4.5,14.9,ROW1_FORWARD
10.47,14.09,-18.34,-4.5,14.9,ROW1_FORWARD
10.48,14.09,-18.33,-4.5,14.9,ROW1_FORWARD
10.48,14.09,-18.32,-4.5,14.9,ROW1_FORWARD
10.49,14.09,-18.31,-4.5,14.9,ROW1_FORWARD
10.5,14.09,-18.3,-4.5,14.9,ROW1_FORWARD
10.5,14.09,-18.29,-4.5,14.9,ROW1_FORWARD
10.51,14.09,-18.28,-4.5,14.9,ROW1_FORWARD
10.51,14.09,-18.27,-4.5,14.9,ROW1_FORWARD
10.53,14.09,-18.26,-4.5,14.9,ROW1_FORWARD
10.54,14.09,-18.25,-4.5,14.9,ROW1_FORWARD
10.54,14.09,-18.24,-4.5,14.9,ROW1_FORWARD
10.55,14.09,-18.22,-4.5,14.9,ROW1_FORWARD
10.56,14.09,-18.21,-4.5,14.9,ROW1_FORWARD
10.56,14.09,-18.2,-4.5,14.9,ROW1_FORWARD
10.57,14.09,-18.19,-4.5,14.9,ROW1_FORWARD
10.57,14.09,-18.18,-4.5,14.9,ROW1_FORWARD
10.58,14.09,-18.17,-4.5,14.9,ROW1_FORWARD
10.58,14.09,-18.16,-4.5,14.9,ROW1_FORWARD
10.59,14.09,-18.15,-4.5,14.9,ROW1_FORWARD
10.6,14.09,-18.14,-4.5,14.9,ROW1_FORWARD
10.6,14.09,-18.13,-4.5,14.9,ROW1_FORWARD
10.61,14.09,-18.11,-4.5,14.9,ROW1_FORWARD
10.62,14.09,-18.1,-4.5,14.9,ROW1_FORWARD
10.62,14.09,-18.09,-4.5,14.9,ROW1_FORWARD
10.63,14.09,-18.08,-4.5,14.9,ROW1_FORWARD
10.64,14.09,-18.07,-4.5,14.9,ROW1_FORWARD
10.65,14.09,-18.06,-4.5,14.9,ROW1_FORWARD
10.65,14.09,-18.05,-4.5,14.9,ROW1_FORWARD
10.66,14.09,-18.04,-4.5,14.9,ROW1_FORWARD
10.66,14.09,-18.03,-4.5,14.9,ROW1_FORWARD
10.67,14.09,-18.01,-4.5,14.9,ROW1_FORWARD
10.68,14.09,-18.0,-4.5,14.9,ROW1_FORWARD
10.68,14.09,-17.99,-4.5,14.9,ROW1_FORWARD
10.69,14.09,-17.98,-4.5,14.9,ROW1_FORWARD
10.7,14.09,-17.97,-4.5,14.9,ROW1_FORWARD
10.71,14.09,-17.96,-4.5,14.9,ROW1_FORWARD
10.72,14.09,-17.95,-4.5,14.9,ROW1_FORWARD
10.72,14.09,-17.94,-4.5,14.9,ROW1_FORWARD
10.73,14.09,-17.93,-4.5,14.9,ROW1_FORWARD
10.74,14.09,-17.91,-4.5,14.9,ROW1_FORWARD
10.74,14.09,-17.9,-4.5,14.9,ROW1_FORWARD
10.75,14.09,-17.89,-4.5,14.9,ROW1_FORWARD
10.76,14.09,-17.88,-4.5,14.9,ROW1_FORWARD
10.76,14.09,-17.87,-4.5,14.9,ROW1_FORWARD
10.77,14.09,-17.86,-4.5,14.9,ROW1_FORWARD
10.77,14.09,-17.85,-4.5,14.9,ROW1_FORWARD
10.78,14.09,-17.83,-4.5,14.9,ROW1_FORWARD
10.78,14.09,-17.82,-4.5,14.9,ROW1_FORWARD
10.79,14.09,-17.81,-4.5,14.89,ROW1_FORWARD
10.79,14.09,-17.8,-4.5,14.89,ROW1_FORWARD
10.8,14.09,-17.79,-4.5,14.89,ROW1_FORWARD
10.81,14.09,-17.78,-4.5,14.89,ROW1_FORWARD
10.82,14.09,-17.77,-4.5,14.89,ROW1_FORWARD
10.82,14.09,-17.75,-4.5,14.89,ROW1_FORWARD
10.83,14.09,-17.74,-4.5,14.89,ROW1_FORWARD
10.83,14.09,-17.73,-4.5,14.89,ROW1_FORWARD
10.84,14.09,-17.72,-4.5,14.89,ROW1_FORWARD
10.85,14.09,-17.71,-4.5,14.89,ROW1_FORWARD
10.85,14.09,-17.7,-4.5,14.89,ROW1_FORWARD
10.86,14.1,-17.69,-4.5,14.89,ROW1_FORWARD
10.86,14.1,-17.67,-4.5,14.89,ROW1_FORWARD
10.87,14.1,-17.66,-4.5,14.89,ROW1_FORWARD
10.88,14.1,-17.65,-4.5,14.89,ROW1_FORWARD
10.88,14.1,-17.64,-4.5,14.89,ROW1_FORWARD
10.89,14.1,-17.63,-4.5,14.89,ROW1_FORWARD
10.89,14.1,-17.62,-4.5,14.89,ROW1_FORWARD
10.9,14.1,-17.6,-4.5,14.89,ROW1_FORWARD
10.91,14.1,-17.59,-4.5,14.89,ROW1_FORWARD
10.91,14.1,-17.58,-4.5,14.89,ROW1_FORWARD
10.92,14.1,-17.57,-4.5,14.89,ROW1_FORWARD
10.92,14.1,-17.56,-4.5,14.89,ROW1_FORWARD
10.93,14.1,-17.55,-4.5,14.89,ROW1_FORWARD
10.93,14.1,-17.53,-4.5,14.89,ROW1_FORWARD
10.94,14.1,-17.52,-4.5,14.89,ROW1_FORWARD
10.94,14.1,-17.51,-4.5,14.89,ROW1_FORWARD
10.95,14.1,-17.5,-4.5,14.89,ROW1_FORWARD
10.96,14.1,-17.49,-4.5,14.89,ROW1_FORWARD
10.96,14.1,-17.48,-4.5,14.89,ROW1_FORWARD
10.97,14.1,-17.46,-4.5,14.89,ROW1_FORWARD
10.98,14.1,-17.45,-4.5,14.89,ROW1_FORWARD
10.99,14.1,-17.44,-4.5,14.89,ROW1_FORWARD
10.99,14.1,-17.43,-4.5,14.89,ROW1_FORWARD
11.0,14.1,-17.42,-4.5,14.89,ROW1_FORWARD
11.0,14.1,-17.4,-4.5,14.89,ROW1_FORWARD
11.01,14.1,-17.39,-4.5,14.89,ROW1_FORWARD
11.02,14.1,-17.38,-4.5,14.89,ROW1_FORWARD
11.02,14.1,-17.37,-4.5,14.89,ROW1_FORWARD
11.03,14.1,-17.36,-4.5,14.89,ROW1_FORWARD
11.04,14.1,-17.35,-4.5,14.89,ROW1_FORWARD
11.04,14.1,-17.33,-4.5,14.89,ROW1_FORWARD
11.05,14.1,-17.32,-4.5,14.89,ROW1_FORWARD
11.05,14.1,-17.31,-4.5,14.89,ROW1_FORWARD
11.06,14.1,-17.3,-4.5,14.89,ROW1_FORWARD
11.06,14.1,-17.29,-4.5,14.89,ROW1_FORWARD
11.07,14.1,-17.27,-4.5,14.89,ROW1_FORWARD
11.07,14.1,-17.26,-4.5,14.89,ROW1_FORWARD
11.08,14.1,-17.25,-4.5,14.89,ROW1_FORWARD
11.09,14.1,-17.24,-4.5,14.89,ROW1_FORWARD
11.1,14.1,-17.23,-4.5,14.89,ROW1_FORWARD
11.1,14.1,-17.21,-4.5,14.89,ROW1_FORWARD
11.11,14.1,-17.2,-4.5,14.89,ROW1_FORWARD
11.11,14.1,-17.19,-4.5,14.89,ROW1_FORWARD
11.12,14.1,-17.18,-4.5,14.89,ROW1_FORWARD
11.13,14.1,-17.16,-4.5,14.89,ROW1_FORWARD
11.13,14.1,-17.15,-4.5,14.89,ROW1_FORWARD
11.15,14.1,-17.14,-4.5,14.89,ROW1_FORWARD
11.16,14.1,-17.13,-4.5,14.89,ROW1_FORWARD
11.16,14.1,-17.12,-4.5,14.89,ROW1_FORWARD
11.17,14.1,-17.1,-4.5,14.89,ROW1_FORWARD
11.18,14.1,-17.09,-4.5,14.89,ROW1_FORWARD
11.18,14.1,-17.08,-4.5,14.89,ROW1_FORWARD
11.19,14.1,-17.07,-4.5,14.89,ROW1_FORWARD
11.19,14.1,-17.06,-4.5,14.89,ROW1_FORWARD
11.2,14.1,-17.04,-4.5,14.89,ROW1_FORWARD
11.2,14.1,-17.03,-4.5,14.89,ROW1_FORWARD
11.21,14.1,-17.02,-4.5,14.89,ROW1_FORWARD
11.22,14.1,-17.01,-4.5,14.89,ROW1_FORWARD
11.22,14.1,-16.99,-4.5,14.89,ROW1_FORWARD
11.23,14.1,-16.98,-4.5,14.89,ROW1_FORWARD
11.23,14.1,-16.97,-4.5,14.89,ROW1_FORWARD
11.24,14.1,-16.96,-4.5,14.89,ROW1_FORWARD
11.25,14.1,-16.94,-4.5,14.89,ROW1_FORWARD
11.25,14.1,-16.93,-4.5,14.89,ROW1_FORWARD
11.26,14.1,-16.92,-4.5,14.89,ROW1_FORWARD
11.26,14.1,-16.91,-4.5,14.89,ROW1_FORWARD
11.27,14.1,-16.9,-4.5,14.89,ROW1_FORWARD
11.27,14.1,-16.88,-4.5,14.89,ROW1_FORWARD
11.28,14.1,-16.87,-4.5,14.89,ROW1_FORWARD
11.29,14.1,-16.86,-4.5,14.88,ROW1_FORWARD
11.29,14.1,-16.85,-4.5,14.88,ROW1_FORWARD
11.3,14.1,-16.83,-4.5,14.88,ROW1_FORWARD
11.3,14.1,-16.82,-4.5,14.88,ROW1_FORWARD
11.31,14.1,-16.81,-4.5,14.88,ROW1_FORWARD
11.31,14.1,-16.8,-4.5,14.88,ROW1_FORWARD
11.32,14.1,-16.78,-4.5,14.88,ROW1_FORWARD
11.32,14.1,-16.77,-4.5,14.88,ROW1_FORWARD
11.33,14.1,-16.76,-4.5,14.88,ROW1_FORWARD
11.33,14.1,-16.75,-4.5,14.88,ROW1_FORWARD
11.34,14.1,-16.73,-4.5,14.88,ROW1_FORWARD
11.34,14.1,-16.72,-4.5,14.88,ROW1_FORWARD
11.35,14.1,-16.71,-4.5,14.88,ROW1_FORWARD
11.35,14.1,-16.7,-4.5,14.88,ROW1_FORWARD
11.36,14.1,-16.68,-4.5,14.88,ROW1_FORWARD
11.37,14.1,-16.67,-4.5,14.88,ROW1_FORWARD
11.37,14.1,-16.66,-4.5,14.88,ROW1_FORWARD
11.38,14.1,-16.65,-4.5,14.88,ROW1_FORWARD
11.38,14.1,-16.63,-4.5,14.88,ROW1_FORWARD
11.39,14.1,-16.62,-4.5,14.88,ROW1_FORWARD
11.39,14.1,-16.61,-4.5,14.88,ROW1_FORWARD
11.4,14.1,-16.59,-4.5,14.88,ROW1_FORWARD
11.4,14.1,-16.58,-4.5,14.88,ROW1_FORWARD
11.41,14.1,-16.57,-4.5,14.88,ROW1_FORWARD
11.41,14.1,-16.56,-4.5,14.88,ROW1_FORWARD
11.42,14.1,-16.54,-4.5,14.88,ROW1_FORWARD
11.42,14.1,-16.53,-4.5,14.88,ROW1_FORWARD
11.43,14.1,-16.52,-4.5,14.88,ROW1_FORWARD
11.43,14.1,-16.51,-4.5,14.88,ROW1_FORWARD
11.44,14.1,-16.49,-4.5,14.88,ROW1_FORWARD
11.45,14.1,-16.48,-4.5,14.88,ROW1_FORWARD
11.45,14.1,-16.47,-4.5,14.88,ROW1_FORWARD
11.46,14.1,-16.45,-4.5,14.88,ROW1_FORWARD
11.46,14.1,-16.44,-4.5,14.88,ROW1_FORWARD
11.47,14.1,-16.43,-4.5,14.88,ROW1_FORWARD
11.47,14.1,-16.42,-4.5,14.88,ROW1_FORWARD
11.48,14.1,-16.4,-4.5,14.88,ROW1_FORWARD
11.48,14.1,-16.39,-4.5,14.88,ROW1_FORWARD
11.49,14.1,-16.38,-4.5,14.88,ROW1_FORWARD
11.5,14.1,-16.37,-4.5,14.88,ROW1_FORWARD
11.5,14.1,-16.35,-4.5,14.88,ROW1_FORWARD
11.51,14.1,-16.34,-4.5,14.88,ROW1_FORWARD
11.51,14.1,-16.33,-4.5,14.88,ROW1_FORWARD
11.52,14.1,-16.31,-4.5,14.88,ROW1_FORWARD
11.52,14.1,-16.3,-4.5,14.88,ROW1_FORWARD
11.53,14.1,-16.29,-4.5,14.88,ROW1_FORWARD
11.53,14.1,-16.27,-4.5,14.88,ROW1_FORWARD
11.54,14.1,-16.26,-4.5,14.88,ROW1_FORWARD
11.54,14.1,-16.25,-4.5,14.88,ROW1_FORWARD
11.55,14.1,-16.24,-4.5,14.88,ROW1_FORWARD
11.55,14.1,-16.22,-4.5,14.88,ROW1_FORWARD
11.56,14.1,-16.21,-4.5,14.88,ROW1_FORWARD
11.57,14.1,-16.2,-4.5,14.88,ROW1_FORWARD
11.57,14.1,-16.18,-4.5,14.88,ROW1_FORWARD
11.58,14.1,-16.17,-4.5,14.88,ROW1_FORWARD
11.58,14.1,-16.16,-4.5,14.88,ROW1_FORWARD
11.59,14.1,-16.14,-4.5,14.88,ROW1_FORWARD
11.59,14.1,-16.13,-4.5,14.88,ROW1_FORWARD
11.6,14.1,-16.12,-4.5,14.88,ROW1_FORWARD
11.6,14.1,-16.11,-4.5,14.88,ROW1_FORWARD
11.61,14.1,-16.09,-4.5,14.88,ROW1_FORWARD
11.62,14.1,-16.08,-4.5,14.88,ROW1_FORWARD
11.62,14.1,-16.07,-4.5,14.88,ROW1_FORWARD
11.63,14.1,-16.05,-4.5,14.88,ROW1_FORWARD
11.63,14.1,-16.04,-4.5,14.88,ROW1_FORWARD
11.64,14.1,-16.03,-4.5,14.88,ROW1_FORWARD
11.64,14.1,-16.01,-4.5,14.88,ROW1_FORWARD
11.65,14.1,-16.0,-4.5,14.88,ROW1_FORWARD
11.65,14.1,-15.99,-4.5,14.88,ROW1_FORWARD
11.66,14.1,-15.97,-4.5,14.88,ROW1_FORWARD
11.67,14.1,-15.96,-4.5,14.88,ROW1_FORWARD
11.67,14.1,-15.95,-4.5,14.88,ROW1_FORWARD
11.68,14.1,-15.93,-4.5,14.88,ROW1_FORWARD
11.68,14.1,-15.92,-4.5,14.88,ROW1_FORWARD
11.69,14.1,-15.91,-4.5,14.88,ROW1_FORWARD
11.69,14.1,-15.89,-4.5,14.88,ROW1_FORWARD
11.7,14.1,-15.88,-4.5,14.88,ROW1_FORWARD
11.7,14.1,-15.87,-4.5,14.88,ROW1_FORWARD
11.71,14.1,-15.85,-4.5,14.88,ROW1_FORWARD
11.71,14.1,-15.84,-4.5,14.88,ROW1_FORWARD
11.72,14.1,-15.83,-4.5,14.87,ROW1_FORWARD
11.72,14.1,-15.81,-4.5,14.87,ROW1_FORWARD
11.73,14.1,-15.8,-4.5,14.87,ROW1_FORWARD
11.73,14.1,-15.79,-4.5,14.87,ROW1_FORWARD
11.74,14.1,-15.77,-4.5,14.87,ROW1_FORWARD
11.75,14.1,-15.76,-4.5,14.87,ROW1_FORWARD
11.75,14.1,-15.75,-4.5,14.87,ROW1_FORWARD
11.76,14.1,-15.73,-4.5,14.87,ROW1_FORWARD
11.76,14.1,-15.72,-4.5,14.87,ROW1_FORWARD
11.77,14.1,-15.71,-4.5,14.87,ROW1_FORWARD
11.77,14.1,-15.69,-4.5,14.87,ROW1_FORWARD
11.78,14.1,-15.68,-4.5,14.87,ROW1_FORWARD
11.78,14.1,-15.67,-4.5,14.87,ROW1_FORWARD
11.79,14.1,-15.65,-4.5,14.87,ROW1_FORWARD
11.79,14.1,-15.64,-4.5,14.87,ROW1_FORWARD
11.8,14.1,-15.63,-4.5,14.87,ROW1_FORWARD
11.8,14.1,-15.61,-4.5,14.87,ROW1_FORWARD
11.81,14.1,-15.6,-4.5,14.87,ROW1_FORWARD
11.82,14.1,-15.59,-4.5,14.87,ROW1_FORWARD
11.82,14.1,-15.57,-4.5,14.87,ROW1_FORWARD
11.83,14.1,-15.56,-4.5,14.87,ROW1_FORWARD
11.83,14.1,-15.54,-4.5,14.87,ROW1_FORWARD
11.84,14.1,-15.53,-4.5,14.87,ROW1_FORWARD
11.84,14.1,-15.52,-4.5,14.87,ROW1_FORWARD
11.85,14.1,-15.5,-4.5,14.87,ROW1_FORWARD
11.85,14.1,-15.49,-4.5,14.87,ROW1_FORWARD
11.86,14.1,-15.48,-4.5,14.87,ROW1_FORWARD
11.86,14.1,-15.46,-4.5,14.87,ROW1_FORWARD
11.87,14.1,-15.45,-4.5,14.87,ROW1_FORWARD
11.87,14.1,-15.44,-4.5,14.87,ROW1_FORWARD
11.88,14.1,-15.42,-4.5,14.87,ROW1_FORWARD
11.88,14.1,-15.41,-4.5,14.87,ROW1_FORWARD
11.89,14.1,-15.39,-4.5,14.87,ROW1_FORWARD
11.9,14.1,-15.38,-4.5,14.87,ROW1_FORWARD
11.9,14.1,-15.37,-4.5,14.87,ROW1_FORWARD
11.91,14.1,-15.35,-4.5,14.87,ROW1_FORWARD
11.91,14.1,-15.34,-4.5,14.87,ROW1_FORWARD
11.92,14.1,-15.33,-4.5,14.87,ROW1_FORWARD
11.92,14.1,-15.31,-4.5,14.87,ROW1_FORWARD
11.93,14.1,-15.3,-4.5,14.87,ROW1_FORWARD
11.94,14.1,-15.29,-4.5,14.87,ROW1_FORWARD
11.94,14.1,-15.27,-4.5,14.87,ROW1_FORWARD
11.95,14.1,-15.26,-4.5,14.87,ROW1_FORWARD
11.95,14.1,-15.24,-4.5,14.87,ROW1_FORWARD
11.96,14.1,-15.23,-4.5,14.87,ROW1_FORWARD
11.96,14.1,-15.22,-4.5,14.87,ROW1_FORWARD
11.97,14.1,-15.2,-4.5,14.87,ROW1_FORWARD
11.97,14.1,-15.19,-4.5,14.87,ROW1_FORWARD
11.98,14.1,-15.17,-4.5,14.87,ROW1_FORWARD
11.98,14.1,-15.16,-4.5,14.87,ROW1_FORWARD
11.99,14.1,-15.15,-4.5,14.87,ROW1_FORWARD
12.0,14.1,-15.13,-4.5,14.87,ROW1_FORWARD
12.0,14.1,-15.12,-4.5,14.87,ROW1_FORWARD
12.01,14.1,-15.11,-4.5,14.87,ROW1_FORWARD
12.01,14.1,-15.09,-4.5,14.87,ROW1_FORWARD
12.02,14.1,-15.08,-4.5,14.87,ROW1_FORWARD
12.02,14.1,-15.06,-4.5,14.87,ROW1_FORWARD
12.03,14.1,-15.05,-4.5,14.87,ROW1_FORWARD
12.03,14.1,-15.04,-4.5,14.87,ROW1_FORWARD
12.04,14.1,-15.02,-4.5,14.87,ROW1_FORWARD
12.04,14.1,-15.01,-4.5,14.87,ROW1_FORWARD
12.05,14.1,-14.99,-4.5,14.87,ROW1_FORWARD
12.06,14.1,-14.98,-4.5,14.87,ROW1_FORWARD
12.06,14.1,-14.97,-4.5,14.87,ROW1_FORWARD
12.07,14.1,-14.95,-4.5,14.87,ROW1_FORWARD
12.07,14.1,-14.94,-4.5,14.87,ROW1_FORWARD
12.08,14.1,-14.92,-4.5,14.87,ROW1_FORWARD
12.08,14.1,-14.91,-4.5,14.87,ROW1_FORWARD
12.09,14.1,-14.9,-4.5,14.87,ROW1_FORWARD
12.1,14.1,-14.88,-4.5,14.87,ROW1_FORWARD
12.1,14.1,-14.87,-4.5,14.87,ROW1_FORWARD
12.11,14.1,-14.85,-4.5,14.87,ROW1_FORWARD
12.11,14.1,-14.84,-4.5,14.87,ROW1_FORWARD
12.12,14.1,-14.82,-4.5,14.87,ROW1_FORWARD
12.12,14.1,-14.81,-4.5,14.87,ROW1_FORWARD
12.13,14.1,-14.8,-4.51,14.87,ROW1_FORWARD
12.13,14.1,-14.78,-4.51,14.87,ROW1_FORWARD
12.14,14.1,-14.77,-4.51,14.87,ROW1_FORWARD
12.14,14.1,-14.75,-4.51,14.87,ROW1_FORWARD
12.15,14.1,-14.74,-4.51,14.87,ROW1_FORWARD
12.16,14.1,-14.73,-4.51,14.86,ROW1_FORWARD
12.17,14.1,-14.71,-4.51,14.86,ROW1_FORWARD
12.17,14.1,-14.7,-4.51,14.86,ROW1_FORWARD
12.18,14.1,-14.68,-4.51,14.86,ROW1_FORWARD
12.18,14.1,-14.67,-4.51,14.86,ROW1_FORWARD
12.19,14.1,-14.65,-4.51,14.86,ROW1_FORWARD
12.19,14.1,-14.64,-4.51,14.86,ROW1_FORWARD
12.2,14.1,-14.63,-4.51,14.86,ROW1_FORWARD
12.21,14.1,-14.61,-4.51,14.86,ROW1_FORWARD
12.21,14.1,-14.6,-4.51,14.86,ROW1_FORWARD
12.22,14.1,-14.58,-4.51,14.86,ROW1_FORWARD
12.22,14.1,-14.57,-4.51,14.86,ROW1_FORWARD
12.23,14.1,-14.55,-4.51,14.86,ROW1_FORWARD
12.23,14.1,-14.54,-4.51,14.86,ROW1_FORWARD
12.24,14.1,-14.53,-4.51,14.86,ROW1_FORWARD
12.25,14.1,-14.51,-4.51,14.86,ROW1_FORWARD
12.25,14.1,-14.5,-4.51,14.86,ROW1_FORWARD
12.26,14.1,-14.48,-4.51,14.86,ROW1_FORWARD
12.26,14.1,-14.47,-4.51,14.86,ROW1_FORWARD
12.27,14.1,-14.45,-4.51,14.86,ROW1_FORWARD
12.27,14.1,-14.44,-4.51,14.86,ROW1_FORWARD
12.28,14.1,-14.43,-4.51,14.86,ROW1_FORWARD
12.28,14.1,-14.41,-4.51,14.86,ROW1_FORWARD
12.29,14.1,-14.4,-4.51,14.86,ROW1_FORWARD
12.29,14.1,-14.38,-4.51,14.86,ROW1_FORWARD
12.3,14.1,-14.37,-4.51,14.86,ROW1_FORWARD
12.3,14.1,-14.35,-4.51,14.86,ROW1_FORWARD
12.31,14.1,-14.34,-4.51,14.86,ROW1_FORWARD
12.32,14.1,-14.32,-4.51,14.86,ROW1_FORWARD
12.33,14.1,-14.31,-4.51,14.86,ROW1_FORWARD
12.34,14.1,-14.3,-4.51,14.86,ROW1_FORWARD
12.34,14.1,-14.28,-4.51,14.86,ROW1_FORWARD
12.35,14.1,-14.27,-4.51,14.86,ROW1_FORWARD
12.35,14.1,-14.25,-4.51,14.86,ROW1_FORWARD
12.36,14.1,-14.24,-4.51,14.86,ROW1_FORWARD
12.36,14.1,-14.22,-4.51,14.86,ROW1_FORWARD
12.37,14.1,-14.21,-4.51,14.86,ROW1_FORWARD
12.38,14.1,-14.19,-4.51,14.86,ROW1_FORWARD
12.38,14.1,-14.18,-4.51,14.86,ROW1_FORWARD
12.39,14.1,-14.16,-4.51,14.86,ROW1_FORWARD
12.39,14.1,-14.15,-4.51,14.86,ROW1_FORWARD
12.4,14.1,-14.14,-4.51,14.86,ROW1_FORWARD
12.4,14.1,-14.12,-4.51,14.86,ROW1_FORWARD
12.41,14.1,-14.11,-4.51,14.86,ROW1_FORWARD
12.41,14.1,-14.09,-4.51,14.86,ROW1_FORWARD
12.42,14.1,-14.08,-4.51,14.86,ROW1_FORWARD
12.42,14.1,-14.06,-4.51,14.86,ROW1_FORWARD
12.43,14.1,-14.05,-4.51,14.86,ROW1_FORWARD
12.43,14.1,-14.03,-4.51,14.86,ROW1_FORWARD
12.44,14.1,-14.02,-4.51,14.86,ROW1_FORWARD
12.44,14.1,-14.0,-4.51,14.86,ROW1_FORWARD
12.45,14.1,-13.99,-4.51,14.86,ROW1_FORWARD
12.45,14.1,-13.97,-4.51,14.86,ROW1_FORWARD
12.46,14.1,-13.96,-4.51,14.86,ROW1_FORWARD
12.46,14.1,-13.95,-4.51,14.86,ROW1_FORWARD
12.47,14.1,-13.93,-4.51,14.86,ROW1_FORWARD
12.48,14.1,-13.92,-4.51,14.86,ROW1_FORWARD
12.48,14.1,-13.9,-4.51,14.86,ROW1_FORWARD
12.49,14.1,-13.89,-4.51,14.86,ROW1_FORWARD
12.49,14.1,-13.87,-4.51,14.86,ROW1_FORWARD
12.5,14.1,-13.86,-4.51,14.86,ROW1_FORWARD
12.5,14.1,-13.84,-4.51,14.86,ROW1_FORWARD
12.51,14.1,-13.83,-4.51,14.86,ROW1_FORWARD
12.51,14.1,-13.81,-4.51,14.86,ROW1_FORWARD
12.52,14.1,-13.8,-4.51,14.86,ROW1_FORWARD
12.53,14.1,-13.78,-4.51,14.86,ROW1_FORWARD
12.53,14.1,-13.77,-4.51,14.86,ROW1_FORWARD
12.54,14.1,-13.75,-4.51,14.86,ROW1_FORWARD
12.54,14.1,-13.74,-4.51,14.86,ROW1_FORWARD
12.55,14.1,-13.72,-4.51,14.86,ROW1_FORWARD
12.55,14.1,-13.71,-4.51,14.86,ROW1_FORWARD
12.56,14.1,-13.69,-4.51,14.86,ROW1_FORWARD
12.56,14.1,-13.68,-4.51,14.86,ROW1_FORWARD
12.57,14.1,-13.66,-4.51,14.86,ROW1_FORWARD
12.58,14.1,-13.65,-4.51,14.86,ROW1_FORWARD
12.58,14.1,-13.63,-4.51,14.86,ROW1_FORWARD
12.59,14.1,-13.62,-4.51,14.86,ROW1_FORWARD
12.59,14.1,-13.6,-4.51,14.86,ROW1_FORWARD
12.6,14.1,-13.59,-4.51,14.86,ROW1_FORWARD
12.6,14.1,-13.57,-4.51,14.86,ROW1_FORWARD
12.61,14.1,-13.56,-4.51,14.85,ROW1_FORWARD
12.62,14.1,-13.54,-4.51,14.85,ROW1_FORWARD
12.62,14.1,-13.53,-4.51,14.85,ROW1_FORWARD
12.63,14.1,-13.51,-4.51,14.85,ROW1_FORWARD
12.63,14.1,-13.5,-4.51,14.85,ROW1_FORWARD
12.64,14.1,-13.48,-4.51,14.85,ROW1_FORWARD
12.64,14.1,-13.47,-4.51,14.85,ROW1_FORWARD
12.65,14.1,-13.45,-4.51,14.85,ROW1_FORWARD
12.65,14.1,-13.44,-4.51,14.85,ROW1_FORWARD
12.66,14.1,-13.42,-4.51,14.85,ROW1_FORWARD
12.67,14.1,-13.41,-4.51,14.85,ROW1_FORWARD
12.67,14.1,-13.39,-4.51,14.85,ROW1_FORWARD
12.68,14.1,-13.38,-4.51,14.85,ROW1_FORWARD
12.68,14.1,-13.36,-4.51,14.85,ROW1_FORWARD
12.69,14.1,-13.35,-4.51,14.85,ROW1_FORWARD
12.69,14.1,-13.33,-4.51,14.85,ROW1_FORWARD
12.7,14.1,-13.32,-4.51,14.85,ROW1_FORWARD
12.7,14.1,-13.3,-4.51,14.85,ROW1_FORWARD
12.71,14.1,-13.29,-4.51,14.85,ROW1_FORWARD
12.71,14.1,-13.27,-4.51,14.85,ROW1_FORWARD
12.72,14.1,-13.26,-4.51,14.85,ROW1_FORWARD
12.72,14.1,-13.24,-4.51,14.85,ROW1_FORWARD
12.73,14.1,-13.23,-4.51,14.85,ROW1_FORWARD
12.73,14.1,-13.21,-4.51,14.85,ROW1_FORWARD
12.74,14.1,-13.2,-4.51,14.85,ROW1_FORWARD
12.74,14.1,-13.18,-4.51,14.85,ROW1_FORWARD
12.75,14.1,-13.17,-4.51,14.85,ROW1_FORWARD
12.76,14.1,-13.15,-4.51,14.85,ROW1_FORWARD
12.76,14.1,-13.14,-4.51,14.85,ROW1_FORWARD
12.77,14.1,-13.12,-4.51,14.85,ROW1_FORWARD
12.77,14.1,-13.11,-4.51,14.85,ROW1_FORWARD
12.78,14.1,-13.09,-4.51,14.85,ROW1_FORWARD
12.78,14.1,-13.08,-4.51,14.85,ROW1_FORWARD
12.79,14.1,-13.06,-4.51,14.85,ROW1_FORWARD
12.79,14.1,-13.05,-4.51,14.85,ROW1_FORWARD
12.8,14.1,-13.03,-4.51,14.85,ROW1_FORWARD
12.8,14.1,-13.02,-4.51,14.85,ROW1_FORWARD
12.81,14.1,-13.0,-4.51,14.85,ROW1_FORWARD
12.81,14.1,-12.98,-4.51,14.85,ROW1_FORWARD
12.82,14.1,-12.97,-4.51,14.85,ROW1_FORWARD
12.82,14.1,-12.95,-4.51,14.85,ROW1_FORWARD
12.83,14.1,-12.94,-4.51,14.85,ROW1_FORWARD
12.84,14.1,-12.92,-4.51,14.85,ROW1_FORWARD
12.84,14.1,-12.91,-4.51,14.85,ROW1_FORWARD
12.85,14.1,-12.89,-4.51,14.85,ROW1_FORWARD
12.85,14.1,-12.88,-4.51,14.85,ROW1_FORWARD
12.86,14.1,-12.86,-4.51,14.85,ROW1_FORWARD
12.86,14.1,-12.85,-4.51,14.85,ROW1_FORWARD
12.87,14.1,-12.83,-4.51,14.85,ROW1_FORWARD
12.87,14.1,-12.82,-4.51,14.85,ROW1_FORWARD
12.88,14.1,-12.8,-4.51,14.85,ROW1_FORWARD
12.88,14.1,-12.79,-4.51,14.85,ROW1_FORWARD
12.89,14.1,-12.77,-4.51,14.85,ROW1_FORWARD
12.89,14.1,-12.75,-4.51,14.85,ROW1_FORWARD
12.9,14.1,-12.74,-4.51,14.85,ROW1_FORWARD
12.91,14.1,-12.72,-4.51,14.85,ROW1_FORWARD
12.91,14.1,-12.71,-4.51,14.85,ROW1_FORWARD
12.92,14.1,-12.69,-4.51,14.85,ROW1_FORWARD
12.92,14.1,-12.68,-4.51,14.85,ROW1_FORWARD
12.93,14.1,-12.66,-4.51,14.85,ROW1_FORWARD
12.93,14.1,-12.65,-4.51,14.85,ROW1_FORWARD
12.94,14.1,-12.63,-4.51,14.85,ROW1_FORWARD
12.94,14.1,-12.62,-4.51,14.85,ROW1_FORWARD
12.95,14.1,-12.6,-4.51,14.85,ROW1_FORWARD
12.95,14.1,-12.58,-4.51,14.85,ROW1_FORWARD
12.96,14.1,-12.57,-4.51,14.85,ROW1_FORWARD
12.96,14.1,-12.55,-4.51,14.85,ROW1_FORWARD
12.97,14.1,-12.54,-4.51,14.85,ROW1_FORWARD
12.97,14.1,-12.52,-4.51,14.85,ROW1_FORWARD
12.98,14.1,-12.51,-4.51,14.85,ROW1_FORWARD
12.98,14.1,-12.49,-4.51,14.85,ROW1_FORWARD
12.99,14.1,-12.48,-4.51,14.85,ROW1_FORWARD
13.0,14.1,-12.46,-4.51,14.85,ROW1_FORWARD
13.0,14.1,-12.44,-4.51,14.85,ROW1_FORWARD
13.01,14.1,-12.43,-4.51,14.85,ROW1_FORWARD
13.01,14.1,-12.41,-4.51,14.85,ROW1_FORWARD
13.02,14.1,-12.4,-4.51,14.85,ROW1_FORWARD
13.02,14.1,-12.38,-4.51,14.85,ROW1_FORWARD
13.03,14.1,-12.37,-4.51,14.85,ROW1_FORWARD
13.04,14.1,-12.35,-4.51,14.85,ROW1_FORWARD
13.04,14.1,-12.34,-4.51,14.84,ROW1_FORWARD
13.05,14.1,-12.32,-4.51,14.84,ROW1_FORWARD
13.05,14.1,-12.3,-4.51,14.84,ROW1_FORWARD
13.06,14.1,-12.29,-4.51,14.84,ROW1_FORWARD
13.06,14.1,-12.27,-4.51,14.84,ROW1_FORWARD
13.07,14.1,-12.26,-4.51,14.84,ROW1_FORWARD
13.07,14.1,-12.24,-4.51,14.84,ROW1_FORWARD
13.08,14.1,-12.23,-4.51,14.84,ROW1_FORWARD
13.08,14.1,-12.21,-4.51,14.84,ROW1_FORWARD
13.09,14.1,-12.19,-4.51,14.84,ROW1_FORWARD
13.1,14.1,-12.18,-4.51,14.84,ROW1_FORWARD
13.1,14.1,-12.16,-4.51,14.84,ROW1_FORWARD
13.11,14.1,-12.15,-4.51,14.84,ROW1_FORWARD
13.11,14.1,-12.13,-4.51,14.84,ROW1_FORWARD
13.12,14.1,-12.12,-4.51,14.84,ROW1_FORWARD
13.12,14.1,-12.1,-4.51,14.84,ROW1_FORWARD
13.13,14.1,-12.08,-4.51,14.84,ROW1_FORWARD
13.13,14.1,-12.07,-4.51,14.84,ROW1_FORWARD
13.14,14.1,-12.05,-4.51,14.84,ROW1_FORWARD
13.15,14.1,-12.04,-4.51,14.84,ROW1_FORWARD
13.15,14.1,-12.02,-4.51,14.84,ROW1_FORWARD
13.16,14.1,-12.01,-4.51,14.84,ROW1_FORWARD
13.16,14.1,-11.99,-4.51,14.84,ROW1_FORWARD
13.17,14.1,-11.97,-4.51,14.84,ROW1_FORWARD
13.17,14.1,-11.96,-4.51,14.84,ROW1_FORWARD
13.18,14.1,-11.94,-4.51,14.84,ROW1_FORWARD
13.18,14.1,-11.93,-4.51,14.84,ROW1_FORWARD
13.19,14.1,-11.91,-4.51,14.84,ROW1_FORWARD
13.2,14.1,-11.89,-4.51,14.84,ROW1_FORWARD
13.2,14.1,-11.88,-4.51,14.84,ROW1_FORWARD
13.21,14.1,-11.86,-4.51,14.84,ROW1_FORWARD
13.21,14.1,-11.85,-4.51,14.84,ROW1_FORWARD
13.22,14.1,-11.83,-4.51,14.84,ROW1_FORWARD
13.22,14.1,-11.81,-4.51,14.84,ROW1_FORWARD
13.23,14.1,-11.8,-4.51,14.84,ROW1_FORWARD
13.24,14.1,-11.78,-4.51,14.84,ROW1_FORWARD
13.24,14.1,-11.77,-4.51,14.84,ROW1_FORWARD
13.25,14.1,-11.75,-4.51,14.84,ROW1_FORWARD
13.25,14.1,-11.74,-4.51,14.84,ROW1_FORWARD
13.26,14.1,-11.72,-4.51,14.84,ROW1_FORWARD
13.26,14.1,-11.7,-4.51,14.84,ROW1_FORWARD
13.27,14.1,-11.69,-4.51,14.84,ROW1_FORWARD
13.27,14.1,-11.67,-4.51,14.84,ROW1_FORWARD
13.28,14.1,-11.66,-4.51,14.84,ROW1_FORWARD
13.28,14.1,-11.64,-4.51,14.84,ROW1_FORWARD
13.29,14.1,-11.62,-4.51,14.84,ROW1_FORWARD
13.29,14.1,-11.61,-4.51,14.84,ROW1_FORWARD
13.3,14.1,-11.59,-4.51,14.84,ROW1_FORWARD
13.3,14.1,-11.58,-4.51,14.84,ROW1_FORWARD
13.31,14.1,-11.56,-4.51,14.84,ROW1_FORWARD
13.31,14.1,-11.54,-4.51,14.84,ROW1_FORWARD
13.32,14.1,-11.53,-4.51,14.84,ROW1_FORWARD
13.33,14.1,-11.51,-4.51,14.84,ROW1_FORWARD
13.33,14.1,-11.5,-4.51,14.84,ROW1_FORWARD
13.34,14.1,-11.48,-4.51,14.84,ROW1_FORWARD
13.35,14.1,-11.46,-4.51,14.84,ROW1_FORWARD
13.35,14.1,-11.45,-4.51,14.84,ROW1_FORWARD
13.36,14.1,-11.43,-4.51,14.84,ROW1_FORWARD
13.36,14.1,-11.41,-4.51,14.84,ROW1_FORWARD
13.37,14.1,-11.4,-4.51,14.84,ROW1_FORWARD
13.37,14.1,-11.38,-4.51,14.84,ROW1_FORWARD
13.38,14.1,-11.37,-4.51,14.84,ROW1_FORWARD
13.39,14.1,-11.35,-4.51,14.84,ROW1_FORWARD
13.39,14.1,-11.33,-4.51,14.84,ROW1_FORWARD
13.4,14.1,-11.32,-4.51,14.84,ROW1_FORWARD
13.4,14.1,-11.3,-4.51,14.84,ROW1_FORWARD
13.41,14.1,-11.29,-4.51,14.84,ROW1_FORWARD
13.41,14.1,-11.27,-4.51,14.84,ROW1_FORWARD
13.42,14.1,-11.25,-4.51,14.84,ROW1_FORWARD
13.42,14.1,-11.24,-4.51,14.84,ROW1_FORWARD
13.43,14.1,-11.22,-4.51,14.84,ROW1_FORWARD
13.43,14.1,-11.21,-4.51,14.84,ROW1_FORWARD
13.44,14.1,-11.19,-4.51,14.84,ROW1_FORWARD
13.44,14.1,-11.17,-4.51,14.84,ROW1_FORWARD
13.45,14.1,-11.16,-4.51,14.84,ROW1_FORWARD
13.46,14.1,-11.14,-4.51,14.84,ROW1_FORWARD
13.46,14.1,-11.12,-4.51,14.84,ROW1_FORWARD
13.47,14.1,-11.11,-4.51,14.84,ROW1_FORWARD
13.47,14.1,-11.09,-4.51,14.84,ROW1_FORWARD
13.48,14.1,-11.08,-4.51,14.84,ROW1_FORWARD
13.48,14.1,-11.06,-4.51,14.83,ROW1_FORWARD
13.49,14.1,-11.04,-4.51,14.83,ROW1_FORWARD
13.49,14.1,-11.03,-4.51,14.83,ROW1_FORWARD
13.5,14.1,-11.01,-4.51,14.83,ROW1_FORWARD
13.5,14.1,-10.99,-4.51,14.83,ROW1_FORWARD
13.51,14.1,-10.98,-4.51,14.83,ROW1_FORWARD
13.52,14.1,-10.96,-4.51,14.83,ROW1_FORWARD
13.52,14.1,-10.95,-4.51,14.83,ROW1_FORWARD
13.53,14.1,-10.93,-4.51,14.83,ROW1_FORWARD
13.53,14.1,-10.91,-4.51,14.83,ROW1_FORWARD
13.54,14.1,-10.9,-4.51,14.83,ROW1_FORWARD
13.54,14.1,-10.88,-4.51,14.83,ROW1_FORWARD
13.55,14.1,-10.86,-4.51,14.83,ROW1_FORWARD
13.55,14.1,-10.85,-4.51,14.83,ROW1_FORWARD
13.56,14.1,-10.83,-4.51,14.83,ROW1_FORWARD
13.57,14.1,-10.81,-4.51,14.83,ROW1_FORWARD
13.57,14.1,-10.8,-4.51,14.83,ROW1_FORWARD
13.58,14.1,-10.78,-4.51,14.83,ROW1_FORWARD
13.58,14.1,-10.77,-4.51,14.83,ROW1_FORWARD
13.59,14.1,-10.75,-4.51,14.83,ROW1_FORWARD
13.59,14.1,-10.73,-4.51,14.83,ROW1_FORWARD
13.6,14.1,-10.72,-4.51,14.83,ROW1_FORWARD
13.6,14.1,-10.7,-4.51,14.83,ROW1_FORWARD
13.61,14.1,-10.68,-4.51,14.83,ROW1_FORWARD
13.61,14.1,-10.67,-4.51,14.83,ROW1_FORWARD
13.62,14.1,-10.65,-4.51,14.83,ROW1_FORWARD
13.62,14.1,-10.63,-4.51,14.83,ROW1_FORWARD
13.63,14.1,-10.62,-4.51,14.83,ROW1_FORWARD
13.63,14.1,-10.6,-4.51,14.83,ROW1_FORWARD
13.64,14.1,-10.58,-4.51,14.83,ROW1_FORWARD
13.64,14.1,-10.57,-4.51,14.83,ROW1_FORWARD
13.65,14.1,-10.55,-4.51,14.83,ROW1_FORWARD
13.65,14.1,-10.54,-4.51,14.83,ROW1_FORWARD
13.66,14.1,-10.52,-4.51,14.83,ROW1_FORWARD
13.66,14.1,-10.5,-4.51,14.83,ROW1_FORWARD
13.67,14.1,-10.49,-4.51,14.83,ROW1_FORWARD
13.68,14.1,-10.47,-4.51,14.83,ROW1_FORWARD
13.68,14.1,-10.45,-4.51,14.83,ROW1_FORWARD
13.69,14.1,-10.44,-4.51,14.83,ROW1_FORWARD
13.69,14.1,-10.42,-4.51,14.83,ROW1_FORWARD
13.7,14.1,-10.4,-4.51,14.83,ROW1_FORWARD
13.7,14.1,-10.39,-4.51,14.83,ROW1_FORWARD
13.71,14.1,-10.37,-4.51,14.83,ROW1_FORWARD
13.71,14.1,-10.35,-4.51,14.83,ROW1_FORWARD
13.72,14.1,-10.34,-4.51,14.83,ROW1_FORWARD
13.72,14.1,-10.32,-4.51,14.83,ROW1_FORWARD
13.73,14.1,-10.3,-4.51,14.83,ROW1_FORWARD
13.74,14.1,-10.29,-4.51,14.83,ROW1_FORWARD
13.74,14.1,-10.27,-4.51,14.83,ROW1_FORWARD
13.75,14.1,-10.25,-4.51,14.83,ROW1_FORWARD
13.75,14.1,-10.24,-4.51,14.83,ROW1_FORWARD
13.76,14.1,-10.22,-4.51,14.83,ROW1_FORWARD
13.76,14.1,-10.2,-4.51,14.83,ROW1_FORWARD
13.77,14.1,-10.19,-4.51,14.83,ROW1_FORWARD
13.78,14.1,-10.17,-4.51,14.83,ROW1_FORWARD
13.78,14.1,-10.15,-4.51,14.83,ROW1_FORWARD
13.79,14.1,-10.14,-4.51,14.83,ROW1_FORWARD
13.79,14.1,-10.12,-4.51,14.83,ROW1_FORWARD
13.8,14.1,-10.1,-4.51,14.83,ROW1_FORWARD
13.81,14.1,-10.09,-4.51,14.83,ROW1_FORWARD
13.81,14.1,-10.07,-4.51,14.83,ROW1_FORWARD
13.82,14.1,-10.05,-4.51,14.83,ROW1_FORWARD
13.83,14.1,-10.04,-4.51,14.83,ROW1_FORWARD
13.83,14.1,-10.02,-4.51,14.83,ROW1_FORWARD
13.84,14.1,-10.0,-4.51,14.83,ROW1_FORWARD
13.84,14.1,-9.99,-4.51,14.83,ROW1_FORWARD
13.85,14.1,-9.97,-4.51,14.83,ROW1_FORWARD
13.85,14.1,-9.95,-4.51,14.83,ROW1_FORWARD
13.86,14.1,-9.94,-4.51,14.83,ROW1_FORWARD
13.86,14.1,-9.92,-4.51,14.83,ROW1_FORWARD
13.87,14.1,-9.9,-4.51,14.83,ROW1_FORWARD
13.88,14.1,-9.89,-4.51,14.83,ROW1_FORWARD
13.88,14.1,-9.87,-4.51,14.83,ROW1_FORWARD
13.89,14.1,-9.85,-4.51,14.83,ROW1_FORWARD
13.89,14.1,-9.84,-4.51,14.83,ROW1_FORWARD
13.9,14.1,-9.82,-4.51,14.83,ROW1_FORWARD
13.9,14.1,-9.8,-4.51,14.83,ROW1_FORWARD
13.91,14.1,-9.79,-4.51,14.83,ROW1_FORWARD
13.92,14.1,-9.77,-4.51,14.83,ROW1_FORWARD
13.92,14.1,-9.75,-4.51,14.83,ROW1_FORWARD
13.93,14.1,-9.74,-4.51,14.82,ROW1_FORWARD
13.93,14.1,-9.72,-4.51,14.82,ROW1_FORWARD
13.94,14.1,-9.7,-4.51,14.82,ROW1_FORWARD
13.94,14.1,-9.69,-4.51,14.82,ROW1_FORWARD
13.95,14.1,-9.67,-4.51,14.82,ROW1_FORWARD
13.95,14.1,-9.65,-4.51,14.82,ROW1_FORWARD
13.96,14.1,-9.64,-4.51,14.82,ROW1_FORWARD
13.96,14.1,-9.62,-4.51,14.82,ROW1_FORWARD
13.97,14.1,-9.6,-4.51,14.82,ROW1_FORWARD
13.98,14.1,-9.58,-4.51,14.82,ROW1_FORWARD
13.98,14.1,-9.57,-4.51,14.82,ROW1_FORWARD
13.99,14.1,-9.55,-4.51,14.82,ROW1_FORWARD
13.99,14.1,-9.53,-4.51,14.82,ROW1_FORWARD
14.0,14.1,-9.52,-4.51,14.82,ROW1_FORWARD
14.0,14.1,-9.5,-4.51,14.82,ROW1_FORWARD
14.01,14.1,-9.48,-4.51,14.82,ROW1_FORWARD
14.01,14.1,-9.47,-4.51,14.82,ROW1_FORWARD
14.02,14.1,-9.45,-4.51,14.82,ROW1_FORWARD
14.02,14.1,-9.43,-4.51,14.82,ROW1_FORWARD
14.03,14.1,-9.42,-4.51,14.82,ROW1_FORWARD
14.03,14.1,-9.4,-4.51,14.82,ROW1_FORWARD
14.04,14.1,-9.38,-4.51,14.82,ROW1_FORWARD
14.04,14.1,-9.37,-4.51,14.82,ROW1_FORWARD
14.05,14.1,-9.35,-4.51,14.82,ROW1_FORWARD
14.05,14.1,-9.33,-4.51,14.82,ROW1_FORWARD
14.06,14.1,-9.31,-4.51,14.82,ROW1_FORWARD
14.07,14.1,-9.3,-4.51,14.82,ROW1_FORWARD
14.07,14.1,-9.28,-4.51,14.82,ROW1_FORWARD
14.08,14.1,-9.26,-4.51,14.82,ROW1_FORWARD
14.08,14.1,-9.25,-4.51,14.82,ROW1_FORWARD
14.09,14.1,-9.23,-4.51,14.82,ROW1_FORWARD
14.09,14.1,-9.21,-4.51,14.82,ROW1_FORWARD
14.1,14.1,-9.2,-4.51,14.82,ROW1_FORWARD
14.11,14.1,-9.18,-4.51,14.82,ROW1_FORWARD
14.11,14.1,-9.16,-4.51,14.82,ROW1_FORWARD
14.12,14.1,-9.14,-4.51,14.82,ROW1_FORWARD
14.12,14.1,-9.13,-4.51,14.82,ROW1_FORWARD
14.13,14.1,-9.11,-4.51,14.82,ROW1_FORWARD
14.13,14.1,-9.09,-4.51,14.82,ROW1_FORWARD
14.14,14.1,-9.08,-4.51,14.82,ROW1_FORWARD
14.14,14.1,-9.06,-4.51,14.82,ROW1_FORWARD
14.15,14.1,-9.04,-4.51,14.82,ROW1_FORWARD
14.16,14.1,-9.03,-4.51,14.82,ROW1_FORWARD
14.16,14.1,-9.01,-4.51,14.82,ROW1_FORWARD
14.17,14.1,-8.99,-4.51,14.82,ROW1_FORWARD
14.17,14.1,-8.97,-4.51,14.82,ROW1_FORWARD
14.18,14.1,-8.96,-4.51,14.82,ROW1_FORWARD
14.18,14.1,-8.94,-4.51,14.82,ROW1_FORWARD
14.19,14.1,-8.92,-4.51,14.82,ROW1_FORWARD
14.19,14.1,-8.91,-4.51,14.82,ROW1_FORWARD
14.2,14.1,-8.89,-4.51,14.82,ROW1_FORWARD
14.2,14.1,-8.87,-4.51,14.82,ROW1_FORWARD
14.21,14.1,-8.85,-4.51,14.82,ROW1_FORWARD
14.21,14.1,-8.84,-4.51,14.82,ROW1_FORWARD
14.22,14.1,-8.82,-4.51,14.82,ROW1_FORWARD
14.22,14.1,-8.8,-4.51,14.82,ROW1_FORWARD
14.23,14.1,-8.79,-4.51,14.82,ROW1_FORWARD
14.24,14.1,-8.77,-4.51,14.82,ROW1_FORWARD
14.24,14.1,-8.75,-4.51,14.82,ROW1_FORWARD
14.25,14.1,-8.73,-4.51,14.82,ROW1_FORWARD
14.25,14.1,-8.72,-4.51,14.82,ROW1_FORWARD
14.26,14.1,-8.7,-4.51,14.82,ROW1_FORWARD
14.26,14.1,-8.68,-4.51,14.82,ROW1_FORWARD
14.27,14.1,-8.67,-4.51,14.82,ROW1_FORWARD
14.27,14.1,-8.65,-4.51,14.82,ROW1_FORWARD
14.28,14.1,-8.63,-4.51,14.82,ROW1_FORWARD
14.28,14.1,-8.61,-4.51,14.82,ROW1_FORWARD
14.29,14.1,-8.6,-4.51,14.82,ROW1_FORWARD
14.29,14.1,-8.58,-4.51,14.82,ROW1_FORWARD
14.3,14.1,-8.56,-4.51,14.82,ROW1_FORWARD
14.3,14.1,-8.54,-4.51,14.82,ROW1_FORWARD
14.31,14.1,-8.53,-4.51,14.82,ROW1_FORWARD
14.32,14.1,-8.51,-4.51,14.82,ROW1_FORWARD
14.32,14.1,-8.49,-4.51,14.82,ROW1_FORWARD
14.33,14.1,-8.48,-4.51,14.82,ROW1_FORWARD
14.33,14.1,-8.46,-4.51,14.82,ROW1_FORWARD
14.34,14.1,-8.44,-4.51,14.82,ROW1_FORWARD
14.35,14.1,-8.42,-4.51,14.82,ROW1_FORWARD
14.35,14.1,-8.41,-4.51,14.82,ROW1_FORWARD
14.36,14.1,-8.39,-4.51,14.82,ROW1_FORWARD
14.36,14.1,-8.37,-4.51,14.81,ROW1_FORWARD
14.37,14.1,-8.36,-4.51,14.81,ROW1_FORWARD
14.37,14.1,-8.34,-4.51,14.81,ROW1_FORWARD
14.38,14.1,-8.32,-4.51,14.81,ROW1_FORWARD
14.39,14.1,-8.3,-4.51,14.81,ROW1_FORWARD
14.39,14.1,-8.29,-4.51,14.81,ROW1_FORWARD
14.4,14.1,-8.27,-4.51,14.81,ROW1_FORWARD
14.4,14.1,-8.25,-4.51,14.81,ROW1_FORWARD
14.41,14.1,-8.23,-4.51,14.81,ROW1_FORWARD
14.41,14.1,-8.22,-4.51,14.81,ROW1_FORWARD
14.42,14.1,-8.2,-4.51,14.81,ROW1_FORWARD
14.42,14.1,-8.18,-4.51,14.81,ROW1_FORWARD
14.43,14.1,-8.16,-4.51,14.81,ROW1_FORWARD
14.44,14.1,-8.15,-4.51,14.81,ROW1_FORWARD
14.44,14.1,-8.13,-4.51,14.81,ROW1_FORWARD
14.45,14.1,-8.11,-4.51,14.81,ROW1_FORWARD
14.45,14.1,-8.1,-4.51,14.81,ROW1_FORWARD
14.46,14.1,-8.08,-4.51,14.81,ROW1_FORWARD
14.46,14.1,-8.06,-4.51,14.81,ROW1_FORWARD
14.47,14.1,-8.04,-4.51,14.81,ROW1_FORWARD
14.48,14.1,-8.03,-4.51,14.81,ROW1_FORWARD
14.48,14.1,-8.01,-4.51,14.81,ROW1_FORWARD
14.49,14.1,-7.99,-4.51,14.81,ROW1_FORWARD
14.5,14.1,-7.97,-4.51,14.81,ROW1_FORWARD
14.5,14.1,-7.96,-4.51,14.81,ROW1_FORWARD
14.51,14.1,-7.94,-4.51,14.81,ROW1_FORWARD
14.51,14.1,-7.92,-4.51,14.81,ROW1_FORWARD
14.52,14.1,-7.9,-4.51,14.81,ROW1_FORWARD
14.53,14.1,-7.89,-4.51,14.81,ROW1_FORWARD
14.53,14.1,-7.87,-4.51,14.81,ROW1_FORWARD
14.54,14.1,-7.85,-4.51,14.81,ROW1_FORWARD
14.55,14.1,-7.83,-4.51,14.81,ROW1_FORWARD
14.55,14.1,-7.82,-4.51,14.81,ROW1_FORWARD
14.56,14.1,-7.8,-4.51,14.81,ROW1_FORWARD
14.57,14.1,-7.78,-4.51,14.81,ROW1_FORWARD
14.57,14.1,-7.76,-4.51,14.81,ROW1_FORWARD
14.58,14.1,-7.75,-4.51,14.81,ROW1_FORWARD
14.59,14.1,-7.73,-4.51,14.81,ROW1_FORWARD
14.59,14.1,-7.71,-4.51,14.81,ROW1_FORWARD
14.6,14.1,-7.69,-4.51,14.81,ROW1_FORWARD
14.61,14.1,-7.68,-4.51,14.81,ROW1_FORWARD
14.61,14.1,-7.66,-4.51,14.81,ROW1_FORWARD
14.62,14.1,-7.64,-4.51,14.81,ROW1_FORWARD
14.63,14.1,-7.62,-4.51,14.81,ROW1_FORWARD
14.64,14.1,-7.61,-4.51,14.81,ROW1_FORWARD
14.64,14.1,-7.59,-4.51,14.81,ROW1_FORWARD
14.65,14.1,-7.57,-4.51,14.81,ROW1_FORWARD
14.66,14.1,-7.55,-4.51,14.81,ROW1_FORWARD
14.67,14.1,-7.54,-4.51,14.81,ROW1_FORWARD
14.68,14.1,-7.52,-4.51,14.81,ROW1_FORWARD
14.68,14.1,-7.5,-4.51,14.81,ROW1_FORWARD
14.69,14.1,-7.48,-4.51,14.81,ROW1_FORWARD
14.69,14.1,-7.47,-4.51,14.81,ROW1_FORWARD
14.7,14.1,-7.45,-4.51,14.81,ROW1_FORWARD
14.7,14.1,-7.43,-4.51,14.81,ROW1_FORWARD
14.71,14.1,-7.41,-4.51,14.81,ROW1_FORWARD
14.71,14.1,-7.4,-4.51,14.81,ROW1_FORWARD
14.72,14.1,-7.38,-4.51,14.81,ROW1_FORWARD
14.72,14.1,-7.36,-4.51,14.81,ROW1_FORWARD
14.73,14.1,-7.34,-4.51,14.81,ROW1_FORWARD
14.74,14.1,-7.33,-4.51,14.81,ROW1_FORWARD
14.74,14.1,-7.31,-4.51,14.81,ROW1_FORWARD
14.75,14.1,-7.29,-4.51,14.81,ROW1_FORWARD
14.75,14.1,-7.27,-4.51,14.81,ROW1_FORWARD
14.76,14.1,-7.25,-4.51,14.81,ROW1_FORWARD
14.76,14.1,-7.24,-4.51,14.81,ROW1_FORWARD
14.77,14.1,-7.22,-4.51,14.81,ROW1_FORWARD
14.77,14.1,-7.2,-4.51,14.81,ROW1_FORWARD
14.78,14.1,-7.18,-4.51,14.81,ROW1_FORWARD
14.79,14.1,-7.17,-4.51,14.81,ROW1_FORWARD
14.79,14.1,-7.15,-4.51,14.81,ROW1_FORWARD
14.8,14.1,-7.13,-4.51,14.81,ROW1_FORWARD
14.8,14.1,-7.11,-4.51,14.81,ROW1_FORWARD
14.81,14.1,-7.1,-4.51,14.81,ROW1_FORWARD
14.81,14.1,-7.08,-4.51,14.81,ROW1_FORWARD
14.82,14.1,-7.06,-4.51,14.81,ROW1_FORWARD
14.83,14.1,-7.04,-4.51,14.81,ROW1_FORWARD
14.83,14.1,-7.02,-4.51,14.81,ROW1_FORWARD
14.84,14.1,-7.01,-4.51,14.81,ROW1_FORWARD
14.84,14.1,-6.99,-4.51,14.81,ROW1_FORWARD
14.85,14.1,-6.97,-4.51,14.8,ROW1_FORWARD
14.86,14.1,-6.95,-4.51,14.8,ROW1_FORWARD
14.86,14.1,-6.94,-4.51,14.8,ROW1_FORWARD
14.87,14.1,-6.92,-4.51,14.8,ROW1_FORWARD
14.87,14.1,-6.9,-4.51,14.8,ROW1_FORWARD
14.88,14.1,-6.88,-4.51,14.8,ROW1_FORWARD
14.89,14.1,-6.87,-4.51,14.8,ROW1_FORWARD
14.89,14.1,-6.85,-4.51,14.8,ROW1_FORWARD
14.9,14.1,-6.83,-4.51,14.8,ROW1_FORWARD
14.91,14.1,-6.81,-4.51,14.8,ROW1_FORWARD
14.91,14.1,-6.79,-4.51,14.8,ROW1_FORWARD
14.92,14.1,-6.78,-4.51,14.8,ROW1_FORWARD
14.93,14.1,-6.76,-4.51,14.8,ROW1_FORWARD
14.93,14.1,-6.74,-4.51,14.8,ROW1_FORWARD
14.94,14.1,-6.72,-4.51,14.8,ROW1_FORWARD
14.94,14.1,-6.71,-4.51,14.8,ROW1_FORWARD
14.95,14.1,-6.69,-4.51,14.8,ROW1_FORWARD
14.95,14.1,-6.67,-4.51,14.8,ROW1_FORWARD
14.96,14.1,-6.65,-4.51,14.8,ROW1_FORWARD
14.97,14.1,-6.63,-4.51,14.8,ROW1_FORWARD
14.97,14.1,-6.62,-4.51,14.8,ROW1_FORWARD
14.98,14.1,-6.6,-4.51,14.8,ROW1_FORWARD
14.98,14.1,-6.58,-4.51,14.8,ROW1_FORWARD
14.99,14.1,-6.56,-4.51,14.8,ROW1_FORWARD
14.99,14.1,-6.55,-4.51,14.8,ROW1_FORWARD
15.0,14.1,-6.53,-4.51,14.8,ROW1_FORWARD
15.0,14.1,-6.51,-4.51,14.8,ROW1_FORWARD
15.01,14.1,-6.49,-4.51,14.8,ROW1_FORWARD
15.02,14.1,-6.47,-4.51,14.8,ROW1_FORWARD
15.02,14.1,-6.46,-4.51,14.8,ROW1_FORWARD
15.03,14.1,-6.44,-4.51,14.8,ROW1_FORWARD
15.03,14.1,-6.42,-4.51,14.8,ROW1_FORWARD
15.04,14.1,-6.4,-4.51,14.8,ROW1_FORWARD
15.05,14.1,-6.38,-4.51,14.8,ROW1_FORWARD
15.05,14.1,-6.37,-4.51,14.8,ROW1_FORWARD
15.06,14.1,-6.35,-4.51,14.8,ROW1_FORWARD
15.06,14.1,-6.33,-4.51,14.8,ROW1_FORWARD
15.07,14.1,-6.31,-4.51,14.8,ROW1_FORWARD
15.08,14.1,-6.3,-4.51,14.8,ROW1_FORWARD
15.08,14.1,-6.28,-4.51,14.8,ROW1_FORWARD
15.09,14.1,-6.26,-4.51,14.8,ROW1_FORWARD
15.09,14.1,-6.24,-4.51,14.8,ROW1_FORWARD
15.1,14.1,-6.22,-4.51,14.8,ROW1_FORWARD
15.1,14.1,-6.21,-4.51,14.8,ROW1_FORWARD
15.11,14.1,-6.19,-4.51,14.8,ROW1_FORWARD
15.12,14.1,-6.17,-4.51,14.8,ROW1_FORWARD
15.12,14.1,-6.15,-4.51,14.8,ROW1_FORWARD
15.13,14.1,-6.13,-4.51,14.8,ROW1_FORWARD
15.13,14.1,-6.12,-4.51,14.8,ROW1_FORWARD
15.14,14.1,-6.1,-4.51,14.8,ROW1_FORWARD
15.14,14.1,-6.08,-4.51,14.8,ROW1_FORWARD
15.15,14.1,-6.06,-4.51,14.8,ROW1_FORWARD
15.16,14.1,-6.04,-4.51,14.8,ROW1_FORWARD
15.16,14.1,-6.03,-4.51,14.8,ROW1_FORWARD
15.17,14.1,-6.01,-4.51,14.8,ROW1_FORWARD
15.17,14.1,-5.99,-4.51,14.8,ROW1_FORWARD
15.18,14.1,-5.97,-4.51,14.8,ROW1_FORWARD
15.18,14.1,-5.95,-4.51,14.8,ROW1_FORWARD
15.19,14.1,-5.94,-4.51,14.8,ROW1_FORWARD
15.19,14.1,-5.92,-4.51,14.8,ROW1_FORWARD
15.2,14.1,-5.9,-4.51,14.8,ROW1_FORWARD
15.2,14.1,-5.88,-4.51,14.8,ROW1_FORWARD
15.21,14.1,-5.86,-4.51,14.8,ROW1_FORWARD
15.22,14.1,-5.85,-4.51,14.8,ROW1_FORWARD
15.22,14.1,-5.83,-4.51,14.8,ROW1_FORWARD
15.23,14.1,-5.81,-4.51,14.8,ROW1_FORWARD
15.23,14.1,-5.79,-4.51,14.8,ROW1_FORWARD
15.24,14.1,-5.77,-4.51,14.8,ROW1_FORWARD
15.25,14.1,-5.76,-4.51,14.8,ROW1_FORWARD
15.25,14.1,-5.74,-4.51,14.8,ROW1_FORWARD
15.26,14.1,-5.72,-4.51,14.8,ROW1_FORWARD
15.26,14.1,-5.7,-4.51,14.8,ROW1_FORWARD
15.27,14.1,-5.68,-4.51,14.8,ROW1_FORWARD
15.28,14.1,-5.67,-4.51,14.8,ROW1_FORWARD
15.28,14.1,-5.65,-4.51,14.8,ROW1_FORWARD
15.29,14.1,-5.63,-4.51,14.8,ROW1_FORWARD
15.29,14.1,-5.61,-4.51,14.8,ROW1_FORWARD
15.3,14.1,-5.59,-4.51,14.8,ROW1_FORWARD
15.3,14.1,-5.58,-4.51,14.8,ROW1_FORWARD
15.31,14.1,-5.56,-4.51,14.8,ROW1_FORWARD
15.32,14.1,-5.54,-4.51,14.79,ROW1_FORWARD
15.32,14.1,-5.52,-4.51,14.79,ROW1_FORWARD
15.33,14.1,-5.5,-4.51,14.79,ROW1_FORWARD
15.33,14.1,-5.48,-4.51,14.79,ROW1_FORWARD
15.34,14.1,-5.47,-4.51,14.79,ROW1_FORWARD
15.34,14.1,-5.45,-4.51,14.79,ROW1_FORWARD
15.35,14.1,-5.43,-4.51,14.79,ROW1_FORWARD
15.35,14.1,-5.41,-4.51,14.79,ROW1_FORWARD
15.36,14.1,-5.39,-4.51,14.79,ROW1_FORWARD
15.37,14.1,-5.38,-4.51,14.79,ROW1_FORWARD
15.37,14.1,-5.36,-4.51,14.79,ROW1_FORWARD
15.38,14.1,-5.34,-4.51,14.79,ROW1_FORWARD
15.38,14.1,-5.32,-4.51,14.79,ROW1_FORWARD
15.39,14.1,-5.3,-4.51,14.79,ROW1_FORWARD
15.39,14.1,-5.29,-4.51,14.79,ROW1_FORWARD
15.4,14.1,-5.27,-4.51,14.79,ROW1_FORWARD
15.4,14.1,-5.25,-4.51,14.79,ROW1_FORWARD
15.41,14.1,-5.23,-4.51,14.79,ROW1_FORWARD
15.42,14.1,-5.21,-4.51,14.79,ROW1_FORWARD
15.42,14.1,-5.19,-4.51,14.79,ROW1_FORWARD
15.43,14.1,-5.18,-4.51,14.79,ROW1_FORWARD
15.43,14.1,-5.16,-4.51,14.79,ROW1_FORWARD
15.44,14.1,-5.14,-4.51,14.79,ROW1_FORWARD
15.44,14.1,-5.12,-4.51,14.79,ROW1_FORWARD
15.45,14.1,-5.1,-4.51,14.79,ROW1_FORWARD
15.45,14.1,-5.09,-4.51,14.79,ROW1_FORWARD
15.46,14.1,-5.07,-4.51,14.79,ROW1_FORWARD
15.47,14.1,-5.05,-4.51,14.79,ROW1_FORWARD
15.47,14.1,-5.03,-4.51,14.79,ROW1_FORWARD
15.48,14.1,-5.01,-4.51,14.79,ROW1_FORWARD
15.48,14.1,-4.99,-4.51,14.79,ROW1_FORWARD
15.49,14.1,-4.98,-4.51,14.79,ROW1_FORWARD
15.49,14.1,-4.96,-4.51,14.79,ROW1_FORWARD
15.5,14.1,-4.94,-4.51,14.79,ROW1_FORWARD
15.51,14.1,-4.92,-4.51,14.79,ROW1_FORWARD
15.51,14.1,-4.9,-4.51,14.79,ROW1_FORWARD
15.52,14.1,-4.88,-4.51,14.79,ROW1_FORWARD
15.52,14.1,-4.87,-4.51,14.79,ROW1_FORWARD
15.53,14.1,-4.85,-4.51,14.79,ROW1_FORWARD
15.54,14.1,-4.83,-4.51,14.79,ROW1_FORWARD
15.55,14.1,-4.81,-4.51,14.79,ROW1_FORWARD
15.56,14.1,-4.79,-4.51,14.79,ROW1_FORWARD
15.56,14.1,-4.78,-4.51,14.79,ROW1_FORWARD
15.57,14.1,-4.76,-4.51,14.79,ROW1_FORWARD
15.57,14.1,-4.74,-4.51,14.79,ROW1_FORWARD
15.58,14.1,-4.72,-4.51,14.79,ROW1_FORWARD
15.59,14.1,-4.7,-4.51,14.79,ROW1_FORWARD
15.59,14.1,-4.68,-4.51,14.79,ROW1_FORWARD
15.6,14.1,-4.67,-4.51,14.79,ROW1_FORWARD
15.6,14.1,-4.65,-4.51,14.79,ROW1_FORWARD
15.61,14.1,-4.63,-4.51,14.79,ROW1_FORWARD
15.62,14.1,-4.61,-4.51,14.79,ROW1_FORWARD
15.62,14.1,-4.59,-4.51,14.79,ROW1_FORWARD
15.63,14.1,-4.57,-4.51,14.79,ROW1_FORWARD
15.63,14.1,-4.56,-4.51,14.79,ROW1_FORWARD
15.64,14.1,-4.54,-4.51,14.79,ROW1_FORWARD
15.65,14.1,-4.52,-4.51,14.79,ROW1_FORWARD
15.65,14.1,-4.5,-4.51,14.79,ROW1_FORWARD
15.66,14.1,-4.48,-4.51,14.79,ROW1_FORWARD
15.66,14.1,-4.46,-4.51,14.79,ROW1_FORWARD
15.67,14.1,-4.45,-4.51,14.79,ROW1_FORWARD
15.67,14.1,-4.43,-4.51,14.79,ROW1_FORWARD
15.68,14.1,-4.41,-4.51,14.79,ROW1_FORWARD
15.69,14.1,-4.39,-4.51,14.79,ROW1_FORWARD
15.69,14.1,-4.37,-4.51,14.79,ROW1_FORWARD
15.7,14.1,-4.35,-4.51,14.79,ROW1_FORWARD
15.7,14.1,-4.34,-4.51,14.79,ROW1_FORWARD
15.71,14.1,-4.32,-4.51,14.79,ROW1_FORWARD
15.72,14.1,-4.3,-4.51,14.79,ROW1_FORWARD
15.72,14.1,-4.28,-4.51,14.79,ROW1_FORWARD
15.73,14.1,-4.26,-4.51,14.79,ROW1_FORWARD
15.74,14.1,-4.24,-4.51,14.79,ROW1_FORWARD
15.74,14.1,-4.23,-4.51,14.79,ROW1_FORWARD
15.75,14.1,-4.21,-4.51,14.79,ROW1_FORWARD
15.76,14.1,-4.19,-4.51,14.79,ROW1_FORWARD
15.76,14.1,-4.17,-4.51,14.79,ROW1_FORWARD
15.77,14.1,-4.15,-4.51,14.79,ROW1_FORWARD
15.78,14.1,-4.13,-4.51,14.79,ROW1_FORWARD
15.78,14.1,-4.11,-4.51,14.79,ROW1_FORWARD
15.79,14.1,-4.1,-4.51,14.79,ROW1_FORWARD
15.8,14.1,-4.08,-4.51,14.78,ROW1_FORWARD
15.8,14.1,-4.06,-4.51,14.78,ROW1_FORWARD
15.81,14.1,-4.04,-4.51,14.78,ROW1_FORWARD
15.82,14.1,-4.02,-4.51,14.78,ROW1_FORWARD
15.83,14.1,-4.0,-4.51,14.78,ROW1_FORWARD
15.84,14.1,-3.99,-4.51,14.78,ROW1_FORWARD
15.85,14.1,-3.97,-4.51,14.78,ROW1_FORWARD
15.86,14.1,-3.95,-4.51,14.78,ROW1_FORWARD
15.87,14.1,-3.93,-4.51,14.78,ROW1_FORWARD
15.88,14.1,-3.91,-4.51,14.78,ROW1_FORWARD
15.89,14.1,-3.89,-4.51,14.78,ROW1_FORWARD
15.89,14.1,-3.88,-4.51,14.78,ROW1_FORWARD
15.9,14.1,-3.86,-4.51,14.78,ROW1_FORWARD
15.9,14.1,-3.84,-4.51,14.78,ROW1_FORWARD
15.91,14.1,-3.82,-4.51,14.78,ROW1_FORWARD
15.92,14.1,-3.8,-4.51,14.78,ROW1_FORWARD
15.92,14.1,-3.78,-4.51,14.78,ROW1_FORWARD
15.93,14.1,-3.76,-4.51,14.78,ROW1_FORWARD
15.94,14.1,-3.75,-4.51,14.78,ROW1_FORWARD
15.94,14.1,-3.73,-4.51,14.78,ROW1_FORWARD
15.96,14.1,-3.71,-4.51,14.78,ROW1_FORWARD
15.97,14.1,-3.69,-4.51,14.78,ROW1_FORWARD
15.97,14.1,-3.67,-4.51,14.78,ROW1_FORWARD
15.98,14.1,-3.65,-4.51,14.78,ROW1_FORWARD
15.99,14.1,-3.63,-4.51,14.78,ROW1_FORWARD
15.99,14.1,-3.62,-4.51,14.78,ROW1_FORWARD
16.0,14.1,-3.6,-4.51,14.78,ROW1_FORWARD
16.01,14.1,-3.58,-4.51,14.78,ROW1_FORWARD
16.02,14.1,-3.56,-4.51,14.78,ROW1_FORWARD
16.02,14.1,-3.54,-4.51,14.78,ROW1_FORWARD
16.03,14.1,-3.52,-4.51,14.78,ROW1_FORWARD
16.03,14.1,-3.5,-4.51,14.78,ROW1_FORWARD
16.04,14.1,-3.49,-4.51,14.78,ROW1_FORWARD
16.05,14.1,-3.47,-4.51,14.78,ROW1_FORWARD
16.06,14.1,-3.45,-4.51,14.78,ROW1_FORWARD
16.07,14.1,-3.43,-4.51,14.78,ROW1_FORWARD
16.08,14.1,-3.41,-4.51,14.78,ROW1_FORWARD
16.09,14.1,-3.39,-4.51,14.78,ROW1_FORWARD
16.09,14.1,-3.37,-4.51,14.78,ROW1_FORWARD
16.1,14.1,-3.36,-4.51,14.78,ROW1_FORWARD
16.1,14.1,-3.34,-4.51,14.78,ROW1_FORWARD
16.11,14.1,-3.32,-4.51,14.78,ROW1_FORWARD
16.12,14.1,-3.3,-4.51,14.78,ROW1_FORWARD
16.12,14.1,-3.28,-4.51,14.78,ROW1_FORWARD
16.13,14.1,-3.26,-4.51,14.78,ROW1_FORWARD
16.14,14.1,-3.24,-4.51,14.78,ROW1_FORWARD
16.15,14.1,-3.23,-4.51,14.78,ROW1_FORWARD
16.15,14.1,-3.21,-4.51,14.78,ROW1_FORWARD
16.16,14.1,-3.19,-4.51,14.78,ROW1_FORWARD
16.16,14.1,-3.17,-4.51,14.78,ROW1_FORWARD
16.17,14.1,-3.15,-4.51,14.78,ROW1_FORWARD
16.17,14.1,-3.13,-4.51,14.78,ROW1_FORWARD
16.18,14.1,-3.11,-4.51,14.78,ROW1_FORWARD
16.19,14.1,-3.1,-4.51,14.78,ROW1_FORWARD
16.19,14.1,-3.08,-4.51,14.78,ROW1_FORWARD
16.2,14.1,-3.06,-4.51,14.78,ROW1_FORWARD
16.2,14.1,-3.04,-4.51,14.78,ROW1_FORWARD
16.21,14.1,-3.02,-4.51,14.78,ROW1_FORWARD
16.21,14.1,-3.0,-4.51,14.78,ROW1_FORWARD
16.22,14.1,-2.98,-4.51,14.78,ROW1_FORWARD
16.23,14.1,-2.97,-4.51,14.78,ROW1_FORWARD
16.23,14.1,-2.95,-4.51,14.78,ROW1_FORWARD
16.24,14.1,-2.93,-4.51,14.78,ROW1_FORWARD
16.24,14.1,-2.91,-4.51,14.78,ROW1_FORWARD
16.25,14.1,-2.89,-4.51,14.78,ROW1_FORWARD
16.26,14.1,-2.87,-4.51,14.78,ROW1_FORWARD
16.26,14.1,-2.85,-4.51,14.78,ROW1_FORWARD
16.27,14.1,-2.83,-4.51,14.78,ROW1_FORWARD
16.28,14.1,-2.82,-4.51,14.78,ROW1_FORWARD
16.28,14.1,-2.8,-4.51,14.78,ROW1_FORWARD
16.29,14.1,-2.78,-4.51,14.78,ROW1_FORWARD
16.3,14.1,-2.76,-4.51,14.78,ROW1_FORWARD
16.3,14.1,-2.74,-4.51,14.78,ROW1_FORWARD
16.31,14.1,-2.72,-4.51,14.78,ROW1_FORWARD
16.31,14.1,-2.7,-4.51,14.78,ROW1_FORWARD
16.32,14.1,-2.69,-4.51,14.78,ROW1_FORWARD
16.33,14.1,-2.67,-4.51,14.78,ROW1_FORWARD
16.33,14.1,-2.65,-4.51,14.78,ROW1_FORWARD
16.34,14.1,-2.63,-4.51,14.78,ROW1_FORWARD
16.34,14.1,-2.61,-4.51,14.78,ROW1_FORWARD
16.35,14.1,-2.59,-4.51,14.77,ROW1_FORWARD
16.36,14.1,-2.57,-4.51,14.77,ROW1_FORWARD
16.36,14.1,-2.55,-4.51,14.77,ROW1_FORWARD
16.37,14.1,-2.54,-4.51,14.77,ROW1_FORWARD
16.37,14.1,-2.52,-4.51,14.77,ROW1_FORWARD
16.38,14.1,-2.5,-4.51,14.77,ROW1_FORWARD
16.38,14.1,-2.48,-4.51,14.77,ROW1_FORWARD
16.39,14.1,-2.46,-4.51,14.77,ROW1_FORWARD
16.39,14.1,-2.44,-4.51,14.77,ROW1_FORWARD
16.4,14.1,-2.42,-4.51,14.77,ROW1_FORWARD
16.41,14.1,-2.4,-4.51,14.77,ROW1_FORWARD
16.41,14.1,-2.39,-4.51,14.77,ROW1_FORWARD
16.42,14.1,-2.37,-4.51,14.77,ROW1_FORWARD
16.42,14.1,-2.35,-4.51,14.77,ROW1_FORWARD
16.43,14.1,-2.33,-4.51,14.77,ROW1_FORWARD
16.43,14.1,-2.31,-4.51,14.77,ROW1_FORWARD
16.44,14.1,-2.29,-4.51,14.77,ROW1_FORWARD
16.45,14.1,-2.27,-4.51,14.77,ROW1_FORWARD
16.45,14.1,-2.25,-4.51,14.77,ROW1_FORWARD
16.46,14.1,-2.24,-4.52,14.77,ROW1_FORWARD
16.46,14.1,-2.22,-4.52,14.77,ROW1_FORWARD
16.47,14.1,-2.2,-4.52,14.77,ROW1_FORWARD
16.47,14.1,-2.18,-4.52,14.77,ROW1_FORWARD
16.48,14.1,-2.16,-4.52,14.77,ROW1_FORWARD
16.49,14.1,-2.14,-4.52,14.77,ROW1_FORWARD
16.49,14.1,-2.12,-4.52,14.77,ROW1_FORWARD
16.5,14.1,-2.1,-4.52,14.77,ROW1_FORWARD
16.51,14.1,-2.09,-4.52,14.77,ROW1_FORWARD
16.51,14.1,-2.07,-4.52,14.77,ROW1_FORWARD
16.52,14.1,-2.05,-4.52,14.77,ROW1_FORWARD
16.52,14.1,-2.03,-4.52,14.77,ROW1_FORWARD
16.53,14.1,-2.01,-4.52,14.77,ROW1_FORWARD
16.54,14.1,-1.99,-4.52,14.77,ROW1_FORWARD
16.54,14.1,-1.97,-4.52,14.77,ROW1_FORWARD
16.55,14.1,-1.95,-4.52,14.77,ROW1_FORWARD
16.55,14.1,-1.93,-4.52,14.77,ROW1_FORWARD
16.56,14.1,-1.92,-4.52,14.77,ROW1_FORWARD
16.56,14.1,-1.9,-4.52,14.77,ROW1_FORWARD
16.57,14.1,-1.88,-4.52,14.77,ROW1_FORWARD
16.58,14.1,-1.86,-4.52,14.77,ROW1_FORWARD
16.59,14.1,-1.84,-4.52,14.77,ROW1_FORWARD
16.59,14.1,-1.82,-4.52,14.77,ROW1_FORWARD
16.6,14.1,-1.8,-4.52,14.77,ROW1_FORWARD
16.6,14.1,-1.78,-4.52,14.77,ROW1_FORWARD
16.61,14.1,-1.77,-4.52,14.77,ROW1_FORWARD
16.62,14.1,-1.75,-4.52,14.77,ROW1_FORWARD
16.62,14.1,-1.73,-4.52,14.77,ROW1_FORWARD
16.63,14.1,-1.71,-4.52,14.77,ROW1_FORWARD
16.63,14.1,-1.69,-4.52,14.77,ROW1_FORWARD
16.64,14.1,-1.67,-4.52,14.77,ROW1_FORWARD
16.64,14.1,-1.65,-4.52,14.77,ROW1_FORWARD
16.65,14.1,-1.63,-4.52,14.77,ROW1_FORWARD
16.66,14.1,-1.61,-4.52,14.77,ROW1_FORWARD
16.66,14.1,-1.6,-4.52,14.77,ROW1_FORWARD
16.67,14.1,-1.58,-4.52,14.77,ROW1_FORWARD
16.68,14.1,-1.56,-4.52,14.77,ROW1_FORWARD
16.68,14.1,-1.54,-4.52,14.77,ROW1_FORWARD
16.69,14.1,-1.52,-4.52,14.77,ROW1_FORWARD
16.69,14.1,-1.5,-4.52,14.77,ROW1_FORWARD
16.7,14.1,-1.48,-4.52,14.77,ROW1_FORWARD
16.7,14.1,-1.46,-4.52,14.77,ROW1_FORWARD
16.71,14.1,-1.44,-4.52,14.77,ROW1_FORWARD
16.71,14.1,-1.43,-4.52,14.77,ROW1_FORWARD
16.72,14.1,-1.41,-4.52,14.77,ROW1_FORWARD
16.73,14.1,-1.39,-4.52,14.77,ROW1_FORWARD
16.73,14.1,-1.37,-4.52,14.77,ROW1_FORWARD
16.74,14.1,-1.35,-4.52,14.77,ROW1_FORWARD
16.74,14.1,-1.33,-4.52,14.77,ROW1_FORWARD
16.75,14.1,-1.31,-4.52,14.77,ROW1_FORWARD
16.76,14.1,-1.29,-4.52,14.77,ROW1_FORWARD
16.76,14.1,-1.27,-4.52,14.77,ROW1_FORWARD
16.77,14.1,-1.25,-4.52,14.77,ROW1_FORWARD
16.78,14.1,-1.24,-4.52,14.77,ROW1_FORWARD
16.79,14.1,-1.22,-4.52,14.77,ROW1_FORWARD
16.79,14.1,-1.2,-4.52,14.77,ROW1_FORWARD
16.8,14.1,-1.18,-4.52,14.77,ROW1_FORWARD
16.8,14.1,-1.16,-4.52,14.77,ROW1_FORWARD
16.81,14.1,-1.14,-4.52,14.77,ROW1_FORWARD
16.82,14.1,-1.12,-4.52,14.77,ROW1_FORWARD
16.82,14.1,-1.1,-4.52,14.77,ROW1_FORWARD
16.83,14.1,-1.08,-4.52,14.76,ROW1_FORWARD
16.84,14.1,-1.07,-4.52,14.76,ROW1_FORWARD
16.84,14.1,-1.05,-4.52,14.76,ROW1_FORWARD
16.85,14.1,-1.03,-4.52,14.76,ROW1_FORWARD
16.86,14.1,-1.01,-4.52,14.76,ROW1_FORWARD
16.86,14.1,-0.99,-4.52,14.76,ROW1_FORWARD
16.87,14.1,-0.97,-4.52,14.76,ROW1_FORWARD
16.87,14.1,-0.95,-4.52,14.76,ROW1_FORWARD
16.88,14.1,-0.93,-4.52,14.76,ROW1_FORWARD
16.88,14.1,-0.91,-4.52,14.76,ROW1_FORWARD
16.89,14.1,-0.89,-4.52,14.76,ROW1_FORWARD
16.9,14.1,-0.88,-4.52,14.76,ROW1_FORWARD
16.9,14.1,-0.86,-4.52,14.76,ROW1_FORWARD
16.91,14.1,-0.84,-4.52,14.76,ROW1_FORWARD
16.91,14.1,-0.82,-4.52,14.76,ROW1_FORWARD
16.92,14.1,-0.8,-4.52,14.76,ROW1_FORWARD
16.93,14.1,-0.78,-4.52,14.76,ROW1_FORWARD
16.93,14.1,-0.76,-4.52,14.76,ROW1_FORWARD
16.94,14.1,-0.74,-4.52,14.76,ROW1_FORWARD
16.94,14.1,-0.72,-4.52,14.76,ROW1_FORWARD
16.95,14.1,-0.7,-4.52,14.76,ROW1_FORWARD
16.96,14.1,-0.69,-4.52,14.76,ROW1_FORWARD
16.96,14.1,-0.67,-4.52,14.76,ROW1_FORWARD
16.97,14.1,-0.65,-4.52,14.76,ROW1_FORWARD
16.97,14.1,-0.63,-4.52,14.76,ROW1_FORWARD
16.98,14.1,-0.61,-4.52,14.76,ROW1_FORWARD
16.98,14.1,-0.59,-4.52,14.76,ROW1_FORWARD
16.99,14.1,-0.57,-4.52,14.76,ROW1_FORWARD
17.0,14.1,-0.55,-4.52,14.76,ROW1_FORWARD
17.0,14.1,-0.53,-4.52,14.76,ROW1_FORWARD
17.01,14.1,-0.51,-4.52,14.76,ROW1_FORWARD
17.01,14.1,-0.49,-4.52,14.76,ROW1_FORWARD
17.02,14.1,-0.48,-4.52,14.76,ROW1_FORWARD
17.02,14.1,-0.46,-4.52,14.76,ROW1_FORWARD
17.03,14.1,-0.44,-4.52,14.76,ROW1_FORWARD
17.03,14.1,-0.42,-4.52,14.76,ROW1_FORWARD
17.04,14.1,-0.4,-4.52,14.76,ROW1_FORWARD
17.05,14.1,-0.38,-4.52,14.76,ROW1_FORWARD
17.05,14.1,-0.36,-4.52,14.76,ROW1_FORWARD
17.06,14.1,-0.34,-4.52,14.76,ROW1_FORWARD
17.06,14.1,-0.32,-4.52,14.76,ROW1_FORWARD
17.07,14.1,-0.3,-4.52,14.76,ROW1_FORWARD
17.07,14.1,-0.28,-4.52,14.76,ROW1_FORWARD
17.08,14.1,-0.27,-4.52,14.76,ROW1_FORWARD
17.09,14.1,-0.25,-4.52,14.76,ROW1_FORWARD
17.09,14.1,-0.23,-4.52,14.76,ROW1_FORWARD
17.1,14.1,-0.21,-4.52,14.76,ROW1_FORWARD
17.1,14.1,-0.19,-4.52,14.76,ROW1_FORWARD
17.11,14.1,-0.17,-4.52,14.76,ROW1_FORWARD
17.12,14.1,-0.15,-4.52,14.76,ROW1_FORWARD
17.12,14.1,-0.13,-4.52,14.76,ROW1_FORWARD
17.13,14.1,-0.11,-4.52,14.76,ROW1_FORWARD
17.14,14.1,-0.09,-4.52,14.76,ROW1_FORWARD
17.14,14.1,-0.07,-4.52,14.76,ROW1_FORWARD
17.15,14.1,-0.06,-4.52,14.76,ROW1_FORWARD
17.16,14.1,-0.04,-4.52,14.76,ROW1_FORWARD
17.16,14.1,-0.02,-4.52,14.76,ROW1_FORWARD
17.17,14.1,0.0,-4.52,14.76,ROW1_FORWARD
17.18,14.1,0.02,-4.52,14.76,ROW1_FORWARD
17.18,14.1,0.04,-4.52,14.76,ROW1_FORWARD
17.19,14.1,0.06,-4.52,14.76,ROW1_FORWARD
17.19,14.1,0.08,-4.52,14.76,ROW1_FORWARD
17.2,14.1,0.1,-4.52,14.76,ROW1_FORWARD
17.21,14.1,0.12,-4.52,14.76,ROW1_FORWARD
17.21,14.1,0.14,-4.52,14.76,ROW1_FORWARD
17.22,14.1,0.16,-4.52,14.76,ROW1_FORWARD
17.22,14.1,0.17,-4.52,14.76,ROW1_FORWARD
17.23,14.1,0.19,-4.52,14.76,ROW1_FORWARD
17.23,14.1,0.21,-4.52,14.76,ROW1_FORWARD
17.24,14.1,0.23,-4.52,14.76,ROW1_FORWARD
17.24,14.1,0.25,-4.52,14.76,ROW1_FORWARD
17.25,14.1,0.27,-4.52,14.76,ROW1_FORWARD
17.26,14.1,0.29,-4.52,14.76,ROW1_FORWARD
17.26,14.1,0.31,-4.52,14.76,ROW1_FORWARD
17.27,14.1,0.33,-4.52,14.76,ROW1_FORWARD
17.28,14.1,0.35,-4.52,14.76,ROW1_FORWARD
17.28,14.1,0.37,-4.52,14.76,ROW1_FORWARD
17.29,14.1,0.39,-4.52,14.76,ROW1_FORWARD
17.29,14.1,0.4,-4.52,14.76,ROW1_FORWARD
17.31,14.1,0.42,-4.52,14.76,ROW1_FORWARD
17.31,14.1,0.44,-4.52,14.75,ROW1_FORWARD
17.32,14.1,0.46,-4.52,14.75,ROW1_FORWARD
17.32,14.1,0.48,-4.52,14.75,ROW1_FORWARD
17.33,14.1,0.5,-4.52,14.75,ROW1_FORWARD
17.33,14.1,0.52,-4.52,14.75,ROW1_FORWARD
17.34,14.1,0.54,-4.52,14.75,ROW1_FORWARD
17.34,14.1,0.56,-4.52,14.75,ROW1_FORWARD
17.35,14.1,0.58,-4.52,14.75,ROW1_FORWARD
17.36,14.1,0.6,-4.52,14.75,ROW1_FORWARD
17.36,14.1,0.62,-4.52,14.75,ROW1_FORWARD
17.37,14.1,0.63,-4.52,14.75,ROW1_FORWARD
17.37,14.1,0.65,-4.52,14.75,ROW1_FORWARD
17.38,14.1,0.67,-4.52,14.75,ROW1_FORWARD
17.39,14.1,0.69,-4.52,14.75,ROW1_FORWARD
17.39,14.1,0.71,-4.52,14.75,ROW1_FORWARD
17.4,14.1,0.73,-4.52,14.75,ROW1_FORWARD
17.4,14.1,0.75,-4.52,14.75,ROW1_FORWARD
17.41,14.1,0.77,-4.52,14.75,ROW1_FORWARD
17.42,14.1,0.79,-4.52,14.75,ROW1_FORWARD
17.42,14.1,0.81,-4.52,14.75,ROW1_FORWARD
17.43,14.1,0.83,-4.52,14.75,ROW1_FORWARD
17.44,14.1,0.85,-4.52,14.75,ROW1_FORWARD
17.44,14.1,0.87,-4.52,14.75,ROW1_FORWARD
17.45,14.1,0.88,-4.52,14.75,ROW1_FORWARD
17.45,14.1,0.9,-4.52,14.75,ROW1_FORWARD
17.46,14.1,0.92,-4.52,14.75,ROW1_FORWARD
17.46,14.1,0.94,-4.52,14.75,ROW1_FORWARD
17.47,14.1,0.96,-4.52,14.75,ROW1_FORWARD
17.47,14.1,0.98,-4.52,14.75,ROW1_FORWARD
17.48,14.1,1.0,-4.52,14.75,ROW1_FORWARD
17.49,14.1,1.02,-4.52,14.75,ROW1_FORWARD
17.49,14.1,1.04,-4.52,14.75,ROW1_FORWARD
17.5,14.1,1.06,-4.52,14.75,ROW1_FORWARD
17.5,14.1,1.08,-4.52,14.75,ROW1_FORWARD
17.51,14.1,1.1,-4.52,14.75,ROW1_FORWARD
17.51,14.1,1.12,-4.52,14.75,ROW1_FORWARD
17.52,14.1,1.14,-4.52,14.75,ROW1_FORWARD
17.52,14.1,1.15,-4.52,14.75,ROW1_FORWARD
17.53,14.1,1.17,-4.52,14.75,ROW1_FORWARD
17.54,14.1,1.19,-4.52,14.75,ROW1_FORWARD
17.54,14.1,1.21,-4.52,14.75,ROW1_FORWARD
17.55,14.1,1.23,-4.52,14.75,ROW1_FORWARD
17.55,14.1,1.25,-4.52,14.75,ROW1_FORWARD
17.56,14.1,1.27,-4.52,14.75,ROW1_FORWARD
17.57,14.1,1.29,-4.52,14.75,ROW1_FORWARD
17.57,14.1,1.31,-4.52,14.75,ROW1_FORWARD
17.58,14.1,1.33,-4.52,14.75,ROW1_FORWARD
17.58,14.1,1.35,-4.52,14.75,ROW1_FORWARD
17.59,14.1,1.37,-4.52,14.75,ROW1_FORWARD
17.59,14.1,1.39,-4.52,14.75,ROW1_FORWARD
17.6,14.1,1.41,-4.52,14.75,ROW1_FORWARD
17.6,14.1,1.43,-4.52,14.75,ROW1_FORWARD
17.61,14.1,1.44,-4.52,14.75,ROW1_FORWARD
17.61,14.1,1.46,-4.52,14.75,ROW1_FORWARD
17.62,14.1,1.48,-4.52,14.75,ROW1_FORWARD
17.63,14.1,1.5,-4.52,14.75,ROW1_FORWARD
17.63,14.1,1.52,-4.52,14.75,ROW1_FORWARD
17.64,14.1,1.54,-4.52,14.75,ROW1_FORWARD
17.64,14.1,1.56,-4.52,14.75,ROW1_FORWARD
17.65,14.1,1.58,-4.52,14.75,ROW1_FORWARD
17.66,14.1,1.6,-4.52,14.75,ROW1_FORWARD
17.66,14.1,1.62,-4.52,14.75,ROW1_FORWARD
17.67,14.1,1.64,-4.52,14.75,ROW1_FORWARD
17.67,14.1,1.66,-4.52,14.75,ROW1_FORWARD
17.68,14.1,1.68,-4.52,14.75,ROW1_FORWARD
17.68,14.1,1.7,-4.52,14.75,ROW1_FORWARD
17.69,14.1,1.72,-4.52,14.75,ROW1_FORWARD
17.69,14.1,1.73,-4.52,14.75,ROW1_FORWARD
17.7,14.1,1.75,-4.52,14.75,ROW1_FORWARD
17.7,14.1,1.77,-4.52,14.75,ROW1_FORWARD
17.71,14.1,1.79,-4.52,14.75,ROW1_FORWARD
17.71,14.1,1.81,-4.52,14.75,ROW1_FORWARD
17.72,14.1,1.83,-4.52,14.75,ROW1_FORWARD
17.73,14.1,1.85,-4.52,14.75,ROW1_FORWARD
17.73,14.1,1.87,-4.52,14.75,ROW1_FORWARD
17.74,14.1,1.89,-4.52,14.75,ROW1_FORWARD
17.74,14.1,1.91,-4.52,14.75,ROW1_FORWARD
17.75,14.1,1.93,-4.52,14.75,ROW1_FORWARD
17.76,14.1,1.95,-4.52,14.75,ROW1_FORWARD
17.76,14.1,1.97,-4.52,14.75,ROW1_FORWARD
17.77,14.1,1.99,-4.52,14.74,ROW1_FORWARD
17.77,14.1,2.01,-4.52,14.74,ROW1_FORWARD
17.78,14.1,2.03,-4.52,14.74,ROW1_FORWARD
17.78,14.1,2.04,-4.52,14.74,ROW1_FORWARD
17.79,14.1,2.06,-4.52,14.74,ROW1_FORWARD
17.8,14.1,2.08,-4.52,14.74,ROW1_FORWARD
17.81,14.1,2.1,-4.52,14.74,ROW1_FORWARD
17.81,14.1,2.12,-4.52,14.74,ROW1_FORWARD
17.82,14.1,2.14,-4.52,14.74,ROW1_FORWARD
17.82,14.1,2.16,-4.52,14.74,ROW1_FORWARD
17.83,14.1,2.18,-4.52,14.74,ROW1_FORWARD
17.83,14.1,2.2,-4.52,14.74,ROW1_FORWARD
17.84,14.1,2.22,-4.52,14.74,ROW1_FORWARD
17.85,14.1,2.24,-4.52,14.74,ROW1_FORWARD
17.85,14.1,2.26,-4.52,14.74,ROW1_FORWARD
17.86,14.1,2.28,-4.52,14.74,ROW1_FORWARD
17.87,14.1,2.3,-4.52,14.74,ROW1_FORWARD
17.88,14.1,2.32,-4.52,14.74,ROW1_FORWARD
17.88,14.1,2.34,-4.52,14.74,ROW1_FORWARD
17.89,14.1,2.36,-4.52,14.74,ROW1_FORWARD
17.89,14.1,2.37,-4.52,14.74,ROW1_FORWARD
17.9,14.1,2.39,-4.52,14.74,ROW1_FORWARD
17.9,14.1,2.41,-4.52,14.74,ROW1_FORWARD
17.91,14.1,2.43,-4.52,14.74,ROW1_FORWARD
17.92,14.1,2.45,-4.52,14.74,ROW1_FORWARD
17.92,14.1,2.47,-4.52,14.74,ROW1_FORWARD
17.93,14.1,2.49,-4.52,14.74,ROW1_FORWARD
17.94,14.1,2.51,-4.52,14.74,ROW1_FORWARD
17.94,14.1,2.53,-4.52,14.74,ROW1_FORWARD
17.95,14.1,2.55,-4.52,14.74,ROW1_FORWARD
17.95,14.1,2.57,-4.52,14.74,ROW1_FORWARD
17.96,14.1,2.59,-4.52,14.74,ROW1_FORWARD
17.96,14.1,2.61,-4.52,14.74,ROW1_FORWARD
17.97,14.1,2.63,-4.52,14.74,ROW1_FORWARD
17.98,14.1,2.65,-4.52,14.74,ROW1_FORWARD
17.99,14.1,2.67,-4.52,14.74,ROW1_FORWARD
17.99,14.1,2.69,-4.52,14.74,ROW1_FORWARD
18.0,14.1,2.71,-4.52,14.74,ROW1_FORWARD
18.01,14.1,2.72,-4.52,14.74,ROW1_FORWARD
18.01,14.1,2.74,-4.52,14.74,ROW1_FORWARD
18.02,14.1,2.76,-4.52,14.74,ROW1_FORWARD
18.02,14.1,2.78,-4.52,14.74,ROW1_FORWARD
18.03,14.1,2.8,-4.52,14.74,ROW1_FORWARD
18.03,14.1,2.82,-4.52,14.74,ROW1_FORWARD
18.04,14.1,2.84,-4.52,14.74,ROW1_FORWARD
18.04,14.1,2.86,-4.52,14.74,ROW1_FORWARD
18.05,14.1,2.88,-4.52,14.74,ROW1_FORWARD
18.06,14.1,2.9,-4.52,14.74,ROW1_FORWARD
18.06,14.1,2.92,-4.52,14.74,ROW1_FORWARD
18.07,14.1,2.94,-4.52,14.74,ROW1_FORWARD
18.07,14.1,2.96,-4.52,14.74,ROW1_FORWARD
18.08,14.1,2.98,-4.52,14.74,ROW1_FORWARD
18.09,14.1,3.0,-4.52,14.74,ROW1_FORWARD
18.09,14.1,3.02,-4.52,14.74,ROW1_FORWARD
18.1,14.1,3.04,-4.52,14.74,ROW1_FORWARD
18.1,14.1,3.06,-4.52,14.74,ROW1_FORWARD
18.11,14.1,3.08,-4.52,14.74,ROW1_FORWARD
18.11,14.1,3.1,-4.52,14.74,ROW1_FORWARD
18.12,14.1,3.11,-4.52,14.74,ROW1_FORWARD
18.13,14.1,3.13,-4.52,14.74,ROW1_FORWARD
18.13,14.1,3.15,-4.52,14.74,ROW1_FORWARD
18.14,14.1,3.17,-4.52,14.74,ROW1_FORWARD
18.14,14.1,3.19,-4.52,14.74,ROW1_FORWARD
18.15,14.1,3.21,-4.52,14.74,ROW1_FORWARD
18.15,14.1,3.23,-4.52,14.74,ROW1_FORWARD
18.16,14.1,3.25,-4.52,14.74,ROW1_FORWARD
18.17,14.1,3.27,-4.52,14.74,ROW1_FORWARD
18.17,14.1,3.29,-4.52,14.74,ROW1_FORWARD
18.18,14.1,3.31,-4.52,14.74,ROW1_FORWARD
18.18,14.1,3.33,-4.52,14.74,ROW1_FORWARD
18.19,14.1,3.35,-4.52,14.74,ROW1_FORWARD
18.19,14.1,3.37,-4.52,14.74,ROW1_FORWARD
18.2,14.1,3.39,-4.52,14.74,ROW1_FORWARD
18.21,14.1,3.41,-4.52,14.74,ROW1_FORWARD
18.21,14.1,3.43,-4.52,14.74,ROW1_FORWARD
18.22,14.1,3.45,-4.52,14.74,ROW1_FORWARD
18.22,14.1,3.47,-4.52,14.74,ROW1_FORWARD
18.23,14.1,3.49,-4.52,14.74,ROW1_FORWARD
18.23,14.1,3.51,-4.52,14.74,ROW1_FORWARD
18.24,14.1,3.52,-4.52,14.74,ROW1_FORWARD
18.24,14.1,3.54,-4.52,14.73,ROW1_FORWARD
18.25,14.1,3.56,-4.52,14.73,ROW1_FORWARD
18.25,14.1,3.58,-4.52,14.73,ROW1_FORWARD
18.26,14.1,3.6,-4.52,14.73,ROW1_FORWARD
18.27,14.1,3.62,-4.52,14.73,ROW1_FORWARD
18.27,14.1,3.64,-4.52,14.73,ROW1_FORWARD
18.28,14.1,3.66,-4.52,14.73,ROW1_FORWARD
18.28,14.1,3.68,-4.52,14.73,ROW1_FORWARD
18.29,14.1,3.7,-4.52,14.73,ROW1_FORWARD
18.29,14.1,3.72,-4.52,14.73,ROW1_FORWARD
18.3,14.1,3.74,-4.52,14.73,ROW1_FORWARD
18.3,14.1,3.76,-4.52,14.73,ROW1_FORWARD
18.31,14.1,3.78,-4.52,14.73,ROW1_FORWARD
18.31,14.1,3.8,-4.52,14.73,ROW1_FORWARD
18.33,14.1,3.82,-4.52,14.73,ROW1_FORWARD
18.33,14.1,3.84,-4.52,14.73,ROW1_FORWARD
18.34,14.1,3.86,-4.52,14.73,ROW1_FORWARD
18.34,14.1,3.88,-4.52,14.73,ROW1_FORWARD
18.35,14.1,3.9,-4.52,14.73,ROW1_FORWARD
18.35,14.1,3.92,-4.52,14.73,ROW1_FORWARD
18.36,14.1,3.94,-4.52,14.73,ROW1_FORWARD
18.37,14.1,3.96,-4.52,14.73,ROW1_FORWARD
18.37,14.1,3.98,-4.52,14.73,ROW1_FORWARD
18.38,14.1,3.99,-4.52,14.73,ROW1_FORWARD
18.38,14.1,4.01,-4.52,14.73,ROW1_FORWARD
18.39,14.1,4.03,-4.52,14.73,ROW1_FORWARD
18.4,14.1,4.05,-4.52,14.73,ROW1_FORWARD
18.4,14.1,4.07,-4.52,14.73,ROW1_FORWARD
18.41,14.1,4.09,-4.52,14.73,ROW1_FORWARD
18.41,14.1,4.11,-4.52,14.73,ROW1_FORWARD
18.42,14.1,4.13,-4.52,14.73,ROW1_FORWARD
18.42,14.1,4.15,-4.52,14.73,ROW1_FORWARD
18.43,14.1,4.17,-4.52,14.73,ROW1_FORWARD
18.43,14.1,4.19,-4.52,14.73,ROW1_FORWARD
18.44,14.1,4.21,-4.52,14.73,ROW1_FORWARD
18.44,14.1,4.23,-4.52,14.73,ROW1_FORWARD
18.45,14.1,4.25,-4.52,14.73,ROW1_FORWARD
18.45,14.1,4.27,-4.52,14.73,ROW1_FORWARD
18.46,14.1,4.29,-4.52,14.73,ROW1_FORWARD
18.47,14.1,4.31,-4.52,14.73,ROW1_FORWARD
18.47,14.1,4.33,-4.52,14.73,ROW1_FORWARD
18.48,14.1,4.35,-4.52,14.73,ROW1_FORWARD
18.48,14.1,4.37,-4.52,14.73,ROW1_FORWARD
18.49,14.1,4.39,-4.52,14.73,ROW1_FORWARD
18.49,14.1,4.41,-4.52,14.73,ROW1_FORWARD
18.5,14.1,4.43,-4.52,14.73,ROW1_FORWARD
18.5,14.1,4.45,-4.52,14.73,ROW1_FORWARD
18.51,14.1,4.47,-4.52,14.73,ROW1_FORWARD
18.51,14.1,4.49,-4.52,14.73,ROW1_FORWARD
18.52,14.1,4.51,-4.52,14.73,ROW1_FORWARD
18.52,14.1,4.52,-4.52,14.73,ROW1_FORWARD
18.53,14.1,4.54,-4.52,14.73,ROW1_FORWARD
18.54,14.1,4.56,-4.52,14.73,ROW1_FORWARD
18.54,14.1,4.58,-4.52,14.73,ROW1_FORWARD
18.55,14.1,4.6,-4.52,14.73,ROW1_FORWARD
18.55,14.1,4.62,-4.52,14.73,ROW1_FORWARD
18.56,14.1,4.64,-4.52,14.73,ROW1_FORWARD
18.56,14.1,4.66,-4.52,14.73,ROW1_FORWARD
18.57,14.1,4.68,-4.52,14.73,ROW1_FORWARD
18.57,14.1,4.7,-4.52,14.73,ROW1_FORWARD
18.58,14.1,4.72,-4.52,14.73,ROW1_FORWARD
18.58,14.1,4.74,-4.52,14.73,ROW1_FORWARD
18.59,14.1,4.76,-4.52,14.73,ROW1_FORWARD
18.6,14.1,4.78,-4.52,14.73,ROW1_FORWARD
18.6,14.1,4.8,-4.52,14.73,ROW1_FORWARD
18.61,14.1,4.82,-4.52,14.73,ROW1_FORWARD
18.61,14.1,4.84,-4.52,14.73,ROW1_FORWARD
18.62,14.1,4.86,-4.52,14.73,ROW1_FORWARD
18.63,14.1,4.88,-4.52,14.73,ROW1_FORWARD
18.63,14.1,4.9,-4.52,14.73,ROW1_FORWARD
18.64,14.1,4.92,-4.52,14.73,ROW1_FORWARD
18.64,14.1,4.94,-4.52,14.73,ROW1_FORWARD
18.65,14.1,4.96,-4.52,14.73,ROW1_FORWARD
18.66,14.1,4.98,-4.52,14.73,ROW1_FORWARD
18.67,14.1,5.0,-4.52,14.73,ROW1_FORWARD
18.67,14.1,5.02,-4.52,14.73,ROW1_FORWARD
18.68,14.1,5.04,-4.52,14.73,ROW1_FORWARD
18.69,14.1,5.06,-4.52,14.73,ROW1_FORWARD
18.7,14.1,5.08,-4.52,14.73,ROW1_FORWARD
18.73,14.1,5.1,-4.52,14.73,ROW1_FORWARD
18.74,14.1,5.12,-4.52,14.72,ROW1_FORWARD
18.75,14.1,5.14,-4.52,14.72,ROW1_FORWARD
18.75,14.1,5.15,-4.52,14.72,ROW1_FORWARD
18.76,14.1,5.17,-4.52,14.72,ROW1_FORWARD
18.77,14.1,5.19,-4.52,14.72,ROW1_FORWARD
18.77,14.1,5.21,-4.52,14.72,ROW1_FORWARD
18.78,14.1,5.23,-4.52,14.72,ROW1_FORWARD
18.78,14.1,5.25,-4.52,14.72,ROW1_FORWARD
18.79,14.1,5.27,-4.52,14.72,ROW1_FORWARD
18.8,14.1,5.29,-4.52,14.72,ROW1_FORWARD
18.8,14.1,5.31,-4.52,14.72,ROW1_FORWARD
18.81,14.1,5.33,-4.52,14.72,ROW1_FORWARD
18.9,14.1,5.35,-4.52,14.72,ROW1_FORWARD
18.9,14.1,5.37,-4.52,14.72,ROW1_FORWARD
18.91,14.1,5.39,-4.52,14.72,ROW1_FORWARD
18.92,14.1,5.41,-4.52,14.72,ROW1_FORWARD
18.92,14.1,5.43,-4.52,14.72,ROW1_FORWARD
18.93,14.1,5.45,-4.52,14.72,ROW1_FORWARD
18.94,14.1,5.47,-4.52,14.72,ROW1_FORWARD
18.94,14.1,5.49,-4.52,14.72,ROW1_FORWARD
18.95,14.1,5.51,-4.52,14.72,ROW1_FORWARD
18.95,14.1,5.53,-4.52,14.72,ROW1_FORWARD
18.96,14.1,5.55,-4.52,14.72,ROW1_FORWARD
18.97,14.1,5.57,-4.52,14.72,ROW1_FORWARD
18.97,14.1,5.59,-4.52,14.72,ROW1_FORWARD
18.98,14.1,5.61,-4.52,14.72,ROW1_FORWARD
18.98,14.1,5.63,-4.52,14.72,ROW1_FORWARD
18.99,14.1,5.65,-4.52,14.72,ROW1_FORWARD
19.0,14.1,5.67,-4.52,14.72,ROW1_FORWARD
19.0,14.1,5.69,-4.52,14.72,ROW1_FORWARD
19.01,14.1,5.71,-4.52,14.72,ROW1_FORWARD
19.02,14.1,5.73,-4.52,14.72,ROW1_FORWARD
19.02,14.1,5.75,-4.52,14.72,ROW1_FORWARD
19.03,14.1,5.77,-4.52,14.72,ROW1_FORWARD
19.03,14.1,5.79,-4.52,14.72,ROW1_FORWARD
19.04,14.1,5.81,-4.52,14.72,ROW1_FORWARD
19.05,14.1,5.83,-4.52,14.72,ROW1_FORWARD
19.05,14.1,5.85,-4.52,14.72,ROW1_FORWARD
19.06,14.1,5.87,-4.52,14.72,ROW1_FORWARD
19.06,14.1,5.89,-4.52,14.72,ROW1_FORWARD
19.07,14.1,5.9,-4.52,14.72,ROW1_FORWARD
19.08,14.1,5.92,-4.52,14.72,ROW1_FORWARD
19.08,14.1,5.94,-4.52,14.72,ROW1_FORWARD
19.09,14.1,5.96,-4.52,14.72,ROW1_FORWARD
19.09,14.1,5.98,-4.52,14.72,ROW1_FORWARD
19.1,14.1,6.0,-4.52,14.72,ROW1_FORWARD
19.1,14.1,6.02,-4.52,14.72,ROW1_FORWARD
19.11,14.1,6.04,-4.52,14.72,ROW1_FORWARD
19.12,14.1,6.06,-4.52,14.72,ROW1_FORWARD
19.12,14.1,6.08,-4.52,14.72,ROW1_FORWARD
19.13,14.1,6.1,-4.52,14.72,ROW1_FORWARD
19.14,14.1,6.12,-4.52,14.72,ROW1_FORWARD
19.14,14.1,6.14,-4.52,14.72,ROW1_FORWARD
19.15,14.1,6.16,-4.52,14.72,ROW1_FORWARD
19.15,14.1,6.18,-4.52,14.72,ROW1_FORWARD
19.16,14.1,6.2,-4.52,14.72,ROW1_FORWARD
19.17,14.1,6.22,-4.52,14.72,ROW1_FORWARD
19.18,14.1,6.24,-4.52,14.72,ROW1_FORWARD
19.19,14.1,6.26,-4.52,14.72,ROW1_FORWARD
19.2,14.1,6.28,-4.52,14.72,ROW1_FORWARD
19.21,14.1,6.3,-4.52,14.72,ROW1_FORWARD
19.22,14.1,6.32,-4.52,14.72,ROW1_FORWARD
19.22,14.1,6.34,-4.52,14.72,ROW1_FORWARD
19.23,14.1,6.36,-4.52,14.72,ROW1_FORWARD
19.24,14.1,6.38,-4.52,14.72,ROW1_FORWARD
19.26,14.1,6.4,-4.52,14.72,ROW1_FORWARD
19.27,14.1,6.42,-4.52,14.72,ROW1_FORWARD
19.28,14.1,6.44,-4.52,14.72,ROW1_FORWARD
19.28,14.1,6.46,-4.52,14.72,ROW1_FORWARD
19.29,14.1,6.48,-4.52,14.72,ROW1_FORWARD
19.29,14.1,6.5,-4.52,14.72,ROW1_FORWARD
19.3,14.1,6.52,-4.52,14.72,ROW1_FORWARD
19.31,14.1,6.54,-4.52,14.72,ROW1_FORWARD
19.32,14.1,6.56,-4.52,14.72,ROW1_FORWARD
19.33,14.1,6.58,-4.52,14.72,ROW1_FORWARD
19.33,14.1,6.6,-4.52,14.72,ROW1_FORWARD
19.34,14.1,6.62,-4.52,14.72,ROW1_FORWARD
19.34,14.1,6.64,-4.52,14.72,ROW1_FORWARD
19.35,14.1,6.66,-4.52,14.72,ROW1_FORWARD
19.36,14.1,6.68,-4.52,14.72,ROW1_FORWARD
19.37,14.1,6.7,-4.52,14.71,ROW1_FORWARD
19.37,14.1,6.72,-4.52,14.71,ROW1_FORWARD
19.38,14.1,6.74,-4.52,14.71,ROW1_FORWARD
19.38,14.1,6.76,-4.52,14.71,ROW1_FORWARD
19.39,14.1,6.78,-4.52,14.71,ROW1_FORWARD
19.39,14.1,6.8,-4.52,14.71,ROW1_FORWARD
19.4,14.1,6.82,-4.52,14.71,ROW1_FORWARD
19.41,14.1,6.84,-4.52,14.71,ROW1_FORWARD
19.41,14.1,6.86,-4.52,14.71,ROW1_FORWARD
19.42,14.1,6.88,-4.52,14.71,ROW1_FORWARD
19.42,14.1,6.9,-4.52,14.71,ROW1_FORWARD
19.43,14.1,6.92,-4.52,14.71,ROW1_FORWARD
19.43,14.1,6.94,-4.52,14.71,ROW1_FORWARD
19.44,14.1,6.96,-4.52,14.71,ROW1_FORWARD
19.44,14.1,6.97,-4.52,14.71,ROW1_FORWARD
19.45,14.1,6.99,-4.52,14.71,ROW1_FORWARD
19.45,14.1,7.01,-4.52,14.71,ROW1_FORWARD
19.46,14.1,7.03,-4.52,14.71,ROW1_FORWARD
19.47,14.1,7.05,-4.52,14.71,ROW1_FORWARD
19.47,14.1,7.07,-4.52,14.71,ROW1_FORWARD
19.48,14.1,7.09,-4.52,14.71,ROW1_FORWARD
19.49,14.1,7.11,-4.52,14.71,ROW1_FORWARD
19.49,14.1,7.13,-4.52,14.71,ROW1_FORWARD
19.5,14.1,7.15,-4.52,14.71,ROW1_FORWARD
19.5,14.1,7.17,-4.52,14.71,ROW1_FORWARD
19.51,14.1,7.19,-4.52,14.71,ROW1_FORWARD
19.52,14.1,7.21,-4.52,14.71,ROW1_FORWARD
19.53,14.1,7.23,-4.52,14.71,ROW1_FORWARD
19.53,14.1,7.25,-4.52,14.71,ROW1_FORWARD
19.54,14.1,7.27,-4.52,14.71,ROW1_FORWARD
19.55,14.1,7.29,-4.52,14.71,ROW1_FORWARD
19.55,14.1,7.31,-4.52,14.71,ROW1_FORWARD
19.56,14.1,7.33,-4.52,14.71,ROW1_FORWARD
19.56,14.1,7.35,-4.52,14.71,ROW1_FORWARD
19.57,14.1,7.37,-4.52,14.71,ROW1_FORWARD
19.57,14.1,7.39,-4.52,14.71,ROW1_FORWARD
19.58,14.1,7.41,-4.52,14.71,ROW1_FORWARD
19.59,14.1,7.43,-4.52,14.71,ROW1_FORWARD
19.59,14.1,7.45,-4.52,14.71,ROW1_FORWARD
19.6,14.1,7.47,-4.52,14.71,ROW1_FORWARD
19.6,14.1,7.49,-4.52,14.71,ROW1_FORWARD
19.61,14.1,7.51,-4.52,14.71,ROW1_FORWARD
19.62,14.1,7.53,-4.52,14.71,ROW1_FORWARD
19.62,14.1,7.55,-4.52,14.71,ROW1_FORWARD
19.63,14.1,7.57,-4.52,14.71,ROW1_FORWARD
19.63,14.1,7.59,-4.52,14.71,ROW1_FORWARD
19.64,14.1,7.61,-4.52,14.71,ROW1_FORWARD
19.64,14.1,7.63,-4.52,14.71,ROW1_FORWARD
19.65,14.1,7.65,-4.52,14.71,ROW1_FORWARD
19.66,14.1,7.67,-4.52,14.71,ROW1_FORWARD
19.66,14.1,7.69,-4.52,14.71,ROW1_FORWARD
19.67,14.1,7.71,-4.52,14.71,ROW1_FORWARD
19.68,14.1,7.73,-4.52,14.71,ROW1_FORWARD
19.68,14.1,7.75,-4.52,14.71,ROW1_FORWARD
19.69,14.1,7.77,-4.52,14.71,ROW1_FORWARD
19.69,14.1,7.79,-4.52,14.71,ROW1_FORWARD
19.7,14.1,7.81,-4.52,14.71,ROW1_FORWARD
19.7,14.1,7.83,-4.52,14.71,ROW1_FORWARD
19.71,14.1,7.85,-4.52,14.71,ROW1_FORWARD
19.72,14.1,7.87,-4.52,14.71,ROW1_FORWARD
19.72,14.1,7.89,-4.52,14.71,ROW1_FORWARD
19.73,14.1,7.91,-4.52,14.71,ROW1_FORWARD
19.73,14.1,7.93,-4.52,14.71,ROW1_FORWARD
19.74,14.1,7.95,-4.52,14.71,ROW1_FORWARD
19.75,14.1,7.97,-4.52,14.71,ROW1_FORWARD
19.75,14.1,7.99,-4.52,14.71,ROW1_FORWARD
19.76,14.1,8.01,-4.52,14.71,ROW1_FORWARD
19.76,14.1,8.03,-4.52,14.71,ROW1_FORWARD
19.77,14.1,8.05,-4.52,14.71,ROW1_FORWARD
19.77,14.1,8.07,-4.52,14.71,ROW1_FORWARD
19.78,14.1,8.09,-4.52,14.71,ROW1_FORWARD
19.78,14.1,8.11,-4.52,14.71,ROW1_FORWARD
19.79,14.1,8.13,-4.52,14.71,ROW1_FORWARD
19.79,14.1,8.15,-4.52,14.71,ROW1_FORWARD
19.8,14.1,8.17,-4.52,14.71,ROW1_FORWARD
19.8,14.1,8.19,-4.52,14.71,ROW1_FORWARD
19.81,14.1,8.21,-4.52,14.71,ROW1_FORWARD
19.81,14.1,8.23,-4.52,14.71,ROW1_FORWARD
19.82,14.1,8.25,-4.52,14.71,ROW1_FORWARD
19.83,14.1,8.27,-4.52,14.71,ROW1_FORWARD
19.83,14.1,8.29,-4.52,14.7,ROW1_FORWARD
19.84,14.1,8.31,-4.52,14.7,ROW1_FORWARD
19.84,14.1,8.33,-4.52,14.7,ROW1_FORWARD
19.85,14.1,8.35,-4.52,14.7,ROW1_FORWARD
19.85,14.1,8.37,-4.52,14.7,ROW1_FORWARD
19.86,14.1,8.39,-4.52,14.7,ROW1_FORWARD
19.87,14.1,8.41,-4.52,14.7,ROW1_FORWARD
19.87,14.1,8.43,-4.52,14.7,ROW1_FORWARD
19.88,14.1,8.45,-4.52,14.7,ROW1_FORWARD
19.88,14.1,8.47,-4.52,14.7,ROW1_FORWARD
19.89,14.1,8.49,-4.52,14.7,ROW1_FORWARD
19.9,14.1,8.51,-4.52,14.7,ROW1_FORWARD
19.9,14.1,8.53,-4.52,14.7,ROW1_FORWARD
19.91,14.1,8.55,-4.52,14.7,ROW1_FORWARD
19.91,14.1,8.57,-4.52,14.7,ROW1_FORWARD
19.92,14.1,8.59,-4.52,14.7,ROW1_FORWARD
19.92,14.1,8.61,-4.52,14.7,ROW1_FORWARD
19.93,14.1,8.63,-4.52,14.7,ROW1_FORWARD
19.94,14.1,8.65,-4.52,14.7,ROW1_FORWARD
19.94,14.1,8.67,-4.52,14.7,ROW1_FORWARD
19.95,14.1,8.69,-4.52,14.7,ROW1_FORWARD
19.96,14.1,8.71,-4.52,14.7,ROW1_FORWARD
19.96,14.1,8.73,-4.52,14.7,ROW1_FORWARD
19.97,14.1,8.75,-4.52,14.7,ROW1_FORWARD
19.98,14.1,8.77,-4.52,14.7,ROW1_FORWARD
19.98,14.1,8.79,-4.52,14.7,ROW1_FORWARD
19.99,14.1,8.81,-4.52,14.7,ROW1_FORWARD
19.99,14.1,8.83,-4.52,14.7,ROW1_FORWARD
20.0,14.1,8.85,-4.52,14.7,ROW1_FORWARD
20.01,14.1,8.87,-4.52,14.7,ROW1_FORWARD
20.02,14.1,8.89,-4.52,14.7,ROW1_FORWARD
20.03,14.1,8.91,-4.52,14.7,ROW1_FORWARD
20.03,14.1,8.93,-4.52,14.7,ROW1_FORWARD
20.04,14.1,8.95,-4.52,14.7,ROW1_FORWARD
20.04,14.1,8.97,-4.52,14.7,ROW1_FORWARD
20.05,14.1,8.99,-4.52,14.7,ROW1_FORWARD
20.05,14.1,9.01,-4.52,14.7,ROW1_FORWARD
20.06,14.1,9.03,-4.52,14.7,ROW1_FORWARD
20.07,14.1,9.05,-4.52,14.7,ROW1_FORWARD
20.07,14.1,9.07,-4.52,14.7,ROW1_FORWARD
20.08,14.1,9.09,-4.52,14.7,ROW1_FORWARD
20.08,14.1,9.11,-4.52,14.7,ROW1_FORWARD
20.09,14.1,9.13,-4.52,14.7,ROW1_FORWARD
20.1,14.1,9.15,-4.52,14.7,ROW1_FORWARD
20.1,14.1,9.17,-4.52,14.7,ROW1_FORWARD
20.11,14.1,9.19,-4.52,14.7,ROW1_FORWARD
20.12,14.1,9.21,-4.52,14.7,ROW1_FORWARD
20.12,14.1,9.23,-4.52,14.7,ROW1_FORWARD
20.13,14.1,9.25,-4.52,14.7,ROW1_FORWARD
20.14,14.1,9.27,-4.52,14.7,ROW1_FORWARD
20.15,14.1,9.29,-4.52,14.7,ROW1_FORWARD
20.15,14.1,9.31,-4.52,14.7,ROW1_FORWARD
20.16,14.1,9.33,-4.52,14.7,ROW1_FORWARD
20.16,14.1,9.35,-4.52,14.7,ROW1_FORWARD
20.18,14.1,9.37,-4.52,14.7,ROW1_FORWARD
20.18,14.1,9.39,-4.52,14.7,ROW1_FORWARD
20.19,14.1,9.41,-4.52,14.7,ROW1_FORWARD
20.19,14.1,9.43,-4.52,14.7,ROW1_FORWARD
20.2,14.1,9.45,-4.52,14.7,ROW1_FORWARD
20.21,14.1,9.47,-4.52,14.7,ROW1_FORWARD
20.22,14.1,9.49,-4.52,14.7,ROW1_FORWARD
20.22,14.1,9.51,-4.52,14.7,ROW1_FORWARD
20.23,14.1,9.53,-4.52,14.7,ROW1_FORWARD
20.23,14.1,9.55,-4.52,14.7,ROW1_FORWARD
20.24,14.1,9.57,-4.52,14.7,ROW1_FORWARD
20.25,14.1,9.59,-4.53,14.7,ROW1_FORWARD
20.25,14.1,9.61,-4.53,14.7,ROW1_FORWARD
20.26,14.1,9.63,-4.53,14.7,ROW1_FORWARD
20.26,14.1,9.65,-4.53,14.7,ROW1_FORWARD
20.27,14.1,9.67,-4.53,14.7,ROW1_FORWARD
20.28,14.1,9.69,-4.53,14.7,ROW1_FORWARD
20.28,14.1,9.71,-4.53,14.7,ROW1_FORWARD
20.29,14.1,9.73,-4.53,14.7,ROW1_FORWARD
20.29,14.1,9.75,-4.53,14.7,ROW1_FORWARD
20.3,14.1,9.77,-4.53,14.7,ROW1_FORWARD
20.3,14.1,9.79,-4.53,14.7,ROW1_FORWARD
20.31,14.1,9.81,-4.53,14.7,ROW1_FORWARD
20.31,14.1,9.83,-4.53,14.7,ROW1_FORWARD
20.32,14.1,9.85,-4.53,14.7,ROW1_FORWARD
20.32,14.1,9.87,-4.53,14.7,ROW1_FORWARD
20.33,14.1,9.89,-4.53,14.69,ROW1_FORWARD
20.34,14.1,9.91,-4.53,14.69,ROW1_FORWARD
20.34,14.1,9.93,-4.53,14.69,ROW1_FORWARD
20.35,14.1,9.95,-4.53,14.69,ROW1_FORWARD
20.35,14.1,9.97,-4.53,14.69,ROW1_FORWARD
20.36,14.1,9.99,-4.53,14.69,ROW1_FORWARD
20.36,14.1,10.01,-4.53,14.69,ROW1_FORWARD
20.37,14.1,10.03,-4.53,14.69,ROW1_FORWARD
20.38,14.1,10.05,-4.53,14.69,ROW1_FORWARD
20.38,14.1,10.07,-4.53,14.69,ROW1_FORWARD
20.39,14.1,10.09,-4.53,14.69,ROW1_FORWARD
20.39,14.1,10.11,-4.53,14.69,ROW1_FORWARD
20.4,14.1,10.13,-4.53,14.69,ROW1_FORWARD
20.4,14.1,10.15,-4.53,14.69,ROW1_FORWARD
20.41,14.1,10.17,-4.53,14.69,ROW1_FORWARD
20.42,14.1,10.19,-4.53,14.69,ROW1_FORWARD
20.42,14.1,10.21,-4.53,14.69,ROW1_FORWARD
20.43,14.1,10.23,-4.53,14.69,ROW1_FORWARD
20.44,14.1,10.25,-4.53,14.69,ROW1_FORWARD
20.44,14.1,10.27,-4.53,14.69,ROW1_FORWARD
20.45,14.1,10.29,-4.53,14.69,ROW1_FORWARD
20.45,14.1,10.31,-4.53,14.69,ROW1_FORWARD
20.46,14.1,10.33,-4.53,14.69,ROW1_FORWARD
20.47,14.1,10.35,-4.53,14.69,ROW1_FORWARD
20.47,14.1,10.37,-4.53,14.69,ROW1_FORWARD
20.48,14.1,10.39,-4.53,14.69,ROW1_FORWARD
20.48,14.1,10.41,-4.53,14.69,ROW1_FORWARD
20.49,14.1,10.43,-4.53,14.69,ROW1_FORWARD
20.49,14.1,10.45,-4.53,14.69,ROW1_FORWARD
20.5,14.1,10.47,-4.53,14.69,ROW1_FORWARD
20.51,14.1,10.49,-4.53,14.69,ROW1_FORWARD
20.51,14.1,10.51,-4.53,14.69,ROW1_FORWARD
20.52,14.1,10.53,-4.53,14.69,ROW1_FORWARD
20.52,14.1,10.55,-4.53,14.69,ROW1_FORWARD
20.53,14.1,10.57,-4.53,14.69,ROW1_FORWARD
20.53,14.1,10.59,-4.53,14.69,ROW1_FORWARD
20.55,14.1,10.61,-4.53,14.69,ROW1_FORWARD
20.55,14.1,10.63,-4.53,14.69,ROW1_FORWARD
20.56,14.1,10.65,-4.53,14.69,ROW1_FORWARD
20.56,14.1,10.67,-4.53,14.69,ROW1_FORWARD
20.57,14.1,10.69,-4.53,14.69,ROW1_FORWARD
20.58,14.1,10.71,-4.53,14.69,ROW1_FORWARD
20.59,14.1,10.73,-4.53,14.69,ROW1_FORWARD
20.6,14.1,10.75,-4.53,14.69,ROW1_FORWARD
20.6,14.1,10.77,-4.53,14.69,ROW1_FORWARD
20.61,14.1,10.79,-4.53,14.69,ROW1_FORWARD
20.61,14.1,10.81,-4.53,14.69,ROW1_FORWARD
20.62,14.1,10.83,-4.53,14.69,ROW1_FORWARD
20.62,14.1,10.85,-4.53,14.69,ROW1_FORWARD
20.63,14.1,10.87,-4.53,14.69,ROW1_FORWARD
20.64,14.1,10.89,-4.53,14.69,ROW1_FORWARD
20.64,14.1,10.91,-4.53,14.69,ROW1_FORWARD
20.65,14.1,10.93,-4.53,14.69,ROW1_FORWARD
20.68,14.1,10.95,-4.53,14.69,ROW1_FORWARD
20.68,14.1,10.97,-4.53,14.69,ROW1_FORWARD
20.69,14.1,10.99,-4.53,14.69,ROW1_FORWARD
20.69,14.1,11.01,-4.53,14.69,ROW1_FORWARD
20.7,14.1,11.03,-4.53,14.69,ROW1_FORWARD
20.71,14.1,11.05,-4.53,14.69,ROW1_FORWARD
20.71,14.1,11.07,-4.53,14.69,ROW1_FORWARD
20.72,14.1,11.09,-4.53,14.69,ROW1_FORWARD
20.73,14.1,11.11,-4.53,14.69,ROW1_FORWARD
20.73,14.1,11.13,-4.53,14.69,ROW1_FORWARD
20.74,14.1,11.15,-4.53,14.69,ROW1_FORWARD
20.74,14.1,11.17,-4.53,14.69,ROW1_FORWARD
20.75,14.1,11.19,-4.53,14.69,ROW1_FORWARD
20.76,14.1,11.21,-4.53,14.69,ROW1_FORWARD
20.76,14.1,11.23,-4.53,14.69,ROW1_FORWARD
20.77,14.1,11.25,-4.53,14.69,ROW1_FORWARD
20.77,14.1,11.27,-4.53,14.69,ROW1_FORWARD
20.78,14.1,11.29,-4.53,14.69,ROW1_FORWARD
20.78,14.1,11.31,-4.53,14.69,ROW1_FORWARD
20.79,14.1,11.33,-4.53,14.69,ROW1_FORWARD
20.79,14.1,11.35,-4.53,14.69,ROW1_FORWARD
20.8,14.1,11.37,-4.53,14.69,ROW1_FORWARD
20.81,14.1,11.39,-4.53,14.69,ROW1_FORWARD
20.81,14.1,11.41,-4.53,14.69,ROW1_FORWARD
20.82,14.1,11.43,-4.53,14.69,ROW1_FORWARD
20.82,14.1,11.45,-4.53,14.69,ROW1_FORWARD
20.83,14.1,11.47,-4.53,14.69,ROW1_FORWARD
20.83,14.1,11.5,-4.53,14.68,ROW1_FORWARD
20.84,14.1,11.52,-4.53,14.68,ROW1_FORWARD
20.85,14.1,11.54,-4.53,14.68,ROW1_FORWARD
20.85,14.1,11.56,-4.53,14.68,ROW1_FORWARD
20.86,14.1,11.58,-4.53,14.68,ROW1_FORWARD
20.86,14.1,11.6,-4.53,14.68,ROW1_FORWARD
20.87,14.1,11.62,-4.53,14.68,ROW1_FORWARD
20.87,14.1,11.64,-4.53,14.68,ROW1_FORWARD
20.88,14.1,11.66,-4.53,14.68,ROW1_FORWARD
20.89,14.1,11.68,-4.53,14.68,ROW1_FORWARD
20.89,14.1,11.7,-4.53,14.68,ROW1_FORWARD
20.9,14.1,11.72,-4.53,14.68,ROW1_FORWARD
20.91,14.1,11.74,-4.53,14.68,ROW1_FORWARD
20.91,14.1,11.76,-4.53,14.68,ROW1_FORWARD
20.92,14.1,11.78,-4.53,14.68,ROW1_FORWARD
20.92,14.1,11.8,-4.53,14.68,ROW1_FORWARD
20.93,14.1,11.82,-4.53,14.68,ROW1_FORWARD
20.94,14.1,11.84,-4.53,14.68,ROW1_FORWARD
20.94,14.1,11.86,-4.53,14.68,ROW1_FORWARD
20.95,14.1,11.88,-4.53,14.68,ROW1_FORWARD
20.95,14.1,11.9,-4.53,14.68,ROW1_FORWARD
20.96,14.1,11.92,-4.53,14.68,ROW1_FORWARD
20.96,14.1,11.94,-4.53,14.68,ROW1_FORWARD
20.97,14.1,11.96,-4.53,14.68,ROW1_FORWARD
20.98,14.1,11.98,-4.53,14.68,ROW1_FORWARD
20.98,14.1,12.0,-4.53,14.68,ROW1_FORWARD
20.99,14.1,12.02,-4.53,14.68,ROW1_FORWARD
20.99,14.1,12.04,-4.53,14.68,ROW1_FORWARD
21.0,14.1,12.06,-4.53,14.68,ROW1_FORWARD
21.01,14.1,12.08,-4.53,14.68,ROW1_FORWARD
21.01,14.1,12.1,-4.53,14.68,ROW1_FORWARD
21.02,14.1,12.12,-4.53,14.68,ROW1_FORWARD
21.02,14.1,12.14,-4.53,14.68,ROW1_FORWARD
21.03,14.1,12.16,-4.53,14.68,ROW1_FORWARD
21.03,14.1,12.18,-4.53,14.68,ROW1_FORWARD
21.04,14.1,12.2,-4.53,14.68,ROW1_FORWARD
21.04,14.1,12.22,-4.53,14.68,ROW1_FORWARD
21.05,14.1,12.24,-4.53,14.68,ROW1_FORWARD
21.06,14.1,12.26,-4.53,14.68,ROW1_FORWARD
21.06,14.1,12.28,-4.53,14.68,ROW1_FORWARD
21.07,14.1,12.3,-4.53,14.68,ROW1_FORWARD
21.07,14.1,12.32,-4.53,14.68,ROW1_FORWARD
21.08,14.1,12.34,-4.53,14.68,ROW1_FORWARD
21.08,14.1,12.36,-4.53,14.68,ROW1_FORWARD
21.09,14.1,12.38,-4.53,14.68,ROW1_FORWARD
21.09,14.1,12.4,-4.53,14.68,ROW1_FORWARD
21.1,14.1,12.42,-4.53,14.68,ROW1_FORWARD
21.1,14.1,12.44,-4.53,14.68,ROW1_FORWARD
21.11,14.1,12.46,-4.53,14.68,ROW1_FORWARD
21.12,14.1,12.48,-4.53,14.68,ROW1_FORWARD
21.12,14.1,12.5,-4.53,14.68,ROW1_FORWARD
21.13,14.1,12.52,-4.53,14.68,ROW1_FORWARD
21.13,14.1,12.54,-4.53,14.68,ROW1_FORWARD
21.14,14.1,12.56,-4.53,14.68,ROW1_FORWARD
21.14,14.1,12.58,-4.53,14.68,ROW1_FORWARD
21.15,14.1,12.6,-4.53,14.68,ROW1_FORWARD
21.15,14.1,12.62,-4.53,14.68,ROW1_FORWARD
21.16,14.1,12.64,-4.53,14.68,ROW1_FORWARD
21.17,14.1,12.66,-4.53,14.68,ROW1_FORWARD
21.17,14.1,12.68,-4.53,14.68,ROW1_FORWARD
21.18,14.1,12.7,-4.53,14.68,ROW1_FORWARD
21.18,14.1,12.72,-4.53,14.68,ROW1_FORWARD
21.19,14.1,12.74,-4.53,14.68,ROW1_FORWARD
21.2,14.1,12.76,-4.53,14.68,ROW1_FORWARD
21.2,14.1,12.79,-4.53,14.68,ROW1_FORWARD
21.21,14.1,12.81,-4.53,14.68,ROW1_FORWARD
21.21,14.1,12.83,-4.53,14.68,ROW1_FORWARD
21.22,14.1,12.85,-4.53,14.68,ROW1_FORWARD
21.22,14.1,12.87,-4.53,14.68,ROW1_FORWARD
21.23,14.1,12.89,-4.53,14.68,ROW1_FORWARD
21.24,14.1,12.91,-4.53,14.68,ROW1_FORWARD
21.24,14.1,12.93,-4.53,14.68,ROW1_FORWARD
21.25,14.1,12.95,-4.53,14.68,ROW1_FORWARD
21.26,14.1,12.97,-4.53,14.68,ROW1_FORWARD
21.27,14.1,12.99,-4.53,14.68,ROW1_FORWARD
21.27,14.1,13.01,-4.53,14.68,ROW1_FORWARD
21.28,14.1,13.03,-4.53,14.68,ROW1_FORWARD
21.28,14.1,13.05,-4.53,14.68,ROW1_FORWARD
21.29,14.1,13.07,-4.53,14.68,ROW1_FORWARD
21.3,14.1,13.09,-4.53,14.68,ROW1_FORWARD
21.31,14.1,13.11,-4.53,14.67,ROW1_FORWARD
21.31,14.1,13.13,-4.53,14.67,ROW1_FORWARD
21.32,14.1,13.15,-4.53,14.67,ROW1_FORWARD
21.32,14.1,13.17,-4.53,14.67,ROW1_FORWARD
21.33,14.1,13.19,-4.53,14.67,ROW1_FORWARD
21.34,14.1,13.21,-4.53,14.67,ROW1_FORWARD
21.34,14.1,13.23,-4.53,14.67,ROW1_FORWARD
21.35,14.1,13.25,-4.53,14.67,ROW1_FORWARD
21.35,14.1,13.27,-4.53,14.67,ROW1_FORWARD
21.36,14.1,13.29,-4.53,14.67,ROW1_FORWARD
21.37,14.1,13.31,-4.53,14.67,ROW1_FORWARD
21.37,14.1,13.33,-4.53,14.67,ROW1_FORWARD
21.38,14.1,13.35,-4.53,14.67,ROW1_FORWARD
21.38,14.1,13.37,-4.53,14.67,ROW1_FORWARD
21.39,14.1,13.39,-4.53,14.67,ROW1_FORWARD
21.39,14.1,13.41,-4.53,14.67,ROW1_FORWARD
21.4,14.1,13.43,-4.53,14.67,ROW1_FORWARD
21.4,14.1,13.45,-4.53,14.67,ROW1_FORWARD
21.41,14.1,13.47,-4.53,14.67,ROW1_FORWARD
21.42,14.1,13.49,-4.53,14.67,ROW1_FORWARD
21.43,14.1,13.51,-4.53,14.67,ROW1_FORWARD
21.44,14.1,13.53,-4.53,14.67,ROW1_FORWARD
21.45,14.1,13.55,-4.53,14.67,ROW1_FORWARD
21.46,14.1,13.57,-4.53,14.67,ROW1_FORWARD
21.46,14.1,13.59,-4.53,14.67,ROW1_FORWARD
21.47,14.1,13.61,-4.53,14.67,ROW1_FORWARD
21.48,14.1,13.63,-4.53,14.67,ROW1_FORWARD
21.49,14.1,13.65,-4.53,14.67,ROW1_FORWARD
21.5,14.1,13.67,-4.53,14.67,ROW1_FORWARD
21.5,14.1,13.69,-4.53,14.67,ROW1_FORWARD
21.51,14.1,13.71,-4.53,14.67,ROW1_FORWARD
21.52,14.1,13.73,-4.53,14.67,ROW1_FORWARD
21.52,14.1,13.76,-4.53,14.67,ROW1_FORWARD
21.53,14.1,13.78,-4.53,14.67,ROW1_FORWARD
21.54,14.1,13.8,-4.53,14.67,ROW1_FORWARD
21.54,14.1,13.82,-4.53,14.67,ROW1_FORWARD
21.55,14.1,13.84,-4.53,14.67,ROW1_FORWARD
21.55,14.1,13.86,-4.53,14.67,ROW1_FORWARD
21.56,14.1,13.88,-4.53,14.67,ROW1_FORWARD
21.57,14.1,13.9,-4.53,14.67,ROW1_FORWARD
21.57,14.1,13.92,-4.53,14.67,ROW1_FORWARD
21.58,14.1,13.94,-4.53,14.67,ROW1_FORWARD
21.58,14.1,13.96,-4.53,14.67,ROW1_FORWARD
21.59,14.1,13.98,-4.53,14.67,ROW1_FORWARD
21.59,14.1,14.0,-4.53,14.67,ROW1_FORWARD
21.6,14.1,14.02,-4.53,14.67,ROW1_FORWARD
21.61,14.1,14.04,-4.53,14.67,ROW1_FORWARD
21.61,14.1,14.06,-4.53,14.67,ROW1_FORWARD
21.62,14.1,14.08,-4.53,14.67,ROW1_FORWARD
21.62,14.1,14.1,-4.53,14.67,ROW1_FORWARD
21.63,14.1,14.12,-4.53,14.67,ROW1_FORWARD
21.63,14.1,14.14,-4.53,14.67,ROW1_FORWARD
21.64,14.1,14.16,-4.53,14.67,ROW1_FORWARD
21.64,14.1,14.18,-4.53,14.67,ROW1_FORWARD
21.65,14.1,14.2,-4.53,14.67,ROW1_FORWARD
21.65,14.1,14.22,-4.53,14.67,ROW1_FORWARD
21.66,14.1,14.24,-4.53,14.67,ROW1_FORWARD
21.67,14.1,14.26,-4.53,14.67,ROW1_FORWARD
21.67,14.1,14.28,-4.53,14.67,ROW1_FORWARD
21.68,14.1,14.3,-4.53,14.67,ROW1_FORWARD
21.68,14.1,14.32,-4.53,14.67,ROW1_FORWARD
21.69,14.1,14.34,-4.53,14.67,ROW1_FORWARD
21.69,14.1,14.36,-4.53,14.67,ROW1_FORWARD
21.7,14.1,14.38,-4.53,14.67,ROW1_FORWARD
21.7,14.1,14.4,-4.53,14.67,ROW1_FORWARD
21.72,14.1,14.42,-4.53,14.67,ROW1_FORWARD
21.72,14.1,14.44,-4.53,14.67,ROW1_FORWARD
21.73,14.1,14.46,-4.53,14.67,ROW1_FORWARD
21.73,14.1,14.48,-4.53,14.67,ROW1_FORWARD
21.74,14.1,14.5,-4.53,14.67,ROW1_FORWARD
21.75,14.1,14.52,-4.53,14.67,ROW1_FORWARD
21.76,14.1,14.54,-4.53,14.67,ROW1_FORWARD
21.76,14.1,14.56,-4.53,14.67,ROW1_FORWARD
21.77,14.1,14.59,-4.53,14.67,ROW1_FORWARD
21.78,14.1,14.61,-4.53,14.67,ROW1_FORWARD
21.78,14.1,14.63,-4.53,14.67,ROW1_FORWARD
21.79,14.1,14.65,-4.53,14.67,ROW1_FORWARD
21.8,14.1,14.67,-4.53,14.67,ROW1_FORWARD
21.81,14.1,14.69,-4.53,14.67,ROW1_FORWARD
21.81,14.1,14.71,-4.53,14.67,ROW1_FORWARD
21.82,14.1,14.73,-4.53,14.66,ROW1_FORWARD
21.83,14.1,14.75,-4.53,14.66,ROW1_FORWARD
21.83,14.1,14.77,-4.53,14.66,ROW1_FORWARD
21.84,14.1,14.79,-4.53,14.66,ROW1_FORWARD
21.85,14.1,14.81,-4.53,14.66,ROW1_FORWARD
21.86,14.1,14.83,-4.53,14.66,ROW1_FORWARD
21.87,14.1,14.85,-4.53,14.66,ROW1_FORWARD
21.87,14.1,14.87,-4.53,14.66,ROW1_FORWARD
21.88,14.1,14.89,-4.53,14.66,ROW1_FORWARD
21.89,14.1,14.91,-4.53,14.66,ROW1_FORWARD
21.89,14.1,14.93,-4.53,14.66,ROW1_FORWARD
21.9,14.1,14.95,-4.53,14.66,ROW1_FORWARD
21.91,14.1,14.97,-4.53,14.66,ROW1_FORWARD
21.91,14.1,14.99,-4.53,14.66,ROW1_FORWARD
21.92,14.1,15.01,-4.53,14.66,ROW1_FORWARD
21.93,14.1,15.03,-4.53,14.66,ROW1_FORWARD
21.93,14.1,15.05,-4.53,14.66,ROW1_FORWARD
21.94,14.1,15.07,-4.53,14.66,ROW1_FORWARD
21.95,14.1,15.09,-4.53,14.66,ROW1_FORWARD
21.95,14.1,15.11,-4.53,14.66,ROW1_FORWARD
21.96,14.1,15.13,-4.53,14.66,ROW1_FORWARD
21.97,14.1,15.15,-4.53,14.66,ROW1_FORWARD
21.98,14.1,15.17,-4.53,14.66,ROW1_FORWARD
21.99,14.1,15.19,-4.53,14.66,ROW1_FORWARD
21.99,14.1,15.21,-4.53,14.66,ROW1_FORWARD
22.0,14.1,15.23,-4.53,14.66,ROW1_FORWARD
22.0,14.1,15.25,-4.53,14.66,ROW1_FORWARD
22.01,14.1,15.27,-4.53,14.66,ROW1_FORWARD
22.02,14.1,15.29,-4.53,14.66,ROW1_FORWARD
22.02,14.1,15.31,-4.53,14.66,ROW1_FORWARD
22.03,14.1,15.34,-4.53,14.66,ROW1_FORWARD
22.03,14.1,15.36,-4.53,14.66,ROW1_FORWARD
22.04,14.1,15.38,-4.53,14.66,ROW1_FORWARD
22.04,14.1,15.4,-4.53,14.66,ROW1_FORWARD
22.05,14.1,15.42,-4.53,14.66,ROW1_FORWARD
22.05,14.1,15.44,-4.53,14.66,ROW1_FORWARD
22.06,14.1,15.46,-4.53,14.66,ROW1_FORWARD
22.07,14.1,15.48,-4.53,14.66,ROW1_FORWARD
22.07,14.1,15.5,-4.53,14.66,ROW1_FORWARD
22.08,14.1,15.52,-4.53,14.66,ROW1_FORWARD
22.08,14.1,15.54,-4.53,14.66,ROW1_FORWARD
22.09,14.1,15.56,-4.53,14.66,ROW1_FORWARD
22.1,14.1,15.58,-4.53,14.66,ROW1_FORWARD
22.11,14.1,15.6,-4.53,14.66,ROW1_FORWARD
22.12,14.1,15.62,-4.53,14.66,ROW1_FORWARD
22.12,14.1,15.64,-4.53,14.66,ROW1_FORWARD
22.13,14.1,15.66,-4.53,14.66,ROW1_FORWARD
22.13,14.1,15.68,-4.53,14.66,ROW1_FORWARD
22.14,14.1,15.7,-4.53,14.66,ROW1_FORWARD
22.14,14.1,15.72,-4.53,14.66,ROW1_FORWARD
22.15,14.1,15.74,-4.53,14.66,ROW1_FORWARD
22.16,14.1,15.76,-4.53,14.66,ROW1_FORWARD
22.16,14.1,15.78,-4.53,14.66,ROW1_FORWARD
22.17,14.1,15.8,-4.53,14.66,ROW1_FORWARD
22.18,14.1,15.82,-4.53,14.66,ROW1_FORWARD
22.19,14.1,15.84,-4.53,14.66,ROW1_FORWARD
22.19,14.1,15.86,-4.53,14.66,ROW1_FORWARD
22.2,14.1,15.88,-4.53,14.66,ROW1_FORWARD
22.21,14.1,15.9,-4.53,14.66,ROW1_FORWARD
22.22,14.1,15.92,-4.53,14.66,ROW1_FORWARD
22.23,14.1,15.94,-4.53,14.66,ROW1_FORWARD
22.23,14.1,15.96,-4.53,14.66,ROW1_FORWARD
22.24,14.1,15.98,-4.53,14.66,ROW1_FORWARD
22.25,14.1,16.0,-4.53,14.66,ROW1_FORWARD
22.25,14.1,16.03,-4.53,14.66,ROW1_FORWARD
22.27,14.1,16.05,-4.53,14.66,ROW1_FORWARD
22.27,14.1,16.07,-4.53,14.66,ROW1_FORWARD
22.28,14.1,16.09,-4.53,14.66,ROW1_FORWARD
22.28,14.1,16.11,-4.53,14.66,ROW1_FORWARD
22.29,14.1,16.13,-4.53,14.66,ROW1_FORWARD
22.29,14.1,16.15,-4.53,14.66,ROW1_FORWARD
22.3,14.1,16.17,-4.53,14.66,ROW1_FORWARD
22.31,14.1,16.19,-4.53,14.66,ROW1_FORWARD
22.32,14.1,16.21,-4.53,14.66,ROW1_FORWARD
22.33,14.1,16.23,-4.53,14.66,ROW1_FORWARD
22.33,14.1,16.25,-4.53,14.66,ROW1_FORWARD
22.34,14.1,16.27,-4.53,14.66,ROW1_FORWARD
22.35,14.1,16.29,-4.53,14.66,ROW1_FORWARD
22.35,14.1,16.31,-4.53,14.66,ROW1_FORWARD
22.36,14.1,16.33,-4.53,14.66,ROW1_FORWARD
22.36,14.1,16.35,-4.53,14.65,ROW1_FORWARD
22.37,14.1,16.37,-4.53,14.65,ROW1_FORWARD
22.37,14.1,16.39,-4.53,14.65,ROW1_FORWARD
22.38,14.1,16.41,-4.53,14.65,ROW1_FORWARD
22.39,14.1,16.43,-4.53,14.65,ROW1_FORWARD
22.39,14.1,16.45,-4.53,14.65,ROW1_FORWARD
22.4,14.1,16.47,-4.53,14.65,ROW1_FORWARD
22.4,14.1,16.49,-4.53,14.65,ROW1_FORWARD
22.41,14.1,16.51,-4.53,14.65,ROW1_FORWARD
22.41,14.1,16.53,-4.53,14.65,ROW1_FORWARD
22.42,14.1,16.55,-4.53,14.65,ROW1_FORWARD
22.42,14.1,16.57,-4.53,14.65,ROW1_FORWARD
22.43,14.1,16.59,-4.53,14.65,ROW1_FORWARD
22.44,14.1,16.61,-4.53,14.65,ROW1_FORWARD
22.45,14.1,16.63,-4.53,14.65,ROW1_FORWARD
22.45,14.1,16.66,-4.53,14.65,ROW1_FORWARD
22.46,14.1,16.68,-4.53,14.65,ROW1_FORWARD
22.47,14.1,16.7,-4.53,14.65,ROW1_FORWARD
22.47,14.1,16.72,-4.53,14.65,ROW1_FORWARD
22.48,14.1,16.74,-4.53,14.65,ROW1_FORWARD
22.48,14.1,16.76,-4.53,14.65,ROW1_FORWARD
22.49,14.1,16.78,-4.53,14.65,ROW1_FORWARD
22.49,14.1,16.8,-4.53,14.65,ROW1_FORWARD
22.5,14.1,16.82,-4.53,14.65,ROW1_FORWARD
22.51,14.1,16.84,-4.53,14.65,ROW1_FORWARD
22.51,14.1,16.86,-4.53,14.65,ROW1_FORWARD
22.52,14.1,16.88,-4.53,14.65,ROW1_FORWARD
22.52,14.1,16.9,-4.53,14.65,ROW1_FORWARD
22.53,14.1,16.92,-4.53,14.65,ROW1_FORWARD
22.54,14.1,16.94,-4.53,14.65,ROW1_FORWARD
22.54,14.1,16.96,-4.53,14.65,ROW1_FORWARD
22.55,14.1,16.98,-4.53,14.65,ROW1_FORWARD
22.56,14.1,17.0,-4.53,14.65,ROW1_FORWARD
22.57,14.1,17.02,-4.53,14.65,ROW1_FORWARD
22.57,14.1,17.04,-4.53,14.65,ROW1_FORWARD
22.58,14.1,17.06,-4.53,14.65,ROW1_FORWARD
22.58,14.1,17.08,-4.53,14.65,ROW1_FORWARD
22.59,14.1,17.1,-4.53,14.65,ROW1_FORWARD
22.6,14.1,17.12,-4.53,14.65,ROW1_FORWARD
22.6,14.1,17.14,-4.53,14.65,ROW1_FORWARD
22.61,14.1,17.16,-4.53,14.65,ROW1_FORWARD
22.61,14.1,17.18,-4.53,14.65,ROW1_FORWARD
22.62,14.1,17.2,-4.53,14.65,ROW1_FORWARD
22.63,14.1,17.22,-4.53,14.65,ROW1_FORWARD
22.63,14.1,17.24,-4.53,14.65,ROW1_FORWARD
22.64,14.1,17.27,-4.53,14.65,ROW1_FORWARD
22.65,14.1,17.29,-4.53,14.65,ROW1_FORWARD
22.65,14.1,17.31,-4.53,14.65,ROW1_FORWARD
22.66,14.1,17.33,-4.53,14.65,ROW1_FORWARD
22.66,14.1,17.35,-4.53,14.65,ROW1_FORWARD
22.67,14.1,17.37,-4.53,14.65,ROW1_FORWARD
22.68,14.1,17.39,-4.53,14.65,ROW1_FORWARD
22.68,14.1,17.41,-4.53,14.65,ROW1_FORWARD
22.69,14.1,17.43,-4.53,14.65,ROW1_FORWARD
22.69,14.1,17.45,-4.53,14.65,ROW1_FORWARD
22.7,14.1,17.47,-4.53,14.65,ROW1_FORWARD
22.7,14.1,17.49,-4.53,14.65,ROW1_FORWARD
22.71,14.1,17.51,-4.53,14.65,ROW1_FORWARD
22.72,14.1,17.53,-4.53,14.65,ROW1_FORWARD
22.73,14.1,17.55,-4.53,14.65,ROW1_FORWARD
22.73,14.1,17.57,-4.53,14.65,ROW1_FORWARD
22.74,14.1,17.59,-4.53,14.65,ROW1_FORWARD
22.75,14.1,17.61,-4.53,14.65,ROW1_FORWARD
22.75,14.1,17.63,-4.53,14.65,ROW1_FORWARD
22.76,14.1,17.65,-4.53,14.65,ROW1_FORWARD
22.77,14.1,17.67,-4.53,14.65,ROW1_FORWARD
22.77,14.1,17.69,-4.53,14.65,ROW1_FORWARD
22.78,14.1,17.71,-4.53,14.65,ROW1_FORWARD
22.78,14.1,17.73,-4.53,14.65,ROW1_FORWARD
22.79,14.1,17.75,-4.53,14.65,ROW1_FORWARD
22.8,14.1,17.77,-4.53,14.65,ROW1_FORWARD
22.8,14.1,17.79,-4.53,14.65,ROW1_FORWARD
22.81,14.1,17.81,-4.53,14.65,ROW1_FORWARD
22.82,14.1,17.84,-4.53,14.65,ROW1_FORWARD
22.82,14.1,17.86,-4.53,14.65,ROW1_FORWARD
22.83,14.1,17.88,-4.53,14.65,ROW1_FORWARD
22.84,14.1,17.9,-4.53,14.65,ROW1_FORWARD
22.84,14.1,17.92,-4.53,14.65,ROW1_FORWARD
22.85,14.1,17.94,-4.53,14.65,ROW1_FORWARD
22.85,14.1,17.96,-4.53,14.65,ROW1_FORWARD
22.86,14.1,17.98,-4.53,14.64,ROW1_FORWARD
22.87,14.1,18.0,-4.53,14.64,ROW1_FORWARD
22.88,14.1,18.02,-4.53,14.64,ROW1_FORWARD
22.89,14.1,18.04,-4.53,14.64,ROW1_FORWARD
22.9,14.1,18.06,-4.53,14.64,ROW1_FORWARD
22.91,14.1,18.08,-4.53,14.64,ROW1_FORWARD
22.92,14.1,18.1,-4.53,14.64,ROW1_FORWARD
22.92,14.1,18.12,-4.53,14.64,ROW1_FORWARD
22.93,14.1,18.14,-4.53,14.64,ROW1_FORWARD
22.94,14.1,18.16,-4.53,14.64,ROW1_FORWARD
22.95,14.1,18.18,-4.53,14.64,ROW1_FORWARD
22.96,14.1,18.2,-4.53,14.64,ROW1_FORWARD
22.97,14.1,18.22,-4.53,14.64,ROW1_FORWARD
22.98,14.1,18.24,-4.53,14.64,ROW1_FORWARD
22.98,14.1,18.26,-4.53,14.64,ROW1_FORWARD
22.99,14.1,18.28,-4.53,14.64,ROW1_FORWARD
22.99,14.1,18.3,-4.53,14.64,ROW1_FORWARD
23.0,14.1,18.32,-4.53,14.64,ROW1_FORWARD
23.01,14.1,18.34,-4.53,14.64,ROW1_FORWARD
23.01,14.1,18.36,-4.53,14.64,ROW1_FORWARD
23.02,14.1,18.39,-4.53,14.64,ROW1_FORWARD
23.02,14.1,18.41,-4.53,14.64,ROW1_FORWARD
23.03,14.1,18.43,-4.53,14.64,ROW1_FORWARD
23.03,14.1,18.45,-4.53,14.64,ROW1_FORWARD
23.04,14.1,18.47,-4.53,14.64,ROW1_FORWARD
23.04,14.1,18.49,-4.53,14.64,ROW1_FORWARD
23.05,14.1,18.51,-4.53,14.64,ROW1_FORWARD
23.05,14.1,18.53,-4.53,14.64,ROW1_FORWARD
23.06,14.1,18.55,-4.53,14.64,ROW1_FORWARD
23.07,14.1,18.57,-4.53,14.64,ROW1_FORWARD
23.08,14.1,18.59,-4.53,14.64,ROW1_FORWARD
23.08,14.1,18.61,-4.53,14.64,ROW1_FORWARD
23.09,14.1,18.63,-4.53,14.64,ROW1_FORWARD
23.09,14.1,18.65,-4.53,14.64,ROW1_FORWARD
23.1,14.1,18.67,-4.53,14.64,ROW1_FORWARD
23.1,14.1,18.69,-4.53,14.64,ROW1_FORWARD
23.11,14.1,18.71,-4.53,14.64,ROW1_FORWARD
23.12,14.1,18.73,-4.53,14.64,ROW1_FORWARD
23.12,14.1,18.75,-4.53,14.64,ROW1_FORWARD
23.13,14.1,18.77,-4.53,14.64,ROW1_FORWARD
23.13,14.1,18.79,-4.53,14.64,ROW1_FORWARD
23.14,14.1,18.81,-4.53,14.64,ROW1_FORWARD
23.15,14.1,18.83,-4.53,14.64,ROW1_FORWARD
23.15,14.1,18.85,-4.53,14.64,ROW1_FORWARD
23.16,14.1,18.87,-4.53,14.64,ROW1_FORWARD
23.17,14.1,18.89,-4.53,14.64,ROW1_FORWARD
23.17,14.1,18.92,-4.53,14.64,ROW1_FORWARD
23.18,14.1,18.94,-4.53,14.64,ROW1_FORWARD
23.19,14.1,18.96,-4.53,14.64,ROW1_FORWARD
23.19,14.1,18.98,-4.53,14.64,ROW1_FORWARD
23.2,14.1,19.0,-4.53,14.64,ROW1_FORWARD
23.21,14.1,19.02,-4.53,14.64,ROW1_FORWARD
23.21,14.1,19.04,-4.53,14.64,ROW1_FORWARD
23.22,14.1,19.06,-4.53,14.64,ROW1_FORWARD
23.23,14.1,19.08,-4.53,14.64,ROW1_FORWARD
23.23,14.1,19.1,-4.53,14.64,ROW1_FORWARD
23.24,14.1,19.12,-4.53,14.64,ROW1_FORWARD
23.24,14.1,19.14,-4.53,14.64,ROW1_FORWARD
23.25,14.1,19.16,-4.53,14.64,ROW1_FORWARD
23.26,14.1,19.18,-4.53,14.64,ROW1_FORWARD
23.26,14.1,19.2,-4.53,14.64,ROW1_FORWARD
23.27,14.1,19.22,-4.53,14.64,ROW1_FORWARD
23.27,14.1,19.24,-4.53,14.64,ROW1_FORWARD
23.28,14.1,19.26,-4.53,14.64,ROW1_FORWARD
23.29,14.1,19.28,-4.53,14.64,ROW1_FORWARD
23.29,14.1,19.3,-4.53,14.64,ROW1_FORWARD
23.3,14.1,19.32,-4.53,14.64,ROW1_FORWARD
23.3,14.1,19.34,-4.53,14.64,ROW1_FORWARD
23.31,14.1,19.36,-4.53,14.64,ROW1_FORWARD
23.31,14.1,19.38,-4.53,14.64,ROW1_FORWARD
23.32,14.1,19.4,-4.53,14.64,ROW1_FORWARD
23.33,14.1,19.42,-4.53,14.64,ROW1_FORWARD
23.33,14.1,19.45,-4.53,14.64,ROW1_FORWARD
23.34,14.1,19.47,-4.53,14.64,ROW1_FORWARD
23.34,14.1,19.49,-4.53,14.64,ROW1_FORWARD
23.36,14.1,19.51,-4.53,14.64,ROW1_FORWARD
23.36,14.1,19.53,-4.53,14.64,ROW1_FORWARD
23.37,14.1,19.55,-4.53,14.64,ROW1_FORWARD
23.37,14.1,19.57,-4.53,14.64,ROW1_FORWARD
23.38,14.1,19.59,-4.53,14.64,ROW1_FORWARD
23.39,14.1,19.61,-4.53,14.63,ROW1_FORWARD
23.39,14.1,19.63,-4.53,14.63,ROW1_FORWARD
23.4,14.1,19.65,-4.53,14.63,ROW1_FORWARD
23.41,14.1,19.67,-4.53,14.63,ROW1_FORWARD
23.42,14.1,19.69,-4.53,14.63,ROW1_FORWARD
23.42,14.1,19.71,-4.53,14.63,ROW1_FORWARD
23.43,14.1,19.73,-4.53,14.63,ROW1_FORWARD
23.43,14.1,19.75,-4.53,14.63,ROW1_FORWARD
23.44,14.1,19.77,-4.53,14.63,ROW1_FORWARD
23.45,14.1,19.79,-4.53,14.63,ROW1_FORWARD
23.45,14.1,19.81,-4.53,14.63,ROW1_FORWARD
23.46,14.1,19.83,-4.53,14.63,ROW1_FORWARD
23.46,14.1,19.85,-4.53,14.63,ROW1_FORWARD
23.47,14.1,19.87,-4.53,14.63,ROW1_FORWARD
23.47,14.1,19.89,-4.53,14.63,ROW1_FORWARD
23.48,14.1,19.91,-4.53,14.63,ROW1_FORWARD
23.49,14.1,19.94,-4.53,14.63,ROW1_FORWARD
23.49,14.1,19.96,-4.53,14.63,ROW1_FORWARD
23.5,14.1,19.98,-4.53,14.63,ROW1_FORWARD
23.51,14.1,20.0,-4.53,14.63,ROW1_FORWARD
23.51,14.1,20.02,-4.53,14.63,SHIFT_TO_ROW2
23.52,14.1,20.04,-4.53,14.63,SHIFT_TO_ROW2
23.52,14.1,20.06,-4.53,14.63,SHIFT_TO_ROW2
23.53,14.1,20.08,-4.53,14.63,SHIFT_TO_ROW2
23.54,14.1,20.1,-4.53,14.63,SHIFT_TO_ROW2
23.54,14.1,20.12,-4.53,14.63,SHIFT_TO_ROW2
23.55,14.1,20.14,-4.53,14.63,SHIFT_TO_ROW2
23.56,14.1,20.16,-4.53,14.63,SHIFT_TO_ROW2
23.56,14.1,20.18,-4.53,14.63,SHIFT_TO_ROW2
23.57,14.1,20.2,-4.53,14.63,SHIFT_TO_ROW2
23.57,14.1,20.22,-4.53,14.63,SHIFT_TO_ROW2
23.58,14.1,20.24,-4.53,14.63,SHIFT_TO_ROW2
23.59,14.1,20.26,-4.53,14.63,SHIFT_TO_ROW2
23.59,14.1,20.28,-4.53,14.63,SHIFT_TO_ROW2
23.6,14.1,20.3,-4.53,14.63,SHIFT_TO_ROW2
23.6,14.1,20.32,-4.53,14.63,SHIFT_TO_ROW2
23.61,14.1,20.34,-4.53,14.63,SHIFT_TO_ROW2
23.61,14.1,20.36,-4.53,14.63,SHIFT_TO_ROW2
23.62,14.1,20.38,-4.53,14.63,SHIFT_TO_ROW2
23.63,14.1,20.4,-4.53,14.63,SHIFT_TO_ROW2
23.63,14.1,20.43,-4.53,14.63,SHIFT_TO_ROW2
23.64,14.1,20.45,-4.53,14.63,SHIFT_TO_ROW2
23.64,14.1,20.47,-4.53,14.63,SHIFT_TO_ROW2
23.65,14.1,20.49,-4.53,14.63,SHIFT_TO_ROW2
23.66,14.1,20.51,-4.53,14.63,SHIFT_TO_ROW2
23.66,14.1,20.53,-4.53,14.63,SHIFT_TO_ROW2
23.67,14.1,20.55,-4.53,14.63,SHIFT_TO_ROW2
23.68,14.1,20.57,-4.53,14.63,SHIFT_TO_ROW2
23.69,14.1,20.59,-4.53,14.63,SHIFT_TO_ROW2
23.69,14.1,20.61,-4.53,14.63,SHIFT_TO_ROW2
23.7,14.1,20.63,-4.53,14.63,SHIFT_TO_ROW2
23.71,14.1,20.65,-4.53,14.63,SHIFT_TO_ROW2
23.71,14.1,20.67,-4.53,14.63,SHIFT_TO_ROW2
23.72,14.1,20.69,-4.53,14.63,SHIFT_TO_ROW2
23.72,14.1,20.71,-4.53,14.63,SHIFT_TO_ROW2
23.73,14.1,20.73,-4.53,14.63,SHIFT_TO_ROW2
23.73,14.1,20.75,-4.53,14.63,SHIFT_TO_ROW2
23.74,14.1,20.77,-4.53,14.63,SHIFT_TO_ROW2
23.74,14.1,20.79,-4.54,14.63,SHIFT_TO_ROW2
23.75,14.1,20.81,-4.54,14.63,SHIFT_TO_ROW2
23.75,14.1,20.83,-4.54,14.63,SHIFT_TO_ROW2
23.76,14.1,20.85,-4.54,14.63,SHIFT_TO_ROW2
23.77,14.1,20.87,-4.54,14.63,SHIFT_TO_ROW2
23.77,14.1,20.89,-4.54,14.63,SHIFT_TO_ROW2
23.78,14.1,20.91,-4.54,14.63,SHIFT_TO_ROW2
23.79,14.1,20.94,-4.54,14.63,SHIFT_TO_ROW2
23.8,14.1,20.96,-4.54,14.63,SHIFT_TO_ROW2
23.8,14.1,20.98,-4.54,14.63,SHIFT_TO_ROW2
23.81,14.1,21.0,-4.54,14.63,SHIFT_TO_ROW2
23.81,14.1,21.02,-4.54,14.63,SHIFT_TO_ROW2
23.82,14.1,21.04,-4.54,14.63,SHIFT_TO_ROW2
23.84,14.1,21.06,-4.54,14.63,SHIFT_TO_ROW2
23.85,14.1,21.08,-4.54,14.63,SHIFT_TO_ROW2
23.86,14.1,21.1,-4.54,14.63,SHIFT_TO_ROW2
23.87,14.1,21.12,-4.54,14.63,SHIFT_TO_ROW2
23.87,14.1,21.14,-4.54,14.63,SHIFT_TO_ROW2
23.88,14.1,21.16,-4.54,14.63,SHIFT_TO_ROW2
23.89,14.1,21.18,-4.54,14.63,SHIFT_TO_ROW2
23.89,14.1,21.2,-4.54,14.63,SHIFT_TO_ROW2
23.9,14.1,21.22,-4.54,14.63,SHIFT_TO_ROW2
23.9,14.1,21.24,-4.54,14.63,SHIFT_TO_ROW2
23.91,14.1,21.26,-4.54,14.63,SHIFT_TO_ROW2
23.92,14.1,21.28,-4.54,14.63,SHIFT_TO_ROW2
23.92,14.1,21.3,-4.54,14.63,SHIFT_TO_ROW2
23.93,14.1,21.32,-4.54,14.63,SHIFT_TO_ROW2
23.93,14.1,21.34,-4.54,14.63,SHIFT_TO_ROW2
23.94,14.1,21.36,-4.54,14.63,SHIFT_TO_ROW2
23.95,14.1,21.38,-4.54,14.63,SHIFT_TO_ROW2
23.95,14.1,21.4,-4.54,14.63,SHIFT_TO_ROW2
23.96,14.1,21.42,-4.54,14.63,SHIFT_TO_ROW2
23.96,14.1,21.44,-4.54,14.63,SHIFT_TO_ROW2
23.97,14.1,21.46,-4.54,14.63,SHIFT_TO_ROW2
23.98,14.1,21.48,-4.54,14.63,SHIFT_TO_ROW2
23.98,14.1,21.5,-4.54,14.63,SHIFT_TO_ROW2
23.99,14.1,21.52,-4.54,14.63,SHIFT_TO_ROW2
24.0,14.1,21.54,-4.54,14.63,SHIFT_TO_ROW2
24.01,14.1,21.56,-4.54,14.63,SHIFT_TO_ROW2
24.01,14.1,21.59,-4.54,14.63,SHIFT_TO_ROW2
24.02,14.1,21.61,-4.54,14.63,SHIFT_TO_ROW2
24.02,14.1,21.63,-4.54,14.63,SHIFT_TO_ROW2
24.03,14.1,21.65,-4.54,14.63,SHIFT_TO_ROW2
24.04,14.1,21.67,-4.54,14.63,SHIFT_TO_ROW2
24.04,14.1,21.69,-4.54,14.63,SHIFT_TO_ROW2
24.05,14.1,21.71,-4.54,14.63,SHIFT_TO_ROW2
24.05,14.1,21.73,-4.54,14.63,SHIFT_TO_ROW2
24.06,14.1,21.75,-4.54,14.63,SHIFT_TO_ROW2
24.07,14.1,21.77,-4.54,14.63,SHIFT_TO_ROW2
24.07,14.1,21.79,-4.54,14.63,SHIFT_TO_ROW2
24.08,14.1,21.81,-4.54,14.63,SHIFT_TO_ROW2
24.09,14.1,21.83,-4.54,14.63,SHIFT_TO_ROW2
24.09,14.1,21.85,-4.54,14.63,SHIFT_TO_ROW2
24.1,14.1,21.87,-4.54,14.63,SHIFT_TO_ROW2
24.1,14.1,21.89,-4.55,14.63,SHIFT_TO_ROW2
24.11,14.1,21.91,-4.55,14.63,SHIFT_TO_ROW2
24.11,14.1,21.93,-4.55,14.63,SHIFT_TO_ROW2
24.12,14.1,21.95,-4.55,14.63,SHIFT_TO_ROW2
24.12,14.1,21.97,-4.55,14.63,SHIFT_TO_ROW2
24.13,14.1,21.99,-4.55,14.63,SHIFT_TO_ROW2
24.13,14.1,22.01,-4.55,14.63,SHIFT_TO_ROW2
24.14,14.1,22.03,-4.55,14.63,SHIFT_TO_ROW2
24.14,14.1,22.05,-4.55,14.63,SHIFT_TO_ROW2
24.16,14.1,22.07,-4.55,14.63,SHIFT_TO_ROW2
24.16,14.1,22.09,-4.55,14.63,SHIFT_TO_ROW2
24.17,14.1,22.11,-4.55,14.63,SHIFT_TO_ROW2
24.17,14.1,22.13,-4.55,14.63,SHIFT_TO_ROW2
24.18,14.1,22.15,-4.55,14.63,SHIFT_TO_ROW2
24.18,14.1,22.17,-4.55,14.63,SHIFT_TO_ROW2
24.19,14.1,22.19,-4.55,14.63,SHIFT_TO_ROW2
24.19,14.1,22.21,-4.55,14.63,SHIFT_TO_ROW2
24.2,14.1,22.23,-4.55,14.63,SHIFT_TO_ROW2
24.2,14.1,22.25,-4.55,14.63,SHIFT_TO_ROW2
24.21,14.1,22.27,-4.55,14.63,SHIFT_TO_ROW2
24.21,14.1,22.29,-4.55,14.63,SHIFT_TO_ROW2
24.22,14.1,22.31,-4.55,14.63,SHIFT_TO_ROW2
24.22,14.1,22.33,-4.55,14.63,SHIFT_TO_ROW2
24.23,14.1,22.35,-4.56,14.63,SHIFT_TO_ROW2
24.24,14.1,22.37,-4.56,14.63,SHIFT_TO_ROW2
24.24,14.1,22.39,-4.56,14.63,SHIFT_TO_ROW2
24.25,14.1,22.41,-4.56,14.63,SHIFT_TO_ROW2
24.26,14.1,22.43,-4.56,14.63,SHIFT_TO_ROW2
24.26,14.1,22.45,-4.56,14.63,SHIFT_TO_ROW2
24.27,14.1,22.47,-4.56,14.63,SHIFT_TO_ROW2
24.27,14.1,22.49,-4.56,14.63,SHIFT_TO_ROW2
24.28,14.1,22.51,-4.56,14.63,SHIFT_TO_ROW2
24.28,14.1,22.53,-4.56,14.63,SHIFT_TO_ROW2
24.29,14.1,22.55,-4.56,14.63,SHIFT_TO_ROW2
24.29,14.1,22.57,-4.56,14.63,SHIFT_TO_ROW2
24.3,14.1,22.59,-4.56,14.63,SHIFT_TO_ROW2
24.3,14.1,22.61,-4.56,14.63,SHIFT_TO_ROW2
24.31,14.1,22.63,-4.56,14.63,SHIFT_TO_ROW2
24.32,14.1,22.65,-4.56,14.63,SHIFT_TO_ROW2
24.32,14.1,22.67,-4.57,14.63,SHIFT_TO_ROW2
24.33,14.1,22.69,-4.57,14.63,SHIFT_TO_ROW2
24.33,14.1,22.71,-4.57,14.63,SHIFT_TO_ROW2
24.34,14.1,22.73,-4.57,14.63,SHIFT_TO_ROW2
24.34,14.1,22.75,-4.57,14.63,SHIFT_TO_ROW2
24.35,14.1,22.77,-4.57,14.63,SHIFT_TO_ROW2
24.35,14.1,22.79,-4.57,14.63,SHIFT_TO_ROW2
24.36,14.1,22.81,-4.57,14.63,SHIFT_TO_ROW2
24.36,14.1,22.83,-4.57,14.63,SHIFT_TO_ROW2
24.37,14.1,22.85,-4.57,14.63,SHIFT_TO_ROW2
24.38,14.1,22.86,-4.57,14.63,SHIFT_TO_ROW2
24.38,14.1,22.88,-4.57,14.63,SHIFT_TO_ROW2
24.39,14.1,22.9,-4.57,14.63,SHIFT_TO_ROW2
24.39,14.1,22.92,-4.57,14.63,SHIFT_TO_ROW2
24.4,14.1,22.94,-4.58,14.63,SHIFT_TO_ROW2
24.4,14.1,22.96,-4.58,14.63,SHIFT_TO_ROW2
24.41,14.1,22.98,-4.58,14.63,SHIFT_TO_ROW2
24.41,14.1,23.0,-4.58,14.63,SHIFT_TO_ROW2
24.42,14.1,23.02,-4.58,14.63,SHIFT_TO_ROW2
24.42,14.1,23.04,-4.58,14.63,SHIFT_TO_ROW2
24.43,14.1,23.06,-4.58,14.63,SHIFT_TO_ROW2
24.43,14.1,23.08,-4.58,14.63,SHIFT_TO_ROW2
24.44,14.1,23.1,-4.58,14.63,SHIFT_TO_ROW2
24.44,14.1,23.12,-4.58,14.63,SHIFT_TO_ROW2
24.45,14.1,23.14,-4.58,14.63,SHIFT_TO_ROW2
24.45,14.1,23.16,-4.59,14.63,SHIFT_TO_ROW2
24.46,14.1,23.18,-4.59,14.63,SHIFT_TO_ROW2
24.47,14.1,23.2,-4.59,14.63,SHIFT_TO_ROW2
24.47,14.1,23.22,-4.59,14.63,SHIFT_TO_ROW2
24.48,14.1,23.24,-4.59,14.63,SHIFT_TO_ROW2
24.48,14.1,23.26,-4.59,14.63,SHIFT_TO_ROW2
24.49,14.1,23.28,-4.59,14.63,SHIFT_TO_ROW2
24.49,14.1,23.3,-4.59,14.63,SHIFT_TO_ROW2
24.5,14.1,23.32,-4.59,14.63,SHIFT_TO_ROW2
24.5,14.1,23.34,-4.59,14.63,SHIFT_TO_ROW2
24.51,14.1,23.36,-4.6,14.63,SHIFT_TO_ROW2
24.52,14.1,23.37,-4.6,14.63,SHIFT_TO_ROW2
24.52,14.1,23.39,-4.6,14.63,SHIFT_TO_ROW2
24.53,14.1,23.41,-4.6,14.63,SHIFT_TO_ROW2
24.53,14.1,23.43,-4.6,14.63,SHIFT_TO_ROW2
24.54,14.1,23.45,-4.6,14.63,SHIFT_TO_ROW2
24.54,14.1,23.47,-4.6,14.63,SHIFT_TO_ROW2
24.56,14.1,23.49,-4.6,14.63,SHIFT_TO_ROW2
24.56,14.1,23.51,-4.6,14.63,SHIFT_TO_ROW2
24.57,14.1,23.53,-4.61,14.63,SHIFT_TO_ROW2
24.57,14.1,23.55,-4.61,14.63,SHIFT_TO_ROW2
24.58,14.1,23.57,-4.61,14.63,SHIFT_TO_ROW2
24.58,14.1,23.59,-4.61,14.63,SHIFT_TO_ROW2
24.59,14.1,23.61,-4.61,14.63,SHIFT_TO_ROW2
24.59,14.1,23.63,-4.61,14.63,SHIFT_TO_ROW2
24.6,14.1,23.65,-4.61,14.63,SHIFT_TO_ROW2
24.6,14.1,23.67,-4.61,14.63,SHIFT_TO_ROW2
24.61,14.1,23.69,-4.61,14.63,SHIFT_TO_ROW2
24.62,14.1,23.7,-4.62,14.63,SHIFT_TO_ROW2
24.62,14.1,23.72,-4.62,14.63,SHIFT_TO_ROW2
24.63,14.1,23.74,-4.62,14.63,SHIFT_TO_ROW2
24.63,14.1,23.76,-4.62,14.63,SHIFT_TO_ROW2
24.64,14.1,23.78,-4.62,14.63,SHIFT_TO_ROW2
24.64,14.1,23.8,-4.62,14.63,SHIFT_TO_ROW2
24.65,14.1,23.82,-4.62,14.63,SHIFT_TO_ROW2
24.65,14.1,23.84,-4.62,14.63,SHIFT_TO_ROW2
24.66,14.1,23.86,-4.63,14.63,SHIFT_TO_ROW2
24.66,14.1,23.88,-4.63,14.63,SHIFT_TO_ROW2
24.67,14.1,23.9,-4.63,14.63,SHIFT_TO_ROW2
24.68,14.1,23.92,-4.63,14.63,SHIFT_TO_ROW2
24.68,14.1,23.94,-4.63,14.63,SHIFT_TO_ROW2
24.69,14.1,23.95,-4.63,14.63,SHIFT_TO_ROW2
24.69,14.1,23.97,-4.63,14.63,SHIFT_TO_ROW2
24.7,14.1,23.99,-4.64,14.63,SHIFT_TO_ROW2
24.71,14.1,24.01,-4.64,14.63,SHIFT_TO_ROW2
24.72,14.1,24.03,-4.64,14.63,SHIFT_TO_ROW2
24.72,14.1,24.05,-4.64,14.63,SHIFT_TO_ROW2
24.73,14.1,24.07,-4.64,14.63,SHIFT_TO_ROW2
24.73,14.1,24.09,-4.64,14.63,SHIFT_TO_ROW2
24.74,14.1,24.11,-4.64,14.63,SHIFT_TO_ROW2
24.74,14.1,24.13,-4.65,14.63,SHIFT_TO_ROW2
24.75,14.1,24.15,-4.65,14.63,SHIFT_TO_ROW2
24.75,14.1,24.17,-4.65,14.63,SHIFT_TO_ROW2
24.76,14.1,24.18,-4.65,14.63,SHIFT_TO_ROW2
24.77,14.1,24.2,-4.65,14.63,SHIFT_TO_ROW2
24.77,14.1,24.22,-4.65,14.63,SHIFT_TO_ROW2
24.78,14.1,24.24,-4.66,14.63,SHIFT_TO_ROW2
24.78,14.1,24.26,-4.66,14.63,SHIFT_TO_ROW2
24.79,14.1,24.28,-4.66,14.63,SHIFT_TO_ROW2
24.8,14.1,24.3,-4.66,14.63,SHIFT_TO_ROW2
24.8,14.1,24.32,-4.66,14.63,SHIFT_TO_ROW2
24.81,14.1,24.34,-4.66,14.63,SHIFT_TO_ROW2
24.81,14.1,24.36,-4.67,14.63,SHIFT_TO_ROW2
24.82,14.1,24.37,-4.67,14.63,SHIFT_TO_ROW2
24.83,14.1,24.39,-4.67,14.63,SHIFT_TO_ROW2
24.84,14.1,24.41,-4.67,14.63,SHIFT_TO_ROW2
24.85,14.1,24.43,-4.67,14.63,SHIFT_TO_ROW2
24.85,14.1,24.45,-4.67,14.63,SHIFT_TO_ROW2
24.86,14.1,24.47,-4.68,14.63,SHIFT_TO_ROW2
24.87,14.11,24.49,-4.68,14.63,SHIFT_TO_ROW2
24.87,14.11,24.51,-4.68,14.63,SHIFT_TO_ROW2
24.88,14.11,24.53,-4.68,14.63,SHIFT_TO_ROW2
24.88,14.11,24.54,-4.68,14.63,SHIFT_TO_ROW2
24.89,14.11,24.56,-4.68,14.63,SHIFT_TO_ROW2
24.89,14.11,24.58,-4.69,14.63,SHIFT_TO_ROW2
24.9,14.11,24.6,-4.69,14.63,SHIFT_TO_ROW2
24.91,14.11,24.62,-4.69,14.63,SHIFT_TO_ROW2
24.92,14.11,24.64,-4.69,14.63,SHIFT_TO_ROW2
24.93,14.11,24.66,-4.69,14.63,SHIFT_TO_ROW2
24.93,14.11,24.68,-4.7,14.63,SHIFT_TO_ROW2
24.94,14.11,24.69,-4.7,14.63,SHIFT_TO_ROW2
24.94,14.11,24.71,-4.7,14.63,SHIFT_TO_ROW2
24.95,14.11,24.73,-4.7,14.63,SHIFT_TO_ROW2
24.95,14.11,24.75,-4.7,14.63,SHIFT_TO_ROW2
24.96,14.11,24.77,-4.7,14.63,SHIFT_TO_ROW2
24.97,14.11,24.79,-4.71,14.63,SHIFT_TO_ROW2
24.99,14.11,24.81,-4.71,14.63,SHIFT_TO_ROW2
24.99,14.11,24.83,-4.71,14.63,SHIFT_TO_ROW2
25.0,14.11,24.84,-4.71,14.63,SHIFT_TO_ROW2
25.01,14.11,24.86,-4.71,14.63,SHIFT_TO_ROW2
25.02,14.11,24.88,-4.72,14.63,SHIFT_TO_ROW2
25.03,14.11,24.9,-4.72,14.63,SHIFT_TO_ROW2
25.04,14.11,24.92,-4.72,14.63,SHIFT_TO_ROW2
25.04,14.11,24.94,-4.72,14.63,SHIFT_TO_ROW2
25.05,14.11,24.96,-4.72,14.63,SHIFT_TO_ROW2
25.05,14.11,24.97,-4.73,14.63,SHIFT_TO_ROW2
25.11,14.11,24.99,-4.73,14.63,SHIFT_TO_ROW2
25.11,14.11,25.01,-4.73,14.63,SHIFT_TO_ROW2
25.12,14.11,25.03,-4.73,14.63,SHIFT_TO_ROW2
25.12,14.11,25.05,-4.74,14.63,SHIFT_TO_ROW2
25.13,14.11,25.07,-4.74,14.63,SHIFT_TO_ROW2
25.14,14.11,25.09,-4.74,14.63,SHIFT_TO_ROW2
25.14,14.11,25.1,-4.74,14.63,SHIFT_TO_ROW2
25.15,14.11,25.12,-4.74,14.63,SHIFT_TO_ROW2
25.15,14.11,25.14,-4.75,14.63,SHIFT_TO_ROW2
25.16,14.11,25.16,-4.75,14.63,SHIFT_TO_ROW2
25.16,14.11,25.18,-4.75,14.63,SHIFT_TO_ROW2
25.17,14.11,25.2,-4.75,14.63,SHIFT_TO_ROW2
25.18,14.11,25.21,-4.76,14.63,SHIFT_TO_ROW2
25.18,14.11,25.23,-4.76,14.63,SHIFT_TO_ROW2
25.19,14.11,25.25,-4.76,14.63,SHIFT_TO_ROW2
25.2,14.11,25.27,-4.76,14.63,SHIFT_TO_ROW2
25.21,14.11,25.29,-4.76,14.63,SHIFT_TO_ROW2
25.22,14.11,25.31,-4.77,14.63,SHIFT_TO_ROW2
25.22,14.11,25.33,-4.77,14.63,SHIFT_TO_ROW2
25.23,14.11,25.34,-4.77,14.63,SHIFT_TO_ROW2
25.24,14.11,25.36,-4.77,14.63,SHIFT_TO_ROW2
25.24,14.11,25.38,-4.78,14.63,SHIFT_TO_ROW2
25.25,14.11,25.4,-4.78,14.63,SHIFT_TO_ROW2
25.25,14.11,25.42,-4.78,14.63,SHIFT_TO_ROW2
25.26,14.11,25.43,-4.78,14.63,SHIFT_TO_ROW2
25.26,14.11,25.45,-4.79,14.63,SHIFT_TO_ROW2
25.27,14.11,25.47,-4.79,14.63,SHIFT_TO_ROW2
25.28,14.11,25.49,-4.79,14.63,SHIFT_TO_ROW2
25.28,14.11,25.51,-4.79,14.63,SHIFT_TO_ROW2
25.29,14.11,25.53,-4.8,14.63,SHIFT_TO_ROW2
25.3,14.11,25.54,-4.8,14.63,SHIFT_TO_ROW2
25.3,14.11,25.56,-4.8,14.63,SHIFT_TO_ROW2
25.31,14.11,25.58,-4.8,14.63,SHIFT_TO_ROW2
25.32,14.11,25.6,-4.81,14.63,SHIFT_TO_ROW2
25.32,14.11,25.62,-4.81,14.63,SHIFT_TO_ROW2
25.33,14.11,25.64,-4.81,14.63,SHIFT_TO_ROW2
25.33,14.11,25.65,-4.81,14.63,SHIFT_TO_ROW2
25.34,14.11,25.67,-4.82,14.63,SHIFT_TO_ROW2
25.34,14.11,25.69,-4.82,14.63,SHIFT_TO_ROW2
25.35,14.11,25.71,-4.82,14.63,SHIFT_TO_ROW2
25.36,14.11,25.73,-4.82,14.63,SHIFT_TO_ROW2
25.36,14.11,25.74,-4.83,14.63,SHIFT_TO_ROW2
25.37,14.11,25.76,-4.83,14.63,SHIFT_TO_ROW2
25.38,14.11,25.78,-4.83,14.63,SHIFT_TO_ROW2
25.38,14.11,25.8,-4.83,14.63,SHIFT_TO_ROW2
25.39,14.11,25.82,-4.84,14.63,SHIFT_TO_ROW2
25.39,14.11,25.83,-4.84,14.63,SHIFT_TO_ROW2
25.4,14.11,25.85,-4.84,14.63,SHIFT_TO_ROW2
25.4,14.11,25.87,-4.85,14.63,SHIFT_TO_ROW2
25.41,14.11,25.89,-4.85,14.63,SHIFT_TO_ROW2
25.42,14.11,25.91,-4.85,14.63,SHIFT_TO_ROW2
25.42,14.11,25.92,-4.85,14.63,SHIFT_TO_ROW2
25.43,14.11,25.94,-4.86,14.63,SHIFT_TO_ROW2
25.44,14.11,25.96,-4.86,14.63,SHIFT_TO_ROW2
25.45,14.11,25.98,-4.86,14.63,SHIFT_TO_ROW2
25.45,14.11,26.0,-4.86,14.63,SHIFT_TO_ROW2
25.46,14.11,26.01,-4.87,14.63,SHIFT_TO_ROW2
25.46,14.11,26.03,-4.87,14.63,SHIFT_TO_ROW2
25.47,14.11,26.05,-4.87,14.63,SHIFT_TO_ROW2
25.48,14.11,26.07,-4.88,14.63,SHIFT_TO_ROW2
25.48,14.11,26.08,-4.88,14.63,SHIFT_TO_ROW2
25.49,14.11,26.1,-4.88,14.63,SHIFT_TO_ROW2
25.49,14.11,26.12,-4.89,14.63,SHIFT_TO_ROW2
25.5,14.11,26.14,-4.89,14.63,SHIFT_TO_ROW2
25.51,14.11,26.16,-4.89,14.63,SHIFT_TO_ROW2
25.51,14.11,26.17,-4.89,14.63,SHIFT_TO_ROW2
25.52,14.11,26.19,-4.9,14.63,SHIFT_TO_ROW2
25.53,14.11,26.21,-4.9,14.63,SHIFT_TO_ROW2
25.54,14.11,26.23,-4.9,14.63,SHIFT_TO_ROW2
25.55,14.11,26.25,-4.91,14.63,SHIFT_TO_ROW2
25.56,14.11,26.26,-4.91,14.63,SHIFT_TO_ROW2
25.56,14.11,26.28,-4.91,14.63,SHIFT_TO_ROW2
25.57,14.11,26.3,-4.92,14.63,SHIFT_TO_ROW2
25.58,14.11,26.32,-4.92,14.63,SHIFT_TO_ROW2
25.58,14.11,26.33,-4.92,14.63,SHIFT_TO_ROW2
25.59,14.11,26.35,-4.92,14.63,SHIFT_TO_ROW2
25.6,14.11,26.37,-4.93,14.63,SHIFT_TO_ROW2
25.6,14.11,26.39,-4.93,14.63,SHIFT_TO_ROW2
25.61,14.11,26.4,-4.93,14.63,SHIFT_TO_ROW2
25.61,14.11,26.42,-4.94,14.63,SHIFT_TO_ROW2
25.62,14.11,26.44,-4.94,14.63,SHIFT_TO_ROW2
25.62,14.11,26.46,-4.94,14.63,SHIFT_TO_ROW2
25.63,14.11,26.47,-4.95,14.63,SHIFT_TO_ROW2
25.64,14.11,26.49,-4.95,14.63,SHIFT_TO_ROW2
25.64,14.11,26.51,-4.95,14.63,SHIFT_TO_ROW2
25.65,14.11,26.53,-4.96,14.63,SHIFT_TO_ROW2
25.65,14.11,26.54,-4.96,14.63,SHIFT_TO_ROW2
25.66,14.11,26.56,-4.96,14.63,SHIFT_TO_ROW2
25.67,14.11,26.58,-4.97,14.63,SHIFT_TO_ROW2
25.67,14.11,26.6,-4.97,14.63,SHIFT_TO_ROW2
25.68,14.11,26.61,-4.97,14.63,SHIFT_TO_ROW2
25.68,14.11,26.63,-4.98,14.63,SHIFT_TO_ROW2
25.69,14.11,26.65,-4.98,14.63,SHIFT_TO_ROW2
25.7,14.11,26.67,-4.98,14.63,SHIFT_TO_ROW2
25.7,14.11,26.68,-4.99,14.63,SHIFT_TO_ROW2
25.71,14.11,26.7,-4.99,14.63,SHIFT_TO_ROW2
25.71,14.11,26.72,-4.99,14.63,SHIFT_TO_ROW2
25.72,14.11,26.74,-5.0,14.63,SHIFT_TO_ROW2
25.72,14.11,26.75,-5.0,14.63,SHIFT_TO_ROW2
25.73,14.11,26.77,-5.0,14.63,SHIFT_TO_ROW2
25.74,14.11,26.79,-5.01,14.63,SHIFT_TO_ROW2
25.74,14.11,26.81,-5.01,14.63,SHIFT_TO_ROW2
25.75,14.11,26.82,-5.01,14.63,SHIFT_TO_ROW2
25.75,14.11,26.84,-5.02,14.63,SHIFT_TO_ROW2
25.76,14.11,26.86,-5.02,14.63,SHIFT_TO_ROW2
25.77,14.11,26.88,-5.03,14.63,SHIFT_TO_ROW2
25.77,14.11,26.89,-5.03,14.63,SHIFT_TO_ROW2
25.78,14.11,26.91,-5.03,14.63,SHIFT_TO_ROW2
25.78,14.11,26.93,-5.04,14.63,SHIFT_TO_ROW2
25.79,14.11,26.94,-5.04,14.63,SHIFT_TO_ROW2
25.79,14.11,26.96,-5.04,14.63,SHIFT_TO_ROW2
25.8,14.11,26.98,-5.05,14.63,SHIFT_TO_ROW2
25.8,14.11,27.0,-5.05,14.63,SHIFT_TO_ROW2
25.81,14.11,27.01,-5.05,14.63,SHIFT_TO_ROW2
25.82,14.11,27.03,-5.06,14.63,SHIFT_TO_ROW2
25.82,14.11,27.05,-5.06,14.63,SHIFT_TO_ROW2
25.83,14.11,27.07,-5.07,14.63,SHIFT_TO_ROW2
25.84,14.11,27.08,-5.07,14.63,SHIFT_TO_ROW2
25.84,14.11,27.1,-5.07,14.63,SHIFT_TO_ROW2
25.85,14.11,27.12,-5.08,14.63,SHIFT_TO_ROW2
25.85,14.11,27.13,-5.08,14.63,SHIFT_TO_ROW2
25.86,14.11,27.15,-5.08,14.63,SHIFT_TO_ROW2
25.86,14.11,27.17,-5.09,14.63,SHIFT_TO_ROW2
25.87,14.11,27.18,-5.09,14.63,SHIFT_TO_ROW2
25.87,14.11,27.2,-5.1,14.63,SHIFT_TO_ROW2
25.88,14.11,27.22,-5.1,14.63,SHIFT_TO_ROW2
25.88,14.11,27.24,-5.1,14.63,SHIFT_TO_ROW2
25.89,14.11,27.25,-5.11,14.63,SHIFT_TO_ROW2
25.9,14.11,27.27,-5.11,14.63,SHIFT_TO_ROW2
25.9,14.11,27.29,-5.12,14.63,SHIFT_TO_ROW2
25.91,14.11,27.3,-5.12,14.63,SHIFT_TO_ROW2
25.91,14.11,27.32,-5.12,14.63,SHIFT_TO_ROW2
25.92,14.11,27.34,-5.13,14.63,SHIFT_TO_ROW2
25.93,14.11,27.36,-5.13,14.63,SHIFT_TO_ROW2
25.94,14.11,27.37,-5.13,14.63,SHIFT_TO_ROW2
25.94,14.11,27.39,-5.14,14.63,SHIFT_TO_ROW2
25.95,14.11,27.41,-5.14,14.63,SHIFT_TO_ROW2
25.96,14.11,27.42,-5.15,14.63,SHIFT_TO_ROW2
25.96,14.11,27.44,-5.15,14.63,SHIFT_TO_ROW2
25.97,14.11,27.46,-5.15,14.63,SHIFT_TO_ROW2
25.97,14.11,27.47,-5.16,14.63,SHIFT_TO_ROW2
25.98,14.11,27.49,-5.16,14.63,SHIFT_TO_ROW2
25.99,14.11,27.51,-5.17,14.63,SHIFT_TO_ROW2
26.0,14.11,27.52,-5.17,14.63,SHIFT_TO_ROW2
26.01,14.11,27.54,-5.18,14.63,SHIFT_TO_ROW2
26.01,14.11,27.56,-5.18,14.63,SHIFT_TO_ROW2
26.02,14.11,27.57,-5.18,14.63,SHIFT_TO_ROW2
26.03,14.11,27.59,-5.19,14.63,SHIFT_TO_ROW2
26.03,14.11,27.61,-5.19,14.63,SHIFT_TO_ROW2
26.04,14.11,27.62,-5.2,14.63,SHIFT_TO_ROW2
26.05,14.11,27.64,-5.2,14.63,SHIFT_TO_ROW2
26.05,14.11,27.66,-5.2,14.63,SHIFT_TO_ROW2
26.06,14.11,27.68,-5.21,14.63,SHIFT_TO_ROW2
26.06,14.11,27.69,-5.21,14.63,SHIFT_TO_ROW2
26.07,14.11,27.71,-5.22,14.63,SHIFT_TO_ROW2
26.08,14.11,27.73,-5.22,14.63,SHIFT_TO_ROW2
26.09,14.11,27.74,-5.23,14.63,SHIFT_TO_ROW2
26.09,14.11,27.76,-5.23,14.63,SHIFT_TO_ROW2
26.1,14.11,27.78,-5.23,14.63,SHIFT_TO_ROW2
26.11,14.11,27.79,-5.24,14.63,SHIFT_TO_ROW2
26.11,14.11,27.81,-5.24,14.63,SHIFT_TO_ROW2
26.12,14.11,27.83,-5.25,14.63,SHIFT_TO_ROW2
26.12,14.11,27.84,-5.25,14.63,SHIFT_TO_ROW2
26.13,14.11,27.86,-5.26,14.63,SHIFT_TO_ROW2
26.13,14.11,27.88,-5.26,14.63,SHIFT_TO_ROW2
26.14,14.11,27.89,-5.27,14.63,SHIFT_TO_ROW2
26.15,14.11,27.91,-5.27,14.63,SHIFT_TO_ROW2
26.15,14.11,27.92,-5.27,14.63,SHIFT_TO_ROW2
26.16,14.11,27.94,-5.28,14.63,SHIFT_TO_ROW2
26.16,14.11,27.96,-5.28,14.63,SHIFT_TO_ROW2
26.17,14.11,27.97,-5.29,14.63,SHIFT_TO_ROW2
26.18,14.11,27.99,-5.29,14.63,SHIFT_TO_ROW2
26.18,14.11,28.01,-5.3,14.63,SHIFT_TO_ROW2
26.19,14.11,28.02,-5.3,14.63,SHIFT_TO_ROW2
26.19,14.11,28.04,-5.31,14.63,SHIFT_TO_ROW2
26.2,14.11,28.06,-5.31,14.63,SHIFT_TO_ROW2
26.2,14.11,28.07,-5.31,14.63,SHIFT_TO_ROW2
26.21,14.11,28.09,-5.32,14.63,SHIFT_TO_ROW2
26.21,14.11,28.11,-5.32,14.63,SHIFT_TO_ROW2
26.22,14.11,28.12,-5.33,14.63,SHIFT_TO_ROW2
26.22,14.11,28.14,-5.33,14.63,SHIFT_TO_ROW2
26.23,14.11,28.16,-5.34,14.63,SHIFT_TO_ROW2
26.24,14.11,28.17,-5.34,14.63,SHIFT_TO_ROW2
26.24,14.11,28.19,-5.35,14.63,SHIFT_TO_ROW2
26.25,14.11,28.2,-5.35,14.63,SHIFT_TO_ROW2
26.26,14.11,28.22,-5.36,14.63,SHIFT_TO_ROW2
26.26,14.11,28.24,-5.36,14.63,SHIFT_TO_ROW2
26.27,14.11,28.25,-5.37,14.63,SHIFT_TO_ROW2
26.28,14.11,28.27,-5.37,14.63,SHIFT_TO_ROW2
26.29,14.11,28.29,-5.38,14.63,SHIFT_TO_ROW2
26.29,14.11,28.3,-5.38,14.63,SHIFT_TO_ROW2
26.3,14.11,28.32,-5.39,14.63,SHIFT_TO_ROW2
26.3,14.11,28.33,-5.39,14.63,SHIFT_TO_ROW2
26.31,14.11,28.35,-5.4,14.63,SHIFT_TO_ROW2
26.32,14.11,28.37,-5.4,14.63,SHIFT_TO_ROW2
26.32,14.11,28.38,-5.4,14.63,SHIFT_TO_ROW2
26.33,14.11,28.4,-5.41,14.63,SHIFT_TO_ROW2
26.34,14.11,28.42,-5.41,14.63,SHIFT_TO_ROW2
26.34,14.11,28.43,-5.42,14.63,SHIFT_TO_ROW2
26.35,14.11,28.45,-5.42,14.63,SHIFT_TO_ROW2
26.36,14.11,28.46,-5.43,14.63,SHIFT_TO_ROW2
26.36,14.11,28.48,-5.43,14.63,SHIFT_TO_ROW2
26.37,14.11,28.5,-5.44,14.63,SHIFT_TO_ROW2
26.37,14.11,28.51,-5.44,14.63,SHIFT_TO_ROW2
26.38,14.11,28.53,-5.45,14.63,SHIFT_TO_ROW2
26.39,14.11,28.54,-5.45,14.63,SHIFT_TO_ROW2
26.39,14.11,28.56,-5.46,14.63,SHIFT_TO_ROW2
26.4,14.11,28.58,-5.46,14.63,SHIFT_TO_ROW2
26.41,14.11,28.59,-5.47,14.63,SHIFT_TO_ROW2
26.42,14.11,28.61,-5.47,14.63,SHIFT_TO_ROW2
26.42,14.11,28.63,-5.48,14.63,SHIFT_TO_ROW2
26.43,14.11,28.64,-5.48,14.63,SHIFT_TO_ROW2
26.43,14.11,28.66,-5.49,14.63,SHIFT_TO_ROW2
26.44,14.11,28.67,-5.5,14.63,SHIFT_TO_ROW2
26.44,14.11,28.69,-5.5,14.63,SHIFT_TO_ROW2
26.45,14.11,28.71,-5.51,14.63,SHIFT_TO_ROW2
26.45,14.11,28.72,-5.51,14.63,SHIFT_TO_ROW2
26.46,14.11,28.74,-5.52,14.63,SHIFT_TO_ROW2
26.46,14.11,28.75,-5.52,14.63,SHIFT_TO_ROW2
26.47,14.11,28.77,-5.53,14.63,SHIFT_TO_ROW2
26.48,14.11,28.78,-5.53,14.63,SHIFT_TO_ROW2
26.49,14.11,28.8,-5.54,14.63,SHIFT_TO_ROW2
26.49,14.11,28.82,-5.54,14.63,SHIFT_TO_ROW2
26.5,14.11,28.83,-5.55,14.63,SHIFT_TO_ROW2
26.5,14.11,28.85,-5.55,14.63,SHIFT_TO_ROW2
26.51,14.11,28.86,-5.56,14.63,SHIFT_TO_ROW2
26.52,14.11,28.88,-5.56,14.63,SHIFT_TO_ROW2
26.53,14.11,28.9,-5.57,14.63,SHIFT_TO_ROW2
26.53,14.11,28.91,-5.57,14.63,SHIFT_TO_ROW2
26.54,14.11,28.93,-5.58,14.63,SHIFT_TO_ROW2
26.55,14.11,28.94,-5.58,14.63,SHIFT_TO_ROW2
26.56,14.11,28.96,-5.59,14.63,SHIFT_TO_ROW2
26.56,14.11,28.98,-5.6,14.63,SHIFT_TO_ROW2
26.57,14.11,28.99,-5.6,14.63,SHIFT_TO_ROW2
26.57,14.11,29.01,-5.61,14.63,SHIFT_TO_ROW2
26.58,14.11,29.02,-5.61,14.63,SHIFT_TO_ROW2
26.59,14.11,29.04,-5.62,14.63,SHIFT_TO_ROW2
26.63,14.11,29.05,-5.62,14.63,SHIFT_TO_ROW2
26.63,14.11,29.07,-5.63,14.63,SHIFT_TO_ROW2
26.64,14.11,29.09,-5.63,14.63,SHIFT_TO_ROW2
26.64,14.11,29.1,-5.64,14.63,SHIFT_TO_ROW2
26.65,14.11,29.12,-5.64,14.63,SHIFT_TO_ROW2
26.66,14.11,29.13,-5.65,14.63,SHIFT_TO_ROW2
26.66,14.11,29.15,-5.66,14.63,SHIFT_TO_ROW2
26.67,14.11,29.16,-5.66,14.63,SHIFT_TO_ROW2
26.68,14.11,29.18,-5.67,14.63,SHIFT_TO_ROW2
26.69,14.11,29.19,-5.67,14.63,SHIFT_TO_ROW2
26.7,14.11,29.21,-5.68,14.63,SHIFT_TO_ROW2
26.7,14.11,29.23,-5.68,14.63,SHIFT_TO_ROW2
26.71,14.11,29.24,-5.69,14.63,SHIFT_TO_ROW2
26.72,14.11,29.26,-5.7,14.63,SHIFT_TO_ROW2
26.72,14.11,29.27,-5.7,14.63,SHIFT_TO_ROW2
26.73,14.11,29.29,-5.71,14.63,SHIFT_TO_ROW2
26.74,14.11,29.3,-5.71,14.63,SHIFT_TO_ROW2
26.74,14.11,29.32,-5.72,14.63,SHIFT_TO_ROW2
26.75,14.11,29.33,-5.72,14.63,SHIFT_TO_ROW2
26.75,14.11,29.35,-5.73,14.63,SHIFT_TO_ROW2
26.76,14.11,29.37,-5.74,14.63,SHIFT_TO_ROW2
26.77,14.11,29.38,-5.74,14.63,SHIFT_TO_ROW2
26.78,14.11,29.4,-5.75,14.63,SHIFT_TO_ROW2
26.78,14.11,29.41,-5.75,14.63,SHIFT_TO_ROW2
26.79,14.11,29.43,-5.76,14.63,SHIFT_TO_ROW2
26.8,14.11,29.44,-5.76,14.63,SHIFT_TO_ROW2
26.81,14.11,29.46,-5.77,14.63,SHIFT_TO_ROW2
26.82,14.11,29.47,-5.78,14.63,SHIFT_TO_ROW2
26.82,14.11,29.49,-5.78,14.63,SHIFT_TO_ROW2
26.83,14.11,29.5,-5.79,14.63,SHIFT_TO_ROW2
26.83,14.11,29.52,-5.79,14.63,SHIFT_TO_ROW2
26.84,14.11,29.54,-5.8,14.63,SHIFT_TO_ROW2
26.85,14.11,29.55,-5.81,14.63,SHIFT_TO_ROW2
26.85,14.11,29.57,-5.81,14.63,SHIFT_TO_ROW2
26.86,14.11,29.58,-5.82,14.63,SHIFT_TO_ROW2
26.86,14.11,29.6,-5.82,14.63,SHIFT_TO_ROW2
26.87,14.11,29.61,-5.83,14.63,SHIFT_TO_ROW2
26.88,14.11,29.63,-5.84,14.63,SHIFT_TO_ROW2
26.88,14.11,29.64,-5.84,14.63,SHIFT_TO_ROW2
26.9,14.11,29.66,-5.85,14.63,SHIFT_TO_ROW2
26.91,14.11,29.67,-5.85,14.63,SHIFT_TO_ROW2
26.92,14.11,29.69,-5.86,14.63,SHIFT_TO_ROW2
26.92,14.11,29.7,-5.87,14.63,SHIFT_TO_ROW2
26.93,14.11,29.72,-5.87,14.63,SHIFT_TO_ROW2
26.94,14.11,29.73,-5.88,14.63,SHIFT_TO_ROW2
26.94,14.11,29.75,-5.88,14.63,SHIFT_TO_ROW2
26.95,14.11,29.76,-5.89,14.63,SHIFT_TO_ROW2
26.96,14.11,29.78,-5.9,14.63,SHIFT_TO_ROW2
26.96,14.1,29.79,-5.9,14.63,SHIFT_TO_ROW2
26.97,14.1,29.81,-5.91,14.63,SHIFT_TO_ROW2
26.97,14.1,29.83,-5.91,14.63,SHIFT_TO_ROW2
26.98,14.1,29.84,-5.92,14.63,SHIFT_TO_ROW2
26.99,14.1,29.86,-5.93,14.63,SHIFT_TO_ROW2
27.0,14.1,29.87,-5.93,14.63,SHIFT_TO_ROW2
27.0,14.1,29.89,-5.94,14.63,SHIFT_TO_ROW2
27.01,14.1,29.9,-5.95,14.63,SHIFT_TO_ROW2
27.01,14.1,29.92,-5.95,14.63,SHIFT_TO_ROW2
27.02,14.1,29.93,-5.96,14.63,SHIFT_TO_ROW2
27.03,14.1,29.95,-5.97,14.63,SHIFT_TO_ROW2
27.03,14.1,29.96,-5.97,14.63,SHIFT_TO_ROW2
27.04,14.1,29.98,-5.98,14.63,SHIFT_TO_ROW2
27.05,14.1,29.99,-5.98,14.63,SHIFT_TO_ROW2
27.06,14.1,30.01,-5.99,14.63,SHIFT_TO_ROW2
27.06,14.1,30.02,-6.0,14.63,SHIFT_TO_ROW2
27.07,14.1,30.04,-6.0,14.63,SHIFT_TO_ROW2
27.08,14.1,30.05,-6.01,14.63,SHIFT_TO_ROW2
27.09,14.1,30.07,-6.02,14.63,SHIFT_TO_ROW2
27.09,14.1,30.08,-6.02,14.63,SHIFT_TO_ROW2
27.1,14.1,30.1,-6.03,14.63,SHIFT_TO_ROW2
27.11,14.1,30.11,-6.04,14.63,SHIFT_TO_ROW2
27.12,14.1,30.13,-6.04,14.63,SHIFT_TO_ROW2
27.14,14.1,30.14,-6.05,14.63,SHIFT_TO_ROW2
27.14,14.1,30.16,-6.05,14.63,SHIFT_TO_ROW2
27.16,14.1,30.17,-6.06,14.63,SHIFT_TO_ROW2
27.16,14.1,30.19,-6.07,14.63,SHIFT_TO_ROW2
27.17,14.1,30.2,-6.07,14.63,SHIFT_TO_ROW2
27.17,14.1,30.21,-6.08,14.63,SHIFT_TO_ROW2
27.18,14.1,30.23,-6.09,14.63,SHIFT_TO_ROW2
27.18,14.1,30.24,-6.09,14.63,SHIFT_TO_ROW2
27.19,14.1,30.26,-6.1,14.63,SHIFT_TO_ROW2
27.2,14.1,30.27,-6.11,14.63,SHIFT_TO_ROW2
27.2,14.1,30.29,-6.11,14.63,SHIFT_TO_ROW2
27.21,14.1,30.3,-6.12,14.63,SHIFT_TO_ROW2
27.21,14.1,30.32,-6.13,14.63,SHIFT_TO_ROW2
27.22,14.1,30.33,-6.13,14.63,SHIFT_TO_ROW2
27.23,14.1,30.35,-6.14,14.63,SHIFT_TO_ROW2
27.23,14.1,30.36,-6.15,14.63,SHIFT_TO_ROW2
27.24,14.1,30.38,-6.15,14.63,SHIFT_TO_ROW2
27.24,14.1,30.39,-6.16,14.63,SHIFT_TO_ROW2
27.25,14.1,30.41,-6.17,14.63,SHIFT_TO_ROW2
27.25,14.1,30.42,-6.17,14.63,SHIFT_TO_ROW2
27.26,14.1,30.44,-6.18,14.63,SHIFT_TO_ROW2
27.26,14.1,30.45,-6.19,14.63,SHIFT_TO_ROW2
27.27,14.1,30.47,-6.2,14.63,SHIFT_TO_ROW2
27.28,14.1,30.48,-6.2,14.63,SHIFT_TO_ROW2
27.28,14.1,30.5,-6.21,14.63,SHIFT_TO_ROW2
27.29,14.1,30.51,-6.22,14.63,SHIFT_TO_ROW2
27.29,14.1,30.52,-6.22,14.63,SHIFT_TO_ROW2
27.3,14.1,30.54,-6.23,14.63,SHIFT_TO_ROW2
27.3,14.1,30.55,-6.24,14.63,SHIFT_TO_ROW2
27.31,14.1,30.57,-6.24,14.63,SHIFT_TO_ROW2
27.33,14.1,30.58,-6.25,14.63,SHIFT_TO_ROW2
27.33,14.1,30.6,-6.26,14.63,SHIFT_TO_ROW2
27.34,14.1,30.61,-6.26,14.63,SHIFT_TO_ROW2
27.35,14.1,30.63,-6.27,14.63,SHIFT_TO_ROW2
27.36,14.1,30.64,-6.28,14.63,SHIFT_TO_ROW2
27.36,14.1,30.66,-6.28,14.63,SHIFT_TO_ROW2
27.37,14.1,30.67,-6.29,14.63,SHIFT_TO_ROW2
27.37,14.1,30.68,-6.3,14.63,SHIFT_TO_ROW2
27.38,14.1,30.7,-6.31,14.63,SHIFT_TO_ROW2
27.39,14.1,30.71,-6.31,14.63,SHIFT_TO_ROW2
27.39,14.1,30.73,-6.32,14.63,SHIFT_TO_ROW2
27.4,14.1,30.74,-6.33,14.63,SHIFT_TO_ROW2
27.4,14.1,30.76,-6.33,14.63,SHIFT_TO_ROW2
27.41,14.1,30.77,-6.34,14.63,SHIFT_TO_ROW2
27.42,14.1,30.79,-6.35,14.63,SHIFT_TO_ROW2
27.43,14.1,30.8,-6.36,14.63,SHIFT_TO_ROW2
27.43,14.1,30.81,-6.36,14.63,SHIFT_TO_ROW2
27.44,14.1,30.83,-6.37,14.63,SHIFT_TO_ROW2
27.44,14.1,30.84,-6.38,14.63,SHIFT_TO_ROW2
27.45,14.1,30.86,-6.38,14.63,SHIFT_TO_ROW2
27.45,14.1,30.87,-6.39,14.63,SHIFT_TO_ROW2
27.46,14.1,30.89,-6.4,14.63,SHIFT_TO_ROW2
27.46,14.1,30.9,-6.41,14.63,SHIFT_TO_ROW2
27.47,14.1,30.91,-6.41,14.63,SHIFT_TO_ROW2
27.47,14.1,30.93,-6.42,14.63,SHIFT_TO_ROW2
27.48,14.1,30.94,-6.43,14.63,SHIFT_TO_ROW2
27.49,14.1,30.96,-6.44,14.63,SHIFT_TO_ROW2
27.49,14.1,30.97,-6.44,14.63,SHIFT_TO_ROW2
27.5,14.1,30.99,-6.45,14.63,SHIFT_TO_ROW2
27.5,14.1,31.0,-6.46,14.63,SHIFT_TO_ROW2
27.51,14.1,31.01,-6.46,14.63,SHIFT_TO_ROW2
27.51,14.1,31.03,-6.47,14.63,SHIFT_TO_ROW2
27.52,14.1,31.04,-6.48,14.63,SHIFT_TO_ROW2
27.52,14.1,31.06,-6.49,14.63,SHIFT_TO_ROW2
27.53,14.1,31.07,-6.49,14.63,SHIFT_TO_ROW2
27.53,14.1,31.09,-6.5,14.63,SHIFT_TO_ROW2
27.54,14.1,31.1,-6.51,14.63,SHIFT_TO_ROW2
27.55,14.1,31.11,-6.52,14.63,SHIFT_TO_ROW2
27.55,14.1,31.13,-6.52,14.63,SHIFT_TO_ROW2
27.56,14.1,31.14,-6.53,14.63,SHIFT_TO_ROW2
27.56,14.1,31.16,-6.54,14.63,SHIFT_TO_ROW2
27.57,14.1,31.17,-6.55,14.63,SHIFT_TO_ROW2
27.57,14.1,31.18,-6.55,14.63,SHIFT_TO_ROW2
27.58,14.1,31.2,-6.56,14.63,SHIFT_TO_ROW2
27.58,14.1,31.21,-6.57,14.63,SHIFT_TO_ROW2
27.59,14.1,31.23,-6.58,14.63,SHIFT_TO_ROW2
27.6,14.1,31.24,-6.58,14.63,SHIFT_TO_ROW2
27.6,14.1,31.26,-6.59,14.63,SHIFT_TO_ROW2
27.61,14.1,31.27,-6.6,14.63,SHIFT_TO_ROW2
27.61,14.1,31.28,-6.61,14.63,SHIFT_TO_ROW2
27.63,14.1,31.3,-6.61,14.63,SHIFT_TO_ROW2
27.64,14.1,31.31,-6.62,14.63,SHIFT_TO_ROW2
27.65,14.1,31.33,-6.63,14.63,SHIFT_TO_ROW2
27.65,14.1,31.34,-6.64,14.63,SHIFT_TO_ROW2
27.66,14.1,31.35,-6.64,14.63,SHIFT_TO_ROW2
27.67,14.1,31.37,-6.65,14.63,SHIFT_TO_ROW2
27.67,14.1,31.38,-6.66,14.63,SHIFT_TO_ROW2
27.68,14.1,31.4,-6.67,14.63,SHIFT_TO_ROW2
27.69,14.1,31.41,-6.68,14.63,SHIFT_TO_ROW2
27.69,14.1,31.42,-6.68,14.63,SHIFT_TO_ROW2
27.7,14.1,31.44,-6.69,14.63,SHIFT_TO_ROW2
27.71,14.1,31.45,-6.7,14.63,SHIFT_TO_ROW2
27.71,14.1,31.47,-6.71,14.63,SHIFT_TO_ROW2
27.72,14.1,31.48,-6.71,14.63,SHIFT_TO_ROW2
27.73,14.1,31.49,-6.72,14.63,SHIFT_TO_ROW2
27.74,14.1,31.51,-6.73,14.63,SHIFT_TO_ROW2
27.74,14.1,31.52,-6.74,14.63,SHIFT_TO_ROW2
27.75,14.1,31.53,-6.75,14.63,SHIFT_TO_ROW2
27.76,14.1,31.55,-6.75,14.63,SHIFT_TO_ROW2
27.76,14.1,31.56,-6.76,14.63,SHIFT_TO_ROW2
27.77,14.1,31.58,-6.77,14.63,SHIFT_TO_ROW2
27.77,14.1,31.59,-6.78,14.63,SHIFT_TO_ROW2
27.78,14.1,31.6,-6.79,14.63,SHIFT_TO_ROW2
27.78,14.1,31.62,-6.79,14.63,SHIFT_TO_ROW2
27.79,14.1,31.63,-6.8,14.63,SHIFT_TO_ROW2
27.8,14.1,31.64,-6.81,14.63,SHIFT_TO_ROW2
27.81,14.1,31.66,-6.82,14.63,SHIFT_TO_ROW2
27.81,14.1,31.67,-6.83,14.63,SHIFT_TO_ROW2
27.82,14.1,31.69,-6.83,14.63,SHIFT_TO_ROW2
27.82,14.1,31.7,-6.84,14.63,SHIFT_TO_ROW2
27.83,14.1,31.71,-6.85,14.63,SHIFT_TO_ROW2
27.84,14.1,31.73,-6.86,14.63,SHIFT_TO_ROW2
27.84,14.1,31.74,-6.87,14.63,SHIFT_TO_ROW2
27.85,14.1,31.75,-6.87,14.63,SHIFT_TO_ROW2
27.86,14.1,31.77,-6.88,14.63,SHIFT_TO_ROW2
27.87,14.1,31.78,-6.89,14.63,SHIFT_TO_ROW2
27.88,14.1,31.8,-6.9,14.63,SHIFT_TO_ROW2
27.88,14.1,31.81,-6.91,14.63,SHIFT_TO_ROW2
27.89,14.1,31.82,-6.91,14.63,SHIFT_TO_ROW2
27.9,14.1,31.84,-6.92,14.63,SHIFT_TO_ROW2
27.91,14.1,31.85,-6.93,14.63,SHIFT_TO_ROW2
27.92,14.1,31.86,-6.94,14.63,SHIFT_TO_ROW2
27.93,14.1,31.88,-6.95,14.63,SHIFT_TO_ROW2
27.94,14.1,31.89,-6.95,14.63,SHIFT_TO_ROW2
27.95,14.1,31.9,-6.96,14.63,SHIFT_TO_ROW2
27.96,14.1,31.92,-6.97,14.63,SHIFT_TO_ROW2
27.97,14.1,31.93,-6.98,14.63,SHIFT_TO_ROW2
27.97,14.1,31.94,-6.99,14.63,SHIFT_TO_ROW2
27.98,14.1,31.96,-7.0,14.63,SHIFT_TO_ROW2
27.98,14.1,31.97,-7.0,14.63,SHIFT_TO_ROW2
27.99,14.1,31.99,-7.01,14.63,SHIFT_TO_ROW2
28.0,14.1,32.0,-7.02,14.63,SHIFT_TO_ROW2
28.0,14.1,32.01,-7.03,14.63,SHIFT_TO_ROW2
28.01,14.1,32.03,-7.04,14.63,SHIFT_TO_ROW2
28.01,14.1,32.04,-7.05,14.63,SHIFT_TO_ROW2
28.02,14.1,32.05,-7.05,14.63,SHIFT_TO_ROW2
28.03,14.1,32.07,-7.06,14.63,SHIFT_TO_ROW2
28.04,14.1,32.08,-7.07,14.63,SHIFT_TO_ROW2
28.04,14.1,32.09,-7.08,14.63,SHIFT_TO_ROW2
28.05,14.1,32.11,-7.09,14.63,SHIFT_TO_ROW2
28.05,14.1,32.12,-7.1,14.63,SHIFT_TO_ROW2
28.06,14.1,32.13,-7.11,14.63,SHIFT_TO_ROW2
28.07,14.1,32.15,-7.11,14.63,SHIFT_TO_ROW2
28.08,14.1,32.16,-7.12,14.63,SHIFT_TO_ROW2
28.08,14.1,32.17,-7.13,14.63,SHIFT_TO_ROW2
28.09,14.1,32.19,-7.14,14.63,SHIFT_TO_ROW2
28.09,14.1,32.2,-7.15,14.63,SHIFT_TO_ROW2
28.1,14.1,32.21,-7.16,14.63,SHIFT_TO_ROW2
28.11,14.1,32.23,-7.16,14.63,SHIFT_TO_ROW2
28.11,14.1,32.24,-7.17,14.63,SHIFT_TO_ROW2
28.12,14.1,32.25,-7.18,14.63,SHIFT_TO_ROW2
28.12,14.1,32.27,-7.19,14.63,SHIFT_TO_ROW2
28.13,14.1,32.28,-7.2,14.63,SHIFT_TO_ROW2
28.14,14.1,32.29,-7.21,14.63,SHIFT_TO_ROW2
28.15,14.1,32.31,-7.22,14.63,SHIFT_TO_ROW2
28.17,14.1,32.32,-7.22,14.63,SHIFT_TO_ROW2
28.17,14.1,32.33,-7.23,14.63,SHIFT_TO_ROW2
28.18,14.1,32.35,-7.24,14.63,SHIFT_TO_ROW2
28.18,14.1,32.36,-7.25,14.63,SHIFT_TO_ROW2
28.19,14.1,32.37,-7.26,14.63,SHIFT_TO_ROW2
28.2,14.1,32.39,-7.27,14.63,SHIFT_TO_ROW2
28.2,14.1,32.4,-7.28,14.63,SHIFT_TO_ROW2
28.21,14.1,32.41,-7.29,14.63,SHIFT_TO_ROW2
28.22,14.1,32.43,-7.29,14.63,SHIFT_TO_ROW2
28.22,14.1,32.44,-7.3,14.63,SHIFT_TO_ROW2
28.23,14.1,32.45,-7.31,14.63,SHIFT_TO_ROW2
28.24,14.1,32.46,-7.32,14.63,SHIFT_TO_ROW2
28.25,14.1,32.48,-7.33,14.63,SHIFT_TO_ROW2
28.25,14.1,32.49,-7.34,14.63,SHIFT_TO_ROW2
28.26,14.1,32.5,-7.35,14.63,SHIFT_TO_ROW2
28.27,14.1,32.52,-7.36,14.63,SHIFT_TO_ROW2
28.28,14.1,32.53,-7.36,14.63,SHIFT_TO_ROW2
28.29,14.1,32.54,-7.37,14.63,SHIFT_TO_ROW2
28.3,14.1,32.56,-7.38,14.63,SHIFT_TO_ROW2
28.31,14.1,32.57,-7.39,14.63,SHIFT_TO_ROW2
28.31,14.1,32.58,-7.4,14.63,SHIFT_TO_ROW2
28.32,14.1,32.6,-7.41,14.63,SHIFT_TO_ROW2
28.33,14.1,32.61,-7.42,14.63,SHIFT_TO_ROW2
28.34,14.1,32.62,-7.43,14.63,SHIFT_TO_ROW2
28.34,14.1,32.63,-7.44,14.63,SHIFT_TO_ROW2
28.35,14.1,32.65,-7.44,14.63,SHIFT_TO_ROW2
28.36,14.1,32.66,-7.45,14.63,SHIFT_TO_ROW2
28.37,14.1,32.67,-7.46,14.63,SHIFT_TO_ROW2
28.37,14.1,32.69,-7.47,14.63,SHIFT_TO_ROW2
28.38,14.1,32.7,-7.48,14.63,SHIFT_TO_ROW2
28.39,14.1,32.71,-7.49,14.63,SHIFT_TO_ROW2
28.39,14.1,32.73,-7.5,14.63,SHIFT_TO_ROW2
28.4,14.1,32.74,-7.51,14.63,SHIFT_TO_ROW2
28.41,14.1,32.75,-7.52,14.63,SHIFT_TO_ROW2
28.42,14.1,32.76,-7.53,14.63,SHIFT_TO_ROW2
28.43,14.1,32.78,-7.54,14.63,SHIFT_TO_ROW2
28.43,14.1,32.79,-7.54,14.63,SHIFT_TO_ROW2
28.44,14.1,32.8,-7.55,14.63,SHIFT_TO_ROW2
28.45,14.1,32.82,-7.56,14.63,SHIFT_TO_ROW2
28.45,14.1,32.83,-7.57,14.63,SHIFT_TO_ROW2
28.46,14.1,32.84,-7.58,14.63,SHIFT_TO_ROW2
28.47,14.1,32.85,-7.59,14.63,SHIFT_TO_ROW2
28.48,14.1,32.87,-7.6,14.63,SHIFT_TO_ROW2
28.48,14.1,32.88,-7.61,14.63,SHIFT_TO_ROW2
28.49,14.1,32.89,-7.62,14.63,SHIFT_TO_ROW2
28.5,14.1,32.91,-7.63,14.63,SHIFT_TO_ROW2
28.51,14.1,32.92,-7.64,14.63,SHIFT_TO_ROW2
28.52,14.1,32.93,-7.65,14.63,SHIFT_TO_ROW2
28.53,14.1,32.94,-7.65,14.63,SHIFT_TO_ROW2
28.54,14.1,32.96,-7.66,14.63,SHIFT_TO_ROW2
28.55,14.1,32.97,-7.67,14.63,SHIFT_TO_ROW2
28.57,14.1,32.98,-7.68,14.63,SHIFT_TO_ROW2
28.59,14.1,32.99,-7.69,14.63,SHIFT_TO_ROW2
28.6,14.1,33.01,-7.7,14.63,SHIFT_TO_ROW2
28.63,14.1,33.02,-7.71,14.63,SHIFT_TO_ROW2
28.65,14.1,33.03,-7.72,14.63,SHIFT_TO_ROW2
28.65,14.1,33.05,-7.73,14.63,SHIFT_TO_ROW2
28.66,14.1,33.06,-7.74,14.63,SHIFT_TO_ROW2
28.67,14.1,33.07,-7.75,14.63,SHIFT_TO_ROW2
28.67,14.1,33.08,-7.76,14.63,SHIFT_TO_ROW2
28.68,14.1,33.1,-7.77,14.63,SHIFT_TO_ROW2
28.69,14.1,33.11,-7.78,14.63,SHIFT_TO_ROW2
28.69,14.1,33.12,-7.79,14.63,SHIFT_TO_ROW2
28.73,14.1,33.13,-7.8,14.63,SHIFT_TO_ROW2
28.74,14.1,33.15,-7.8,14.63,SHIFT_TO_ROW2
28.74,14.1,33.16,-7.81,14.63,SHIFT_TO_ROW2
28.75,14.1,33.17,-7.82,14.63,SHIFT_TO_ROW2
28.76,14.1,33.18,-7.83,14.63,SHIFT_TO_ROW2
28.77,14.1,33.2,-7.84,14.63,SHIFT_TO_ROW2
28.77,14.1,33.21,-7.85,14.63,SHIFT_TO_ROW2
28.78,14.1,33.22,-7.86,14.63,SHIFT_TO_ROW2
28.79,14.1,33.23,-7.87,14.63,SHIFT_TO_ROW2
28.81,14.1,33.25,-7.88,14.63,SHIFT_TO_ROW2
28.82,14.1,33.26,-7.89,14.63,SHIFT_TO_ROW2
28.82,14.1,33.27,-7.9,14.63,SHIFT_TO_ROW2
28.83,14.1,33.28,-7.91,14.63,SHIFT_TO_ROW2
28.84,14.1,33.3,-7.92,14.63,SHIFT_TO_ROW2
28.85,14.1,33.31,-7.93,14.63,SHIFT_TO_ROW2
28.86,14.1,33.32,-7.94,14.63,SHIFT_TO_ROW2
28.87,14.1,33.33,-7.95,14.63,SHIFT_TO_ROW2
28.88,14.1,33.35,-7.96,14.63,SHIFT_TO_ROW2
28.89,14.1,33.36,-7.97,14.63,SHIFT_TO_ROW2
28.9,14.1,33.37,-7.98,14.63,SHIFT_TO_ROW2
28.9,14.1,33.38,-7.99,14.63,SHIFT_TO_ROW2
28.91,14.1,33.4,-8.0,14.63,SHIFT_TO_ROW2
28.92,14.1,33.41,-8.01,14.63,SHIFT_TO_ROW2
28.93,14.1,33.42,-8.02,14.63,SHIFT_TO_ROW2
28.93,14.1,33.43,-8.03,14.63,SHIFT_TO_ROW2
28.94,14.1,33.45,-8.04,14.63,SHIFT_TO_ROW2
28.94,14.1,33.46,-8.05,14.63,SHIFT_TO_ROW2
28.95,14.1,33.47,-8.06,14.63,SHIFT_TO_ROW2
28.96,14.1,33.48,-8.07,14.63,SHIFT_TO_ROW2
28.96,14.1,33.5,-8.07,14.63,SHIFT_TO_ROW2
28.97,14.1,33.51,-8.08,14.63,SHIFT_TO_ROW2
28.98,14.1,33.52,-8.09,14.63,SHIFT_TO_ROW2
29.09,14.1,33.53,-8.1,14.63,SHIFT_TO_ROW2
29.1,14.1,33.55,-8.11,14.63,SHIFT_TO_ROW2
29.12,14.1,33.56,-8.12,14.63,SHIFT_TO_ROW2
29.13,14.1,33.57,-8.13,14.63,SHIFT_TO_ROW2
29.15,14.1,33.58,-8.14,14.63,SHIFT_TO_ROW2
29.16,14.1,33.59,-8.15,14.63,SHIFT_TO_ROW2
29.16,14.1,33.61,-8.16,14.63,SHIFT_TO_ROW2
29.17,14.1,33.62,-8.17,14.63,SHIFT_TO_ROW2
29.18,14.1,33.63,-8.18,14.63,SHIFT_TO_ROW2
29.19,14.1,33.64,-8.19,14.63,SHIFT_TO_ROW2
29.19,14.1,33.66,-8.2,14.63,SHIFT_TO_ROW2
29.2,14.1,33.67,-8.21,14.63,SHIFT_TO_ROW2
29.21,14.1,33.68,-8.22,14.63,SHIFT_TO_ROW2
29.22,14.1,33.69,-8.23,14.63,SHIFT_TO_ROW2
29.22,14.1,33.7,-8.24,14.63,SHIFT_TO_ROW2
29.23,14.1,33.72,-8.25,14.63,SHIFT_TO_ROW2
29.23,14.1,33.73,-8.26,14.63,SHIFT_TO_ROW2
29.24,14.1,33.74,-8.27,14.63,SHIFT_TO_ROW2
29.26,14.1,33.75,-8.28,14.63,SHIFT_TO_ROW2
29.26,14.1,33.76,-8.29,14.63,SHIFT_TO_ROW2
29.28,14.1,33.78,-8.3,14.63,SHIFT_TO_ROW2
29.28,14.1,33.79,-8.31,14.63,SHIFT_TO_ROW2
29.29,14.1,33.8,-8.32,14.63,SHIFT_TO_ROW2
29.3,14.1,33.81,-8.33,14.63,SHIFT_TO_ROW2
29.31,14.1,33.83,-8.34,14.63,SHIFT_TO_ROW2
29.31,14.1,33.84,-8.35,14.63,SHIFT_TO_ROW2
29.32,14.1,33.85,-8.36,14.63,SHIFT_TO_ROW2
29.34,14.1,33.86,-8.38,14.63,SHIFT_TO_ROW2
29.34,14.1,33.87,-8.39,14.63,SHIFT_TO_ROW2
29.35,14.1,33.89,-8.4,14.63,SHIFT_TO_ROW2
29.36,14.1,33.9,-8.41,14.63,SHIFT_TO_ROW2
29.37,14.1,33.91,-8.42,14.63,SHIFT_TO_ROW2
29.38,14.1,33.92,-8.43,14.63,SHIFT_TO_ROW2
29.38,14.1,33.93,-8.44,14.63,SHIFT_TO_ROW2
29.39,14.1,33.95,-8.45,14.63,SHIFT_TO_ROW2
29.39,14.1,33.96,-8.46,14.63,SHIFT_TO_ROW2
29.4,14.1,33.97,-8.47,14.63,SHIFT_TO_ROW2
29.41,14.1,33.98,-8.48,14.63,SHIFT_TO_ROW2
29.42,14.1,33.99,-8.49,14.63,SHIFT_TO_ROW2
29.42,14.1,34.01,-8.5,14.63,SHIFT_TO_ROW2
29.43,14.1,34.02,-8.51,14.63,SHIFT_TO_ROW2
29.43,14.1,34.03,-8.52,14.63,SHIFT_TO_ROW2
29.44,14.1,34.04,-8.53,14.63,SHIFT_TO_ROW2
29.45,14.1,34.05,-8.54,14.63,SHIFT_TO_ROW2
29.45,14.1,34.06,-8.55,14.63,SHIFT_TO_ROW2
29.46,14.1,34.08,-8.56,14.63,SHIFT_TO_ROW2
29.47,14.1,34.09,-8.57,14.63,SHIFT_TO_ROW2
29.47,14.1,34.1,-8.58,14.63,SHIFT_TO_ROW2
29.48,14.1,34.11,-8.59,14.63,SHIFT_TO_ROW2
29.49,14.1,34.12,-8.6,14.63,SHIFT_TO_ROW2
29.49,14.1,34.14,-8.61,14.63,SHIFT_TO_ROW2
29.5,14.1,34.15,-8.62,14.63,SHIFT_TO_ROW2
29.51,14.1,34.16,-8.63,14.63,SHIFT_TO_ROW2
29.52,14.1,34.17,-8.64,14.63,SHIFT_TO_ROW2
29.52,14.1,34.18,-8.65,14.63,SHIFT_TO_ROW2
29.53,14.1,34.2,-8.67,14.63,SHIFT_TO_ROW2
29.54,14.1,34.21,-8.68,14.63,SHIFT_TO_ROW2
29.54,14.1,34.22,-8.69,14.63,SHIFT_TO_ROW2
29.55,14.1,34.23,-8.7,14.63,SHIFT_TO_ROW2
29.56,14.1,34.24,-8.71,14.63,SHIFT_TO_ROW2
29.56,14.1,34.25,-8.72,14.63,SHIFT_TO_ROW2
29.57,14.1,34.27,-8.73,14.63,SHIFT_TO_ROW2
29.58,14.1,34.28,-8.74,14.63,SHIFT_TO_ROW2
29.58,14.1,34.29,-8.75,14.63,SHIFT_TO_ROW2
29.59,14.1,34.3,-8.76,14.63,SHIFT_TO_ROW2
29.6,14.1,34.31,-8.77,14.63,SHIFT_TO_ROW2
29.6,14.1,34.32,-8.78,14.63,SHIFT_TO_ROW2
29.61,14.1,34.34,-8.79,14.63,SHIFT_TO_ROW2
29.62,14.1,34.35,-8.8,14.63,SHIFT_TO_ROW2
29.62,14.1,34.36,-8.81,14.63,SHIFT_TO_ROW2
29.63,14.1,34.37,-8.82,14.63,SHIFT_TO_ROW2
29.64,14.1,34.38,-8.84,14.63,SHIFT_TO_ROW2
29.64,14.1,34.39,-8.85,14.63,SHIFT_TO_ROW2
29.65,14.1,34.41,-8.86,14.63,SHIFT_TO_ROW2
29.66,14.1,34.42,-8.87,14.63,SHIFT_TO_ROW2
29.66,14.1,34.43,-8.88,14.63,SHIFT_TO_ROW2
29.67,14.1,34.44,-8.89,14.63,SHIFT_TO_ROW2
29.67,14.1,34.45,-8.9,14.63,SHIFT_TO_ROW2
29.68,14.1,34.46,-8.91,14.63,SHIFT_TO_ROW2
29.68,14.1,34.48,-8.92,14.63,SHIFT_TO_ROW2
29.69,14.1,34.49,-8.93,14.63,SHIFT_TO_ROW2
29.69,14.1,34.5,-8.94,14.63,SHIFT_TO_ROW2
29.7,14.1,34.51,-8.95,14.63,SHIFT_TO_ROW2
29.71,14.1,34.52,-8.96,14.63,SHIFT_TO_ROW2
29.71,14.1,34.53,-8.98,14.63,SHIFT_TO_ROW2
29.72,14.1,34.54,-8.99,14.63,SHIFT_TO_ROW2
29.72,14.1,34.56,-9.0,14.63,SHIFT_TO_ROW2
29.73,14.1,34.57,-9.01,14.63,SHIFT_TO_ROW2
29.74,14.1,34.58,-9.02,14.63,SHIFT_TO_ROW2
29.75,14.1,34.59,-9.03,14.63,SHIFT_TO_ROW2
29.75,14.1,34.6,-9.04,14.63,SHIFT_TO_ROW2
29.76,14.1,34.61,-9.05,14.63,SHIFT_TO_ROW2
29.77,14.1,34.62,-9.06,14.63,SHIFT_TO_ROW2
29.77,14.1,34.64,-9.07,14.63,SHIFT_TO_ROW2
29.78,14.1,34.65,-9.09,14.63,SHIFT_TO_ROW2
29.79,14.1,34.66,-9.1,14.63,SHIFT_TO_ROW2
29.79,14.1,34.67,-9.11,14.63,SHIFT_TO_ROW2
29.8,14.1,34.68,-9.12,14.63,SHIFT_TO_ROW2
29.8,14.1,34.69,-9.13,14.63,SHIFT_TO_ROW2
29.82,14.1,34.7,-9.14,14.63,SHIFT_TO_ROW2
29.83,14.1,34.72,-9.15,14.63,SHIFT_TO_ROW2
29.84,14.1,34.73,-9.16,14.63,SHIFT_TO_ROW2
29.84,14.1,34.74,-9.17,14.63,SHIFT_TO_ROW2
29.85,14.1,34.75,-9.18,14.63,SHIFT_TO_ROW2
29.86,14.1,34.76,-9.2,14.63,SHIFT_TO_ROW2
29.86,14.1,34.77,-9.21,14.63,SHIFT_TO_ROW2
29.87,14.1,34.78,-9.22,14.63,SHIFT_TO_ROW2
29.87,14.1,34.8,-9.23,14.63,SHIFT_TO_ROW2
29.88,14.1,34.81,-9.24,14.63,SHIFT_TO_ROW2
29.89,14.1,34.82,-9.25,14.63,SHIFT_TO_ROW2
29.89,14.1,34.83,-9.26,14.63,SHIFT_TO_ROW2
29.9,14.1,34.84,-9.27,14.63,SHIFT_TO_ROW2
29.9,14.1,34.85,-9.28,14.63,SHIFT_TO_ROW2
29.91,14.1,34.86,-9.3,14.63,SHIFT_TO_ROW2
29.91,14.1,34.87,-9.31,14.63,SHIFT_TO_ROW2
29.92,14.1,34.89,-9.32,14.63,SHIFT_TO_ROW2
29.93,14.1,34.9,-9.33,14.63,SHIFT_TO_ROW2
29.93,14.1,34.91,-9.34,14.63,SHIFT_TO_ROW2
29.94,14.1,34.92,-9.35,14.63,SHIFT_TO_ROW2
29.94,14.1,34.93,-9.36,14.63,SHIFT_TO_ROW2
29.95,14.1,34.94,-9.37,14.63,SHIFT_TO_ROW2
29.96,14.1,34.95,-9.39,14.63,SHIFT_TO_ROW2
29.97,14.1,34.96,-9.4,14.63,SHIFT_TO_ROW2
29.97,14.1,34.98,-9.41,14.63,SHIFT_TO_ROW2
29.98,14.1,34.99,-9.42,14.63,SHIFT_TO_ROW2
29.98,14.1,35.0,-9.43,14.63,SHIFT_TO_ROW2
29.99,14.1,35.01,-9.44,14.63,SHIFT_TO_ROW2
30.0,14.1,35.02,-9.45,14.63,SHIFT_TO_ROW2
30.0,14.1,35.03,-9.47,14.63,SHIFT_TO_ROW2
30.01,14.1,35.04,-9.48,14.63,SHIFT_TO_ROW2
30.01,14.1,35.05,-9.49,14.63,SHIFT_TO_ROW2
30.02,14.1,35.06,-9.5,14.63,SHIFT_TO_ROW2
30.03,14.1,35.08,-9.51,14.63,SHIFT_TO_ROW2
30.03,14.1,35.09,-9.52,14.63,SHIFT_TO_ROW2
30.04,14.1,35.1,-9.53,14.63,SHIFT_TO_ROW2
30.05,14.1,35.11,-9.55,14.63,SHIFT_TO_ROW2
30.05,14.1,35.12,-9.56,14.63,SHIFT_TO_ROW2
30.07,14.1,35.13,-9.57,14.63,SHIFT_TO_ROW2
30.08,14.1,35.14,-9.58,14.63,SHIFT_TO_ROW2
30.08,14.1,35.15,-9.59,14.63,SHIFT_TO_ROW2
30.09,14.1,35.16,-9.6,14.63,SHIFT_TO_ROW2
30.1,14.1,35.18,-9.61,14.63,SHIFT_TO_ROW2
30.11,14.1,35.19,-9.63,14.63,SHIFT_TO_ROW2
30.11,14.1,35.2,-9.64,14.63,SHIFT_TO_ROW2
30.12,14.1,35.21,-9.65,14.63,SHIFT_TO_ROW2
30.13,14.1,35.22,-9.66,14.63,SHIFT_TO_ROW2
30.13,14.1,35.23,-9.67,14.63,SHIFT_TO_ROW2
30.14,14.1,35.24,-9.68,14.63,SHIFT_TO_ROW2
30.15,14.1,35.25,-9.7,14.63,SHIFT_TO_ROW2
30.15,14.1,35.26,-9.71,14.63,SHIFT_TO_ROW2
30.16,14.1,35.27,-9.72,14.63,SHIFT_TO_ROW2
30.16,14.1,35.28,-9.73,14.63,SHIFT_TO_ROW2
30.17,14.1,35.3,-9.74,14.63,SHIFT_TO_ROW2
30.18,14.1,35.31,-9.75,14.63,SHIFT_TO_ROW2
30.18,14.1,35.32,-9.77,14.63,SHIFT_TO_ROW2
30.19,14.1,35.33,-9.78,14.63,SHIFT_TO_ROW2
30.19,14.1,35.34,-9.79,14.63,SHIFT_TO_ROW2
30.2,14.1,35.35,-9.8,14.63,SHIFT_TO_ROW2
30.2,14.1,35.36,-9.81,14.63,SHIFT_TO_ROW2
30.21,14.1,35.37,-9.82,14.63,SHIFT_TO_ROW2
30.21,14.1,35.38,-9.84,14.63,SHIFT_TO_ROW2
30.22,14.1,35.39,-9.85,14.63,SHIFT_TO_ROW2
30.22,14.1,35.4,-9.86,14.63,SHIFT_TO_ROW2
30.23,14.1,35.42,-9.87,14.63,SHIFT_TO_ROW2
30.24,14.1,35.43,-9.88,14.63,SHIFT_TO_ROW2
30.24,14.1,35.44,-9.89,14.63,SHIFT_TO_ROW2
30.25,14.1,35.45,-9.91,14.63,SHIFT_TO_ROW2
30.25,14.1,35.46,-9.92,14.63,SHIFT_TO_ROW2
30.26,14.1,35.47,-9.93,14.63,SHIFT_TO_ROW2
30.26,14.1,35.48,-9.94,14.63,SHIFT_TO_ROW2
30.27,14.1,35.49,-9.95,14.63,SHIFT_TO_ROW2
30.27,14.1,35.5,-9.97,14.63,SHIFT_TO_ROW2
30.28,14.1,35.51,-9.98,14.63,SHIFT_TO_ROW2
30.29,14.1,35.52,-9.99,14.63,SHIFT_TO_ROW2
30.29,14.1,35.53,-10.0,14.63,SHIFT_TO_ROW2
30.3,14.1,35.54,-10.01,14.63,SHIFT_TO_ROW2
30.3,14.1,35.56,-10.02,14.63,SHIFT_TO_ROW2
30.31,14.1,35.57,-10.04,14.63,SHIFT_TO_ROW2
30.32,14.1,35.58,-10.05,14.63,SHIFT_TO_ROW2
30.33,14.1,35.59,-10.06,14.63,SHIFT_TO_ROW2
30.33,14.1,35.6,-10.07,14.63,SHIFT_TO_ROW2
30.34,14.1,35.61,-10.08,14.63,SHIFT_TO_ROW2
30.34,14.1,35.62,-10.1,14.63,SHIFT_TO_ROW2
30.35,14.1,35.63,-10.11,14.63,SHIFT_TO_ROW2
30.36,14.1,35.64,-10.12,14.63,SHIFT_TO_ROW2
30.36,14.1,35.65,-10.13,14.63,SHIFT_TO_ROW2
30.37,14.1,35.66,-10.14,14.63,SHIFT_TO_ROW2
30.38,14.1,35.67,-10.16,14.63,SHIFT_TO_ROW2
30.39,14.1,35.68,-10.17,14.63,SHIFT_TO_ROW2
30.39,14.1,35.69,-10.18,14.63,SHIFT_TO_ROW2
30.4,14.1,35.7,-10.19,14.63,SHIFT_TO_ROW2
30.4,14.1,35.71,-10.2,14.63,SHIFT_TO_ROW2
30.41,14.1,35.73,-10.22,14.63,SHIFT_TO_ROW2
30.42,14.1,35.74,-10.23,14.63,SHIFT_TO_ROW2
30.42,14.1,35.75,-10.24,14.63,SHIFT_TO_ROW2
30.43,14.1,35.76,-10.25,14.63,SHIFT_TO_ROW2
30.43,14.1,35.77,-10.27,14.63,SHIFT_TO_ROW2
30.44,14.1,35.78,-10.28,14.63,SHIFT_TO_ROW2
30.44,14.1,35.79,-10.29,14.63,SHIFT_TO_ROW2
30.45,14.1,35.8,-10.3,14.63,SHIFT_TO_ROW2
30.45,14.1,35.81,-10.31,14.63,SHIFT_TO_ROW2
30.46,14.1,35.82,-10.33,14.63,SHIFT_TO_ROW2
30.47,14.1,35.83,-10.34,14.63,SHIFT_TO_ROW2
30.47,14.1,35.84,-10.35,14.63,SHIFT_TO_ROW2
30.48,14.1,35.85,-10.36,14.63,SHIFT_TO_ROW2
30.49,14.1,35.86,-10.37,14.63,SHIFT_TO_ROW2
30.49,14.1,35.87,-10.39,14.63,SHIFT_TO_ROW2
30.5,14.1,35.88,-10.4,14.63,SHIFT_TO_ROW2
30.51,14.1,35.89,-10.41,14.63,SHIFT_TO_ROW2
30.51,14.1,35.9,-10.42,14.63,SHIFT_TO_ROW2
30.52,14.1,35.91,-10.44,14.63,SHIFT_TO_ROW2
30.52,14.1,35.92,-10.45,14.63,SHIFT_TO_ROW2
30.53,14.1,35.94,-10.46,14.63,SHIFT_TO_ROW2
30.53,14.1,35.95,-10.47,14.63,SHIFT_TO_ROW2
30.54,14.1,35.96,-10.49,14.63,SHIFT_TO_ROW2
30.54,14.1,35.97,-10.5,14.63,SHIFT_TO_ROW2
30.55,14.1,35.98,-10.51,14.63,SHIFT_TO_ROW2
30.56,14.1,35.99,-10.52,14.63,SHIFT_TO_ROW2
30.56,14.1,36.0,-10.53,14.63,SHIFT_TO_ROW2
30.57,14.1,36.01,-10.55,14.63,SHIFT_TO_ROW2
30.58,14.1,36.02,-10.56,14.63,SHIFT_TO_ROW2
30.58,14.1,36.03,-10.57,14.63,SHIFT_TO_ROW2
30.59,14.1,36.04,-10.58,14.63,SHIFT_TO_ROW2
30.6,14.1,36.05,-10.6,14.63,SHIFT_TO_ROW2
30.6,14.1,36.06,-10.61,14.63,SHIFT_TO_ROW2
30.61,14.1,36.07,-10.62,14.63,SHIFT_TO_ROW2
30.62,14.1,36.08,-10.63,14.63,SHIFT_TO_ROW2
30.62,14.1,36.09,-10.65,14.63,SHIFT_TO_ROW2
30.63,14.1,36.1,-10.66,14.63,SHIFT_TO_ROW2
30.64,14.1,36.11,-10.67,14.63,SHIFT_TO_ROW2
30.65,14.1,36.12,-10.68,14.63,SHIFT_TO_ROW2
30.65,14.1,36.13,-10.7,14.63,SHIFT_TO_ROW2
30.66,14.1,36.14,-10.71,14.63,SHIFT_TO_ROW2
30.67,14.1,36.15,-10.72,14.63,SHIFT_TO_ROW2
30.67,14.1,36.16,-10.73,14.63,SHIFT_TO_ROW2
30.68,14.1,36.17,-10.75,14.63,SHIFT_TO_ROW2
30.68,14.1,36.18,-10.76,14.63,SHIFT_TO_ROW2
30.69,14.1,36.19,-10.77,14.63,SHIFT_TO_ROW2
30.69,14.1,36.2,-10.78,14.63,SHIFT_TO_ROW2
30.7,14.1,36.21,-10.8,14.63,SHIFT_TO_ROW2
30.71,14.1,36.22,-10.81,14.63,SHIFT_TO_ROW2
30.71,14.1,36.23,-10.82,14.63,SHIFT_TO_ROW2
30.72,14.1,36.24,-10.83,14.63,SHIFT_TO_ROW2
30.72,14.1,36.25,-10.85,14.63,SHIFT_TO_ROW2
30.73,14.1,36.26,-10.86,14.63,SHIFT_TO_ROW2
30.73,14.1,36.27,-10.87,14.63,SHIFT_TO_ROW2
30.74,14.1,36.28,-10.88,14.63,SHIFT_TO_ROW2
30.75,14.1,36.29,-10.9,14.63,SHIFT_TO_ROW2
30.76,14.1,36.3,-10.91,14.63,SHIFT_TO_ROW2
30.76,14.1,36.31,-10.92,14.63,SHIFT_TO_ROW2
30.77,14.1,36.32,-10.94,14.63,SHIFT_TO_ROW2
30.77,14.1,36.33,-10.95,14.63,SHIFT_TO_ROW2
30.78,14.1,36.34,-10.96,14.63,SHIFT_TO_ROW2
30.78,14.1,36.35,-10.97,14.63,SHIFT_TO_ROW2
30.79,14.1,36.36,-10.99,14.63,SHIFT_TO_ROW2
30.8,14.1,36.37,-11.0,14.63,SHIFT_TO_ROW2
30.8,14.1,36.38,-11.01,14.63,SHIFT_TO_ROW2
30.81,14.1,36.39,-11.02,14.63,SHIFT_TO_ROW2
30.81,14.1,36.4,-11.04,14.63,SHIFT_TO_ROW2
30.82,14.1,36.41,-11.05,14.63,SHIFT_TO_ROW2
30.83,14.1,36.42,-11.06,14.63,SHIFT_TO_ROW2
30.83,14.1,36.43,-11.08,14.63,SHIFT_TO_ROW2
30.84,14.1,36.44,-11.09,14.63,SHIFT_TO_ROW2
30.85,14.1,36.45,-11.1,14.63,SHIFT_TO_ROW2
30.85,14.1,36.46,-11.11,14.63,SHIFT_TO_ROW2
30.86,14.1,36.47,-11.13,14.63,SHIFT_TO_ROW2
30.86,14.1,36.48,-11.14,14.63,SHIFT_TO_ROW2
30.87,14.1,36.49,-11.15,14.63,SHIFT_TO_ROW2
30.88,14.1,36.5,-11.17,14.63,SHIFT_TO_ROW2
30.88,14.1,36.51,-11.18,14.63,SHIFT_TO_ROW2
30.89,14.1,36.52,-11.19,14.63,SHIFT_TO_ROW2
30.9,14.1,36.53,-11.2,14.63,SHIFT_TO_ROW2
30.91,14.1,36.54,-11.22,14.63,SHIFT_TO_ROW2
30.91,14.1,36.55,-11.23,14.63,SHIFT_TO_ROW2
30.92,14.1,36.56,-11.24,14.63,SHIFT_TO_ROW2
30.92,14.1,36.57,-11.26,14.63,SHIFT_TO_ROW2
30.93,14.1,36.58,-11.27,14.63,SHIFT_TO_ROW2
30.94,14.1,36.59,-11.28,14.63,SHIFT_TO_ROW2
30.94,14.1,36.6,-11.29,14.63,SHIFT_TO_ROW2
30.95,14.1,36.61,-11.31,14.63,SHIFT_TO_ROW2
30.95,14.1,36.62,-11.32,14.63,SHIFT_TO_ROW2
30.96,14.1,36.63,-11.33,14.63,SHIFT_TO_ROW2
30.96,14.1,36.64,-11.35,14.63,SHIFT_TO_ROW2
30.97,14.1,36.65,-11.36,14.63,SHIFT_TO_ROW2
30.98,14.1,36.66,-11.37,14.63,SHIFT_TO_ROW2
30.99,14.1,36.67,-11.39,14.63,SHIFT_TO_ROW2
30.99,14.1,36.68,-11.4,14.63,SHIFT_TO_ROW2
31.0,14.1,36.69,-11.41,14.63,SHIFT_TO_ROW2
31.01,14.1,36.7,-11.42,14.63,SHIFT_TO_ROW2
31.01,14.1,36.71,-11.44,14.63,SHIFT_TO_ROW2
31.02,14.1,36.72,-11.45,14.63,SHIFT_TO_ROW2
31.02,14.1,36.73,-11.46,14.63,SHIFT_TO_ROW2
31.03,14.1,36.74,-11.48,14.63,SHIFT_TO_ROW2
31.03,14.1,36.75,-11.49,14.63,SHIFT_TO_ROW2
31.04,14.1,36.76,-11.5,14.63,SHIFT_TO_ROW2
31.04,14.1,36.77,-11.52,14.63,SHIFT_TO_ROW2
31.05,14.1,36.78,-11.53,14.63,SHIFT_TO_ROW2
31.06,14.1,36.79,-11.54,14.63,SHIFT_TO_ROW2
31.06,14.1,36.8,-11.56,14.63,SHIFT_TO_ROW2
31.07,14.1,36.81,-11.57,14.63,SHIFT_TO_ROW2
31.07,14.1,36.82,-11.58,14.63,SHIFT_TO_ROW2
31.08,14.1,36.83,-11.6,14.63,SHIFT_TO_ROW2
31.09,14.1,36.84,-11.61,14.63,SHIFT_TO_ROW2
31.09,14.1,36.85,-11.62,14.63,SHIFT_TO_ROW2
31.1,14.1,36.86,-11.63,14.63,SHIFT_TO_ROW2
31.1,14.1,36.87,-11.65,14.63,SHIFT_TO_ROW2
31.11,14.1,36.88,-11.66,14.63,SHIFT_TO_ROW2
31.11,14.1,36.89,-11.67,14.63,SHIFT_TO_ROW2
31.12,14.1,36.9,-11.69,14.63,SHIFT_TO_ROW2
31.13,14.1,36.91,-11.7,14.63,SHIFT_TO_ROW2
31.13,14.1,36.92,-11.71,14.63,SHIFT_TO_ROW2
31.14,14.1,36.92,-11.73,14.63,SHIFT_TO_ROW2
31.14,14.1,36.93,-11.74,14.63,SHIFT_TO_ROW2
31.15,14.1,36.94,-11.75,14.63,SHIFT_TO_ROW2
31.15,14.1,36.95,-11.77,14.63,SHIFT_TO_ROW2
31.16,14.1,36.96,-11.78,14.63,SHIFT_TO_ROW2
31.17,14.1,36.97,-11.79,14.63,SHIFT_TO_ROW2
31.17,14.1,36.98,-11.81,14.63,SHIFT_TO_ROW2
31.18,14.1,36.99,-11.82,14.63,SHIFT_TO_ROW2
31.18,14.1,37.0,-11.83,14.63,SHIFT_TO_ROW2
31.19,14.1,37.01,-11.85,14.63,SHIFT_TO_ROW2
31.19,14.1,37.02,-11.86,14.63,SHIFT_TO_ROW2
31.2,14.1,37.03,-11.87,14.63,SHIFT_TO_ROW2
31.2,14.1,37.04,-11.89,14.63,SHIFT_TO_ROW2
31.21,14.1,37.05,-11.9,14.63,SHIFT_TO_ROW2
31.21,14.1,37.06,-11.91,14.63,SHIFT_TO_ROW2
31.22,14.1,37.07,-11.93,14.63,SHIFT_TO_ROW2
31.23,14.1,37.08,-11.94,14.63,SHIFT_TO_ROW2
31.23,14.1,37.09,-11.96,14.63,SHIFT_TO_ROW2
31.24,14.1,37.1,-11.97,14.63,SHIFT_TO_ROW2
31.24,14.1,37.11,-11.98,14.63,SHIFT_TO_ROW2
31.25,14.1,37.11,-12.0,14.63,SHIFT_TO_ROW2
31.26,14.1,37.12,-12.01,14.63,SHIFT_TO_ROW2
31.26,14.1,37.13,-12.02,14.63,SHIFT_TO_ROW2
31.27,14.1,37.14,-12.04,14.63,SHIFT_TO_ROW2
31.28,14.1,37.15,-12.05,14.63,SHIFT_TO_ROW2
31.29,14.1,37.16,-12.06,14.63,SHIFT_TO_ROW2
31.29,14.1,37.17,-12.08,14.63,SHIFT_TO_ROW2
31.3,14.1,37.18,-12.09,14.63,SHIFT_TO_ROW2
31.3,14.1,37.19,-12.1,14.63,SHIFT_TO_ROW2
31.31,14.1,37.2,-12.12,14.63,SHIFT_TO_ROW2
31.32,14.1,37.21,-12.13,14.63,SHIFT_TO_ROW2
31.32,14.1,37.22,-12.14,14.63,SHIFT_TO_ROW2
31.33,14.1,37.23,-12.16,14.63,SHIFT_TO_ROW2
31.34,14.1,37.24,-12.17,14.63,SHIFT_TO_ROW2
31.34,14.1,37.25,-12.19,14.63,SHIFT_TO_ROW2
31.35,14.1,37.26,-12.2,14.63,SHIFT_TO_ROW2
31.36,14.1,37.27,-12.21,14.63,SHIFT_TO_ROW2
31.36,14.1,37.27,-12.23,14.63,SHIFT_TO_ROW2
31.37,14.1,37.28,-12.24,14.63,SHIFT_TO_ROW2
31.37,14.1,37.29,-12.25,14.63,SHIFT_TO_ROW2
31.38,14.1,37.3,-12.27,14.63,SHIFT_TO_ROW2
31.39,14.1,37.31,-12.28,14.63,SHIFT_TO_ROW2
31.4,14.1,37.32,-12.29,14.63,SHIFT_TO_ROW2
31.4,14.1,37.33,-12.31,14.63,SHIFT_TO_ROW2
31.41,14.1,37.34,-12.32,14.63,SHIFT_TO_ROW2
31.41,14.1,37.35,-12.34,14.63,SHIFT_TO_ROW2
31.42,14.1,37.36,-12.35,14.63,SHIFT_TO_ROW2
31.42,14.1,37.37,-12.36,14.63,SHIFT_TO_ROW2
31.43,14.1,37.38,-12.38,14.63,SHIFT_TO_ROW2
31.44,14.1,37.39,-12.39,14.63,SHIFT_TO_ROW2
31.44,14.1,37.39,-12.4,14.63,SHIFT_TO_ROW2
31.45,14.1,37.4,-12.42,14.63,SHIFT_TO_ROW2
31.45,14.1,37.41,-12.43,14.63,SHIFT_TO_ROW2
31.46,14.1,37.42,-12.45,14.63,SHIFT_TO_ROW2
31.47,14.1,37.43,-12.46,14.63,SHIFT_TO_ROW2
31.47,14.1,37.44,-12.47,14.63,SHIFT_TO_ROW2
31.48,14.1,37.45,-12.49,14.63,SHIFT_TO_ROW2
31.48,14.1,37.46,-12.5,14.63,SHIFT_TO_ROW2
31.49,14.1,37.47,-12.51,14.63,SHIFT_TO_ROW2
31.49,14.1,37.48,-12.53,14.63,SHIFT_TO_ROW2
31.5,14.1,37.49,-12.54,14.63,SHIFT_TO_ROW2
31.51,14.1,37.5,-12.56,14.63,SHIFT_TO_ROW2
31.51,14.1,37.5,-12.57,14.63,SHIFT_TO_ROW2
31.52,14.1,37.51,-12.58,14.63,SHIFT_TO_ROW2
31.52,14.1,37.52,-12.6,14.63,SHIFT_TO_ROW2
31.53,14.1,37.53,-12.61,14.63,SHIFT_TO_ROW2
31.54,14.1,37.54,-12.63,14.63,SHIFT_TO_ROW2
31.54,14.1,37.55,-12.64,14.63,SHIFT_TO_ROW2
31.55,14.1,37.56,-12.65,14.63,SHIFT_TO_ROW2
31.56,14.1,37.57,-12.67,14.63,SHIFT_TO_ROW2
31.56,14.1,37.58,-12.68,14.63,SHIFT_TO_ROW2
31.57,14.1,37.59,-12.69,14.63,SHIFT_TO_ROW2
31.57,14.1,37.6,-12.71,14.63,SHIFT_TO_ROW2
31.58,14.1,37.6,-12.72,14.63,SHIFT_TO_ROW2
31.58,14.1,37.61,-12.74,14.63,SHIFT_TO_ROW2
31.59,14.1,37.62,-12.75,14.63,SHIFT_TO_ROW2
31.59,14.1,37.63,-12.76,14.63,SHIFT_TO_ROW2
31.6,14.1,37.64,-12.78,14.63,SHIFT_TO_ROW2
31.61,14.1,37.65,-12.79,14.63,SHIFT_TO_ROW2
31.61,14.1,37.66,-12.81,14.63,SHIFT_TO_ROW2
31.62,14.1,37.67,-12.82,14.63,SHIFT_TO_ROW2
31.62,14.1,37.68,-12.83,14.63,SHIFT_TO_ROW2
31.63,14.1,37.69,-12.85,14.63,SHIFT_TO_ROW2
31.63,14.1,37.69,-12.86,14.63,SHIFT_TO_ROW2
31.64,14.1,37.7,-12.88,14.63,SHIFT_TO_ROW2
31.65,14.1,37.71,-12.89,14.63,SHIFT_TO_ROW2
31.65,14.1,37.72,-12.91,14.63,SHIFT_TO_ROW2
31.66,14.1,37.73,-12.92,14.63,SHIFT_TO_ROW2
31.66,14.1,37.74,-12.93,14.63,SHIFT_TO_ROW2
31.67,14.1,37.75,-12.95,14.63,SHIFT_TO_ROW2
31.67,14.1,37.76,-12.96,14.63,SHIFT_TO_ROW2
31.68,14.1,37.77,-12.98,14.63,SHIFT_TO_ROW2
31.69,14.1,37.77,-12.99,14.63,SHIFT_TO_ROW2
31.69,14.1,37.78,-13.0,14.63,SHIFT_TO_ROW2
31.7,14.1,37.79,-13.02,14.63,SHIFT_TO_ROW2
31.7,14.1,37.8,-13.03,14.63,SHIFT_TO_ROW2
31.71,14.1,37.81,-13.05,14.63,SHIFT_TO_ROW2
31.71,14.1,37.82,-13.06,14.63,SHIFT_TO_ROW2
31.72,14.1,37.83,-13.07,14.63,SHIFT_TO_ROW2
31.72,14.1,37.84,-13.09,14.63,SHIFT_TO_ROW2
31.73,14.1,37.85,-13.1,14.63,SHIFT_TO_ROW2
31.73,14.1,37.85,-13.12,14.63,SHIFT_TO_ROW2
31.74,14.1,37.86,-13.13,14.63,SHIFT_TO_ROW2
31.75,14.1,37.87,-13.15,14.63,SHIFT_TO_ROW2
31.75,14.1,37.88,-13.16,14.63,SHIFT_TO_ROW2
31.76,14.1,37.89,-13.17,14.63,SHIFT_TO_ROW2
31.76,14.1,37.9,-13.19,14.63,SHIFT_TO_ROW2
31.77,14.1,37.91,-13.2,14.63,SHIFT_TO_ROW2
31.77,14.1,37.92,-13.22,14.63,SHIFT_TO_ROW2
31.78,14.1,37.93,-13.23,14.63,SHIFT_TO_ROW2
31.79,14.1,37.93,-13.25,14.63,SHIFT_TO_ROW2
31.79,14.1,37.94,-13.26,14.63,SHIFT_TO_ROW2
31.8,14.1,37.95,-13.27,14.63,SHIFT_TO_ROW2
31.81,14.1,37.96,-13.29,14.63,SHIFT_TO_ROW2
31.81,14.1,37.97,-13.3,14.63,SHIFT_TO_ROW2
31.82,14.1,37.98,-13.32,14.63,SHIFT_TO_ROW2
31.83,14.1,37.99,-13.33,14.63,SHIFT_TO_ROW2
31.84,14.1,37.99,-13.35,14.63,SHIFT_TO_ROW2
31.85,14.1,38.0,-13.36,14.63,SHIFT_TO_ROW2
31.86,14.1,38.01,-13.37,14.63,SHIFT_TO_ROW2
31.86,14.1,38.02,-13.39,14.63,SHIFT_TO_ROW2
31.87,14.1,38.03,-13.4,14.63,SHIFT_TO_ROW2
31.87,14.1,38.04,-13.42,14.63,SHIFT_TO_ROW2
31.88,14.1,38.05,-13.43,14.63,SHIFT_TO_ROW2
31.89,14.1,38.06,-13.45,14.63,SHIFT_TO_ROW2
31.89,14.1,38.06,-13.46,14.63,SHIFT_TO_ROW2
31.9,14.1,38.07,-13.48,14.63,SHIFT_TO_ROW2
31.9,14.1,38.08,-13.49,14.63,SHIFT_TO_ROW2
31.91,14.1,38.09,-13.5,14.63,SHIFT_TO_ROW2
31.92,14.1,38.1,-13.52,14.63,SHIFT_TO_ROW2
31.92,14.1,38.11,-13.53,14.63,SHIFT_TO_ROW2
31.93,14.1,38.12,-13.55,14.63,SHIFT_TO_ROW2
31.93,14.1,38.12,-13.56,14.63,SHIFT_TO_ROW2
31.94,14.1,38.13,-13.58,14.63,SHIFT_TO_ROW2
31.94,14.1,38.14,-13.59,14.63,SHIFT_TO_ROW2
31.95,14.1,38.15,-13.61,14.63,SHIFT_TO_ROW2
31.95,14.1,38.16,-13.62,14.63,SHIFT_TO_ROW2
31.96,14.1,38.17,-13.63,14.63,SHIFT_TO_ROW2
31.97,14.1,38.18,-13.65,14.63,SHIFT_TO_ROW2
31.97,14.1,38.18,-13.66,14.63,SHIFT_TO_ROW2
31.98,14.1,38.19,-13.68,14.63,SHIFT_TO_ROW2
31.99,14.1,38.2,-13.69,14.63,SHIFT_TO_ROW2
31.99,14.1,38.21,-13.71,14.63,SHIFT_TO_ROW2
32.0,14.1,38.22,-13.72,14.63,SHIFT_TO_ROW2
32.01,14.1,38.23,-13.74,14.63,SHIFT_TO_ROW2
32.01,14.1,38.24,-13.75,14.63,SHIFT_TO_ROW2
32.02,14.1,38.24,-13.77,14.63,SHIFT_TO_ROW2
32.02,14.1,38.25,-13.78,14.63,SHIFT_TO_ROW2
32.03,14.1,38.26,-13.79,14.63,SHIFT_TO_ROW2
32.03,14.1,38.27,-13.81,14.63,SHIFT_TO_ROW2
32.04,14.1,38.28,-13.82,14.63,SHIFT_TO_ROW2
32.05,14.1,38.29,-13.84,14.63,SHIFT_TO_ROW2
32.05,14.1,38.3,-13.85,14.63,SHIFT_TO_ROW2
32.06,14.1,38.3,-13.87,14.63,SHIFT_TO_ROW2
32.06,14.1,38.31,-13.88,14.63,SHIFT_TO_ROW2
32.07,14.1,38.32,-13.9,14.63,SHIFT_TO_ROW2
32.08,14.1,38.33,-13.91,14.63,SHIFT_TO_ROW2
32.08,14.1,38.34,-13.93,14.63,SHIFT_TO_ROW2
32.09,14.1,38.35,-13.94,14.63,SHIFT_TO_ROW2
32.1,14.1,38.35,-13.96,14.63,SHIFT_TO_ROW2
32.1,14.1,38.36,-13.97,14.63,SHIFT_TO_ROW2
32.11,14.1,38.37,-13.98,14.63,SHIFT_TO_ROW2
32.11,14.1,38.38,-14.0,14.63,SHIFT_TO_ROW2
32.12,14.1,38.39,-14.01,14.63,SHIFT_TO_ROW2
32.12,14.1,38.4,-14.03,14.63,SHIFT_TO_ROW2
32.13,14.1,38.4,-14.04,14.63,SHIFT_TO_ROW2
32.13,14.1,38.41,-14.06,14.63,SHIFT_TO_ROW2
32.14,14.1,38.42,-14.07,14.63,SHIFT_TO_ROW2
32.15,14.1,38.43,-14.09,14.63,SHIFT_TO_ROW2
32.15,14.1,38.44,-14.1,14.63,SHIFT_TO_ROW2
32.16,14.1,38.45,-14.12,14.63,SHIFT_TO_ROW2
32.16,14.1,38.45,-14.13,14.63,SHIFT_TO_ROW2
32.17,14.1,38.46,-14.15,14.63,SHIFT_TO_ROW2
32.17,14.1,38.47,-14.16,14.63,SHIFT_TO_ROW2
32.18,14.1,38.48,-14.18,14.63,SHIFT_TO_ROW2
32.19,14.1,38.49,-14.19,14.63,SHIFT_TO_ROW2
32.19,14.1,38.5,-14.21,14.63,SHIFT_TO_ROW2
32.2,14.1,38.5,-14.22,14.63,SHIFT_TO_ROW2
32.2,14.1,38.51,-14.24,14.63,SHIFT_TO_ROW2
32.21,14.1,38.52,-14.25,14.63,SHIFT_TO_ROW2
32.21,14.1,38.53,-14.27,14.63,SHIFT_TO_ROW2
32.22,14.1,38.54,-14.28,14.63,SHIFT_TO_ROW2
32.22,14.1,38.55,-14.3,14.63,SHIFT_TO_ROW2
32.23,14.1,38.55,-14.31,14.63,SHIFT_TO_ROW2
32.23,14.1,38.56,-14.33,14.63,SHIFT_TO_ROW2
32.24,14.1,38.57,-14.34,14.63,SHIFT_TO_ROW2
32.24,14.1,38.58,-14.36,14.63,SHIFT_TO_ROW2
32.25,14.1,38.59,-14.37,14.63,SHIFT_TO_ROW2
32.25,14.1,38.6,-14.39,14.63,SHIFT_TO_ROW2
32.26,14.1,38.6,-14.4,14.63,SHIFT_TO_ROW2
32.26,14.1,38.61,-14.41,14.63,SHIFT_TO_ROW2
32.27,14.1,38.62,-14.43,14.63,SHIFT_TO_ROW2
32.28,14.1,38.63,-14.44,14.63,SHIFT_TO_ROW2
32.28,14.1,38.64,-14.46,14.63,SHIFT_TO_ROW2
32.29,14.1,38.64,-14.47,14.63,SHIFT_TO_ROW2
32.29,14.1,38.65,-14.49,14.63,SHIFT_TO_ROW2
32.3,14.1,38.66,-14.5,14.63,SHIFT_TO_ROW2
32.3,14.1,38.67,-14.52,14.63,SHIFT_TO_ROW2
32.31,14.1,38.68,-14.53,14.63,SHIFT_TO_ROW2
32.31,14.1,38.69,-14.55,14.63,SHIFT_TO_ROW2
32.32,14.1,38.69,-14.56,14.63,SHIFT_TO_ROW2
32.32,14.1,38.7,-14.58,14.63,SHIFT_TO_ROW2
32.33,14.1,38.71,-14.59,14.63,SHIFT_TO_ROW2
32.33,14.1,38.72,-14.61,14.63,SHIFT_TO_ROW2
32.34,14.1,38.73,-14.62,14.63,SHIFT_TO_ROW2
32.34,14.1,38.73,-14.64,14.63,SHIFT_TO_ROW2
32.35,14.1,38.74,-14.66,14.63,SHIFT_TO_ROW2
32.35,14.1,38.75,-14.67,14.63,SHIFT_TO_ROW2
32.36,14.1,38.76,-14.69,14.63,SHIFT_TO_ROW2
32.36,14.1,38.77,-14.7,14.63,SHIFT_TO_ROW2
32.37,14.1,38.77,-14.72,14.63,SHIFT_TO_ROW2
32.37,14.1,38.78,-14.73,14.63,SHIFT_TO_ROW2
32.38,14.1,38.79,-14.75,14.63,SHIFT_TO_ROW2
32.39,14.1,38.8,-14.76,14.63,SHIFT_TO_ROW2
32.39,14.1,38.81,-14.78,14.63,SHIFT_TO_ROW2
32.4,14.1,38.81,-14.79,14.63,SHIFT_TO_ROW2
32.4,14.1,38.82,-14.81,14.63,SHIFT_TO_ROW2
32.41,14.1,38.83,-14.82,14.63,SHIFT_TO_ROW2
32.41,14.1,38.84,-14.84,14.63,SHIFT_TO_ROW2
32.42,14.1,38.85,-14.85,14.63,SHIFT_TO_ROW2
32.42,14.1,38.85,-14.87,14.63,SHIFT_TO_ROW2
32.43,14.1,38.86,-14.88,14.63,SHIFT_TO_ROW2
32.43,14.1,38.87,-14.9,14.63,SHIFT_TO_ROW2
32.44,14.1,38.88,-14.91,14.63,SHIFT_TO_ROW2
32.44,14.1,38.89,-14.93,14.63,SHIFT_TO_ROW2
32.45,14.1,38.89,-14.94,14.63,SHIFT_TO_ROW2
32.46,14.1,38.9,-14.96,14.63,SHIFT_TO_ROW2
32.46,14.1,38.91,-14.97,14.63,SHIFT_TO_ROW2
32.47,14.1,38.92,-14.99,14.63,SHIFT_TO_ROW2
32.47,14.1,38.93,-15.0,14.63,SHIFT_TO_ROW2
32.48,14.1,38.93,-15.02,14.63,SHIFT_TO_ROW2
32.48,14.1,38.94,-15.03,14.63,SHIFT_TO_ROW2
32.49,14.1,38.95,-15.05,14.63,SHIFT_TO_ROW2
32.49,14.1,38.96,-15.06,14.63,SHIFT_TO_ROW2
32.5,14.1,38.97,-15.08,14.63,SHIFT_TO_ROW2
32.5,14.1,38.97,-15.1,14.63,SHIFT_TO_ROW2
32.51,14.1,38.98,-15.11,14.63,SHIFT_TO_ROW2
32.51,14.1,38.99,-15.13,14.63,SHIFT_TO_ROW2
32.52,14.1,39.0,-15.14,14.63,SHIFT_TO_ROW2
32.53,14.1,39.0,-15.16,14.63,SHIFT_TO_ROW2
32.53,14.1,39.01,-15.17,14.63,SHIFT_TO_ROW2
32.54,14.1,39.02,-15.19,14.63,SHIFT_TO_ROW2
32.54,14.1,39.03,-15.2,14.63,SHIFT_TO_ROW2
32.55,14.1,39.04,-15.22,14.63,SHIFT_TO_ROW2
32.55,14.1,39.04,-15.23,14.63,SHIFT_TO_ROW2
32.56,14.1,39.05,-15.25,14.63,SHIFT_TO_ROW2
32.56,14.1,39.06,-15.26,14.63,SHIFT_TO_ROW2
32.57,14.1,39.07,-15.28,14.63,SHIFT_TO_ROW2
32.57,14.1,39.08,-15.29,14.63,SHIFT_TO_ROW2
32.58,14.1,39.08,-15.31,14.63,SHIFT_TO_ROW2
32.59,14.1,39.09,-15.33,14.63,SHIFT_TO_ROW2
32.59,14.1,39.1,-15.34,14.63,SHIFT_TO_ROW2
32.6,14.1,39.11,-15.36,14.63,SHIFT_TO_ROW2
32.6,14.1,39.11,-15.37,14.63,SHIFT_TO_ROW2
32.61,14.1,39.12,-15.39,14.63,SHIFT_TO_ROW2
32.61,14.1,39.13,-15.4,14.63,SHIFT_TO_ROW2
32.62,14.1,39.14,-15.42,14.63,SHIFT_TO_ROW2
32.62,14.1,39.15,-15.43,14.63,SHIFT_TO_ROW2
32.63,14.1,39.15,-15.45,14.63,SHIFT_TO_ROW2
32.63,14.1,39.16,-15.46,14.63,SHIFT_TO_ROW2
32.64,14.1,39.17,-15.48,14.63,SHIFT_TO_ROW2
32.64,14.1,39.18,-15.5,14.63,SHIFT_TO_ROW2
32.65,14.1,39.18,-15.51,14.63,SHIFT_TO_ROW2
32.65,14.1,39.19,-15.53,14.63,SHIFT_TO_ROW2
32.66,14.1,39.2,-15.54,14.63,SHIFT_TO_ROW2
32.67,14.1,39.21,-15.56,14.63,SHIFT_TO_ROW2
32.67,14.1,39.21,-15.57,14.63,SHIFT_TO_ROW2
32.68,14.1,39.22,-15.59,14.63,SHIFT_TO_ROW2
32.68,14.1,39.23,-15.6,14.63,SHIFT_TO_ROW2
32.69,14.1,39.24,-15.62,14.63,SHIFT_TO_ROW2
32.69,14.1,39.25,-15.63,14.63,SHIFT_TO_ROW2
32.7,14.1,39.25,-15.65,14.63,SHIFT_TO_ROW2
32.7,14.1,39.26,-15.67,14.63,SHIFT_TO_ROW2
32.71,14.1,39.27,-15.68,14.63,SHIFT_TO_ROW2
32.71,14.1,39.28,-15.7,14.63,SHIFT_TO_ROW2
32.72,14.1,39.28,-15.71,14.63,SHIFT_TO_ROW2
32.72,14.1,39.29,-15.73,14.63,SHIFT_TO_ROW2
32.73,14.1,39.3,-15.74,14.63,SHIFT_TO_ROW2
32.73,14.1,39.31,-15.76,14.63,SHIFT_TO_ROW2
32.74,14.1,39.31,-15.77,14.63,SHIFT_TO_ROW2
32.74,14.1,39.32,-15.79,14.63,SHIFT_TO_ROW2
32.75,14.1,39.33,-15.81,14.63,SHIFT_TO_ROW2
32.75,14.1,39.34,-15.82,14.63,SHIFT_TO_ROW2
32.76,14.1,39.34,-15.84,14.63,SHIFT_TO_ROW2
32.77,14.1,39.35,-15.85,14.63,SHIFT_TO_ROW2
32.77,14.1,39.36,-15.87,14.63,SHIFT_TO_ROW2
32.78,14.1,39.37,-15.88,14.63,SHIFT_TO_ROW2
32.78,14.1,39.37,-15.9,14.63,SHIFT_TO_ROW2
32.79,14.1,39.38,-15.92,14.63,SHIFT_TO_ROW2
32.79,14.1,39.39,-15.93,14.63,SHIFT_TO_ROW2
32.8,14.1,39.4,-15.95,14.63,SHIFT_TO_ROW2
32.8,14.1,39.4,-15.96,14.63,SHIFT_TO_ROW2
32.81,14.1,39.41,-15.98,14.63,SHIFT_TO_ROW2
32.81,14.1,39.42,-15.99,14.63,SHIFT_TO_ROW2
32.82,14.1,39.43,-16.01,14.63,SHIFT_TO_ROW2
32.82,14.1,39.43,-16.03,14.63,SHIFT_TO_ROW2
32.83,14.1,39.44,-16.04,14.63,SHIFT_TO_ROW2
32.83,14.1,39.45,-16.06,14.63,SHIFT_TO_ROW2
32.84,14.1,39.46,-16.07,14.63,SHIFT_TO_ROW2
32.84,14.1,39.46,-16.09,14.63,SHIFT_TO_ROW2
32.85,14.1,39.47,-16.1,14.63,SHIFT_TO_ROW2
32.85,14.1,39.48,-16.12,14.63,SHIFT_TO_ROW2
32.86,14.1,39.49,-16.14,14.63,SHIFT_TO_ROW2
32.86,14.1,39.49,-16.15,14.63,SHIFT_TO_ROW2
32.87,14.1,39.5,-16.17,14.63,SHIFT_TO_ROW2
32.88,14.1,39.51,-16.18,14.63,SHIFT_TO_ROW2
32.88,14.1,39.52,-16.2,14.63,SHIFT_TO_ROW2
32.89,14.1,39.52,-16.21,14.63,SHIFT_TO_ROW2
32.89,14.1,39.53,-16.23,14.63,SHIFT_TO_ROW2
32.9,14.1,39.54,-16.25,14.63,SHIFT_TO_ROW2
32.9,14.1,39.55,-16.26,14.63,SHIFT_TO_ROW2
32.91,14.1,39.55,-16.28,14.63,SHIFT_TO_ROW2
32.91,14.1,39.56,-16.29,14.63,SHIFT_TO_ROW2
32.92,14.1,39.57,-16.31,14.63,SHIFT_TO_ROW2
32.92,14.1,39.58,-16.33,14.63,SHIFT_TO_ROW2
32.93,14.1,39.58,-16.34,14.63,SHIFT_TO_ROW2
32.94,14.1,39.59,-16.36,14.63,SHIFT_TO_ROW2
32.94,14.1,39.6,-16.37,14.63,SHIFT_TO_ROW2
32.95,14.1,39.6,-16.39,14.63,SHIFT_TO_ROW2
32.95,14.1,39.61,-16.4,14.63,SHIFT_TO_ROW2
32.96,14.1,39.62,-16.42,14.63,SHIFT_TO_ROW2
32.96,14.1,39.63,-16.44,14.63,SHIFT_TO_ROW2
32.97,14.1,39.63,-16.45,14.63,SHIFT_TO_ROW2
32.97,14.1,39.64,-16.47,14.63,SHIFT_TO_ROW2
32.98,14.1,39.65,-16.48,14.63,SHIFT_TO_ROW2
32.98,14.1,39.66,-16.5,14.63,SHIFT_TO_ROW2
32.99,14.1,39.66,-16.52,14.63,SHIFT_TO_ROW2
32.99,14.1,39.67,-16.53,14.63,SHIFT_TO_ROW2
33.0,14.1,39.68,-16.55,14.63,SHIFT_TO_ROW2
33.01,14.1,39.69,-16.56,14.63,SHIFT_TO_ROW2
33.01,14.1,39.69,-16.58,14.63,SHIFT_TO_ROW2
33.02,14.1,39.7,-16.6,14.63,SHIFT_TO_ROW2
33.02,14.1,39.71,-16.61,14.63,SHIFT_TO_ROW2
33.03,14.1,39.71,-16.63,14.63,SHIFT_TO_ROW2
33.03,14.1,39.72,-16.64,14.63,SHIFT_TO_ROW2
33.04,14.1,39.73,-16.66,14.63,SHIFT_TO_ROW2
33.05,14.1,39.74,-16.68,14.63,SHIFT_TO_ROW2
33.05,14.1,39.74,-16.69,14.63,SHIFT_TO_ROW2
33.06,14.1,39.75,-16.71,14.63,SHIFT_TO_ROW2
33.06,14.1,39.76,-16.72,14.63,SHIFT_TO_ROW2
33.07,14.1,39.76,-16.74,14.63,SHIFT_TO_ROW2
33.07,14.1,39.77,-16.76,14.63,SHIFT_TO_ROW2
33.08,14.1,39.78,-16.77,14.63,SHIFT_TO_ROW2
33.08,14.1,39.79,-16.79,14.63,SHIFT_TO_ROW2
33.09,14.1,39.79,-16.8,14.63,SHIFT_TO_ROW2
33.09,14.1,39.8,-16.82,14.63,SHIFT_TO_ROW2
33.1,14.1,39.81,-16.84,14.63,SHIFT_TO_ROW2
33.1,14.1,39.81,-16.85,14.63,SHIFT_TO_ROW2
33.11,14.1,39.82,-16.87,14.63,SHIFT_TO_ROW2
33.12,14.1,39.83,-16.88,14.63,SHIFT_TO_ROW2
33.12,14.1,39.84,-16.9,14.63,SHIFT_TO_ROW2
33.13,14.1,39.84,-16.92,14.63,SHIFT_TO_ROW2
33.13,14.1,39.85,-16.93,14.63,SHIFT_TO_ROW2
33.14,14.1,39.86,-16.95,14.63,SHIFT_TO_ROW2
33.14,14.1,39.86,-16.96,14.63,SHIFT_TO_ROW2
33.15,14.1,39.87,-16.98,14.63,SHIFT_TO_ROW2
33.15,14.1,39.88,-17.0,14.63,SHIFT_TO_ROW2
33.16,14.1,39.89,-17.01,14.63,SHIFT_TO_ROW2
33.16,14.1,39.89,-17.03,14.63,SHIFT_TO_ROW2
33.17,14.1,39.9,-17.05,14.63,SHIFT_TO_ROW2
33.18,14.1,39.91,-17.06,14.63,SHIFT_TO_ROW2
33.18,14.1,39.91,-17.08,14.63,SHIFT_TO_ROW2
33.19,14.1,39.92,-17.09,14.63,SHIFT_TO_ROW2
33.19,14.1,39.93,-17.11,14.63,SHIFT_TO_ROW2
33.2,14.1,39.94,-17.13,14.63,SHIFT_TO_ROW2
33.2,14.1,39.94,-17.14,14.63,SHIFT_TO_ROW2
33.21,14.1,39.95,-17.16,14.63,SHIFT_TO_ROW2
33.21,14.1,39.96,-17.17,14.63,SHIFT_TO_ROW2
33.22,14.1,39.96,-17.19,14.63,SHIFT_TO_ROW2
33.23,14.1,39.97,-17.21,14.63,SHIFT_TO_ROW2
33.23,14.1,39.98,-17.22,14.63,SHIFT_TO_ROW2
33.24,14.1,39.98,-17.24,14.63,SHIFT_TO_ROW2
33.25,14.1,39.99,-17.26,14.63,SHIFT_TO_ROW2
33.25,14.1,40.0,-17.27,14.63,SHIFT_TO_ROW2
33.26,14.1,40.01,-17.29,14.63,SHIFT_TO_ROW2
33.26,14.1,40.01,-17.3,14.63,SHIFT_TO_ROW2
33.27,14.1,40.02,-17.32,14.63,SHIFT_TO_ROW2
33.27,14.1,40.03,-17.34,14.63,SHIFT_TO_ROW2
33.28,14.1,40.03,-17.35,14.63,SHIFT_TO_ROW2
33.28,14.1,40.04,-17.37,14.63,SHIFT_TO_ROW2
33.29,14.1,40.05,-17.39,14.63,SHIFT_TO_ROW2
33.29,14.1,40.05,-17.4,14.63,SHIFT_TO_ROW2
33.3,14.1,40.06,-17.42,14.63,SHIFT_TO_ROW2
33.31,14.1,40.07,-17.43,14.63,SHIFT_TO_ROW2
33.32,14.1,40.08,-17.45,14.63,SHIFT_TO_ROW2
33.33,14.1,40.08,-17.47,14.63,SHIFT_TO_ROW2
33.33,14.1,40.09,-17.48,14.63,SHIFT_TO_ROW2
33.34,14.1,40.1,-17.5,14.63,SHIFT_TO_ROW2
33.35,14.1,40.1,-17.52,14.63,SHIFT_TO_ROW2
33.35,14.1,40.11,-17.53,14.63,SHIFT_TO_ROW2
33.36,14.1,40.12,-17.55,14.63,SHIFT_TO_ROW2
33.37,14.1,40.12,-17.57,14.63,SHIFT_TO_ROW2
33.38,14.1,40.13,-17.58,14.63,SHIFT_TO_ROW2
33.38,14.1,40.14,-17.6,14.63,SHIFT_TO_ROW2
33.4,14.1,40.14,-17.61,14.63,SHIFT_TO_ROW2
33.4,14.1,40.15,-17.63,14.63,SHIFT_TO_ROW2
33.41,14.1,40.16,-17.65,14.63,SHIFT_TO_ROW2
33.42,14.1,40.16,-17.66,14.63,SHIFT_TO_ROW2
33.43,14.1,40.17,-17.68,14.63,SHIFT_TO_ROW2
33.43,14.1,40.18,-17.7,14.63,SHIFT_TO_ROW2
33.44,14.1,40.19,-17.71,14.63,SHIFT_TO_ROW2
33.45,14.1,40.19,-17.73,14.63,SHIFT_TO_ROW2
33.46,14.1,40.2,-17.75,14.63,SHIFT_TO_ROW2
33.46,14.1,40.21,-17.76,14.63,SHIFT_TO_ROW2
33.47,14.1,40.21,-17.78,14.63,SHIFT_TO_ROW2
33.48,14.1,40.22,-17.8,14.63,SHIFT_TO_ROW2
33.48,14.1,40.23,-17.81,14.63,SHIFT_TO_ROW2
33.49,14.1,40.23,-17.83,14.63,SHIFT_TO_ROW2
33.5,14.1,40.24,-17.84,14.63,SHIFT_TO_ROW2
33.5,14.1,40.25,-17.86,14.63,SHIFT_TO_ROW2
33.51,14.1,40.25,-17.88,14.63,SHIFT_TO_ROW2
33.52,14.1,40.26,-17.89,14.63,SHIFT_TO_ROW2
33.53,14.1,40.27,-17.91,14.63,SHIFT_TO_ROW2
33.53,14.1,40.27,-17.93,14.63,SHIFT_TO_ROW2
33.54,14.1,40.28,-17.94,14.63,SHIFT_TO_ROW2
33.54,14.1,40.29,-17.96,14.63,SHIFT_TO_ROW2
33.55,14.1,40.29,-17.98,14.63,SHIFT_TO_ROW2
33.56,14.1,40.3,-17.99,14.63,SHIFT_TO_ROW2
33.57,14.1,40.31,-18.01,14.63,SHIFT_TO_ROW2
33.57,14.1,40.31,-18.03,14.63,SHIFT_TO_ROW2
33.58,14.1,40.32,-18.04,14.63,SHIFT_TO_ROW2
33.58,14.1,40.33,-18.06,14.63,SHIFT_TO_ROW2
33.59,14.1,40.33,-18.08,14.63,SHIFT_TO_ROW2
33.6,14.1,40.34,-18.09,14.63,SHIFT_TO_ROW2
33.6,14.1,40.35,-18.11,14.63,SHIFT_TO_ROW2
33.61,14.1,40.35,-18.13,14.63,SHIFT_TO_ROW2
33.62,14.1,40.36,-18.14,14.63,SHIFT_TO_ROW2
33.62,14.1,40.37,-18.16,14.63,SHIFT_TO_ROW2
33.63,14.1,40.37,-18.17,14.63,SHIFT_TO_ROW2
33.63,14.1,40.38,-18.19,14.63,SHIFT_TO_ROW2
33.64,14.1,40.39,-18.21,14.63,SHIFT_TO_ROW2
33.64,14.1,40.39,-18.22,14.63,SHIFT_TO_ROW2
33.65,14.1,40.4,-18.24,14.63,SHIFT_TO_ROW2
33.66,14.1,40.41,-18.26,14.63,SHIFT_TO_ROW2
33.66,14.1,40.41,-18.27,14.63,SHIFT_TO_ROW2
33.67,14.1,40.42,-18.29,14.63,SHIFT_TO_ROW2
33.67,14.1,40.43,-18.31,14.63,SHIFT_TO_ROW2
33.69,14.1,40.43,-18.32,14.63,SHIFT_TO_ROW2
33.69,14.1,40.44,-18.34,14.63,SHIFT_TO_ROW2
33.7,14.1,40.45,-18.36,14.63,SHIFT_TO_ROW2
33.71,14.1,40.45,-18.37,14.63,SHIFT_TO_ROW2
33.71,14.1,40.46,-18.39,14.63,SHIFT_TO_ROW2
33.72,14.1,40.47,-18.41,14.63,SHIFT_TO_ROW2
33.73,14.1,40.47,-18.42,14.63,SHIFT_TO_ROW2
33.73,14.1,40.48,-18.44,14.63,SHIFT_TO_ROW2
33.74,14.1,40.49,-18.46,14.63,SHIFT_TO_ROW2
33.74,14.1,40.49,-18.47,14.63,SHIFT_TO_ROW2
33.75,14.1,40.5,-18.49,14.63,SHIFT_TO_ROW2
33.76,14.1,40.51,-18.51,14.63,SHIFT_TO_ROW2
33.76,14.1,40.51,-18.52,14.63,SHIFT_TO_ROW2
33.77,14.1,40.52,-18.54,14.63,SHIFT_TO_ROW2
33.77,14.1,40.53,-18.56,14.63,SHIFT_TO_ROW2
33.78,14.1,40.53,-18.57,14.63,SHIFT_TO_ROW2
33.78,14.1,40.54,-18.59,14.63,SHIFT_TO_ROW2
33.79,14.1,40.55,-18.61,14.63,SHIFT_TO_ROW2
33.8,14.1,40.55,-18.62,14.63,SHIFT_TO_ROW2
33.8,14.1,40.56,-18.64,14.63,SHIFT_TO_ROW2
33.81,14.1,40.57,-18.66,14.63,SHIFT_TO_ROW2
33.81,14.1,40.57,-18.67,14.63,SHIFT_TO_ROW2
33.82,14.1,40.58,-18.69,14.63,SHIFT_TO_ROW2
33.82,14.1,40.58,-18.71,14.63,SHIFT_TO_ROW2
33.83,14.1,40.59,-18.72,14.63,SHIFT_TO_ROW2
33.83,14.1,40.6,-18.74,14.63,SHIFT_TO_ROW2
33.84,14.1,40.6,-18.76,14.63,SHIFT_TO_ROW2
33.84,14.1,40.61,-18.78,14.63,SHIFT_TO_ROW2
33.85,14.1,40.62,-18.79,14.63,SHIFT_TO_ROW2
33.86,14.1,40.62,-18.81,14.63,SHIFT_TO_ROW2
33.86,14.1,40.63,-18.83,14.63,SHIFT_TO_ROW2
33.87,14.1,40.64,-18.84,14.63,SHIFT_TO_ROW2
33.88,14.1,40.64,-18.86,14.63,SHIFT_TO_ROW2
33.88,14.1,40.65,-18.88,14.63,SHIFT_TO_ROW2
33.89,14.1,40.66,-18.89,14.63,SHIFT_TO_ROW2
33.89,14.1,40.66,-18.91,14.63,SHIFT_TO_ROW2
33.9,14.1,40.67,-18.93,14.63,SHIFT_TO_ROW2
33.9,14.1,40.67,-18.94,14.63,SHIFT_TO_ROW2
33.91,14.1,40.68,-18.96,14.63,SHIFT_TO_ROW2
33.91,14.1,40.69,-18.98,14.63,SHIFT_TO_ROW2
33.92,14.1,40.69,-18.99,14.63,SHIFT_TO_ROW2
33.93,14.1,40.7,-19.01,14.63,SHIFT_TO_ROW2
33.93,14.1,40.71,-19.03,14.63,SHIFT_TO_ROW2
33.94,14.1,40.71,-19.04,14.63,SHIFT_TO_ROW2
33.95,14.1,40.72,-19.06,14.63,SHIFT_TO_ROW2
33.95,14.1,40.73,-19.08,14.63,SHIFT_TO_ROW2
33.96,14.1,40.73,-19.1,14.63,SHIFT_TO_ROW2
33.97,14.1,40.74,-19.11,14.63,SHIFT_TO_ROW2
33.97,14.1,40.74,-19.13,14.63,SHIFT_TO_ROW2
33.98,14.1,40.75,-19.15,14.63,SHIFT_TO_ROW2
33.98,14.1,40.76,-19.16,14.63,SHIFT_TO_ROW2
33.99,14.1,40.76,-19.18,14.63,SHIFT_TO_ROW2
34.0,14.1,40.77,-19.2,14.63,SHIFT_TO_ROW2
34.0,14.1,40.78,-19.21,14.63,SHIFT_TO_ROW2
34.01,14.1,40.78,-19.23,14.63,SHIFT_TO_ROW2
34.01,14.1,40.79,-19.25,14.63,SHIFT_TO_ROW2
34.03,14.1,40.8,-19.26,14.63,SHIFT_TO_ROW2
34.03,14.1,40.8,-19.28,14.63,SHIFT_TO_ROW2
34.04,14.1,40.81,-19.3,14.63,SHIFT_TO_ROW2
34.04,14.1,40.81,-19.32,14.63,SHIFT_TO_ROW2
34.05,14.1,40.82,-19.33,14.63,SHIFT_TO_ROW2
34.06,14.1,40.83,-19.35,14.63,SHIFT_TO_ROW2
34.06,14.1,40.83,-19.37,14.63,SHIFT_TO_ROW2
34.07,14.1,40.84,-19.38,14.63,SHIFT_TO_ROW2
34.07,14.1,40.85,-19.4,14.63,SHIFT_TO_ROW2
34.08,14.1,40.85,-19.42,14.63,SHIFT_TO_ROW2
34.09,14.1,40.86,-19.43,14.63,SHIFT_TO_ROW2
34.09,14.1,40.86,-19.45,14.63,SHIFT_TO_ROW2
34.1,14.1,40.87,-19.47,14.63,SHIFT_TO_ROW2
34.11,14.1,40.88,-19.49,14.63,SHIFT_TO_ROW2
34.11,14.1,40.88,-19.5,14.63,SHIFT_TO_ROW2
34.12,14.1,40.89,-19.52,14.63,SHIFT_TO_ROW2
34.13,14.1,40.9,-19.54,14.63,SHIFT_TO_ROW2
34.13,14.1,40.9,-19.55,14.63,SHIFT_TO_ROW2
34.14,14.1,40.91,-19.57,14.63,SHIFT_TO_ROW2
34.15,14.1,40.91,-19.59,14.63,SHIFT_TO_ROW2
34.15,14.1,40.92,-19.6,14.63,SHIFT_TO_ROW2
34.16,14.1,40.93,-19.62,14.63,SHIFT_TO_ROW2
34.16,14.1,40.93,-19.64,14.63,SHIFT_TO_ROW2
34.17,14.1,40.94,-19.66,14.63,SHIFT_TO_ROW2
34.17,14.1,40.94,-19.67,14.63,SHIFT_TO_ROW2
34.18,14.1,40.95,-19.69,14.63,SHIFT_TO_ROW2
34.19,14.1,40.96,-19.71,14.63,SHIFT_TO_ROW2
34.19,14.1,40.96,-19.72,14.63,SHIFT_TO_ROW2
34.2,14.1,40.97,-19.74,14.63,SHIFT_TO_ROW2
34.21,14.1,40.98,-19.76,14.63,SHIFT_TO_ROW2
34.21,14.1,40.98,-19.78,14.63,SHIFT_TO_ROW2
34.22,14.1,40.99,-19.79,14.63,SHIFT_TO_ROW2
34.23,14.1,40.99,-19.81,14.63,SHIFT_TO_ROW2
34.24,14.1,41.0,-19.83,14.63,SHIFT_TO_ROW2
34.24,14.1,41.01,-19.84,14.63,SHIFT_TO_ROW2
34.25,14.1,41.01,-19.86,14.63,SHIFT_TO_ROW2
34.26,14.1,41.02,-19.88,14.63,SHIFT_TO_ROW2
34.27,14.1,41.02,-19.9,14.63,SHIFT_TO_ROW2
34.28,14.1,41.03,-19.91,14.63,SHIFT_TO_ROW2
34.28,14.1,41.04,-19.93,14.63,SHIFT_TO_ROW2
34.29,14.1,41.04,-19.95,14.63,SHIFT_TO_ROW2
34.29,14.1,41.05,-19.96,14.63,SHIFT_TO_ROW2
34.3,14.1,41.05,-19.98,14.63,SHIFT_TO_ROW2
34.3,14.1,41.06,-20.0,14.63,SHIFT_TO_ROW2
34.31,14.1,41.07,-20.02,14.63,SHIFT_TO_ROW2
34.31,14.1,41.07,-20.03,14.63,SHIFT_TO_ROW2
34.32,14.1,41.08,-20.05,14.63,SHIFT_TO_ROW2
34.33,14.1,41.08,-20.07,14.63,SHIFT_TO_ROW2
34.33,14.1,41.09,-20.08,14.63,SHIFT_TO_ROW2
34.34,14.1,41.1,-20.1,14.63,SHIFT_TO_ROW2
34.35,14.1,41.1,-20.12,14.63,SHIFT_TO_ROW2
34.36,14.1,41.11,-20.14,14.63,SHIFT_TO_ROW2
34.36,14.1,41.11,-20.15,14.63,SHIFT_TO_ROW2
34.37,14.1,41.12,-20.17,14.63,SHIFT_TO_ROW2
34.38,14.1,41.13,-20.19,14.63,SHIFT_TO_ROW2
34.38,14.1,41.13,-20.2,14.63,SHIFT_TO_ROW2
34.39,14.1,41.14,-20.22,14.63,SHIFT_TO_ROW2
34.39,14.1,41.14,-20.24,14.63,SHIFT_TO_ROW2
34.4,14.1,41.15,-20.26,14.63,SHIFT_TO_ROW2
34.41,14.1,41.16,-20.27,14.63,SHIFT_TO_ROW2
34.41,14.1,41.16,-20.29,14.63,SHIFT_TO_ROW2
34.42,14.1,41.17,-20.31,14.63,SHIFT_TO_ROW2
34.42,14.1,41.17,-20.33,14.63,SHIFT_TO_ROW2
34.43,14.1,41.18,-20.34,14.63,SHIFT_TO_ROW2
34.44,14.1,41.19,-20.36,14.63,SHIFT_TO_ROW2
34.44,14.1,41.19,-20.38,14.63,SHIFT_TO_ROW2
34.45,14.1,41.2,-20.39,14.63,SHIFT_TO_ROW2
34.45,14.1,41.2,-20.41,14.63,SHIFT_TO_ROW2
34.46,14.1,41.21,-20.43,14.63,SHIFT_TO_ROW2
34.46,14.1,41.22,-20.45,14.63,SHIFT_TO_ROW2
34.47,14.1,41.22,-20.46,14.63,SHIFT_TO_ROW2
34.47,14.1,41.23,-20.48,14.63,SHIFT_TO_ROW2
34.48,14.1,41.23,-20.5,14.63,SHIFT_TO_ROW2
34.48,14.1,41.24,-20.52,14.63,SHIFT_TO_ROW2
34.49,14.1,41.25,-20.53,14.63,SHIFT_TO_ROW2
34.5,14.1,41.25,-20.55,14.63,SHIFT_TO_ROW2
34.5,14.1,41.26,-20.57,14.63,SHIFT_TO_ROW2
34.51,14.1,41.26,-20.58,14.63,SHIFT_TO_ROW2
34.51,14.1,41.27,-20.6,14.63,SHIFT_TO_ROW2
34.52,14.1,41.28,-20.62,14.63,SHIFT_TO_ROW2
34.52,14.1,41.28,-20.64,14.63,SHIFT_TO_ROW2
34.53,14.1,41.29,-20.65,14.63,SHIFT_TO_ROW2
34.53,14.1,41.29,-20.67,14.63,SHIFT_TO_ROW2
34.54,14.1,41.3,-20.69,14.63,SHIFT_TO_ROW2
34.54,14.1,41.3,-20.71,14.63,SHIFT_TO_ROW2
34.55,14.1,41.31,-20.72,14.63,SHIFT_TO_ROW2
34.55,14.1,41.32,-20.74,14.63,SHIFT_TO_ROW2
34.56,14.1,41.32,-20.76,14.63,SHIFT_TO_ROW2
34.57,14.1,41.33,-20.78,14.63,SHIFT_TO_ROW2
34.57,14.1,41.33,-20.79,14.63,SHIFT_TO_ROW2
34.58,14.1,41.34,-20.81,14.63,SHIFT_TO_ROW2
34.58,14.1,41.35,-20.83,14.63,SHIFT_TO_ROW2
34.59,14.1,41.35,-20.85,14.63,SHIFT_TO_ROW2
34.59,14.1,41.36,-20.86,14.63,SHIFT_TO_ROW2
34.6,14.1,41.36,-20.88,14.63,SHIFT_TO_ROW2
34.6,14.1,41.37,-20.9,14.63,SHIFT_TO_ROW2
34.61,14.1,41.37,-20.92,14.63,SHIFT_TO_ROW2
34.62,14.1,41.38,-20.93,14.63,SHIFT_TO_ROW2
34.62,14.1,41.39,-20.95,14.63,SHIFT_TO_ROW2
34.63,14.1,41.39,-20.97,14.63,SHIFT_TO_ROW2
34.64,14.1,41.4,-20.99,14.63,SHIFT_TO_ROW2
34.64,14.1,41.4,-21.0,14.63,SHIFT_TO_ROW2
34.65,14.1,41.41,-21.02,14.63,SHIFT_TO_ROW2
34.65,14.1,41.41,-21.04,14.63,SHIFT_TO_ROW2
34.66,14.1,41.42,-21.05,14.63,SHIFT_TO_ROW2
34.66,14.1,41.43,-21.07,14.63,SHIFT_TO_ROW2
34.67,14.1,41.43,-21.09,14.63,SHIFT_TO_ROW2
34.67,14.1,41.44,-21.11,14.63,SHIFT_TO_ROW2
34.68,14.1,41.44,-21.12,14.63,SHIFT_TO_ROW2
34.68,14.1,41.45,-21.14,14.63,SHIFT_TO_ROW2
34.69,14.1,41.45,-21.16,14.63,SHIFT_TO_ROW2
34.69,14.1,41.46,-21.18,14.63,SHIFT_TO_ROW2
34.7,14.1,41.47,-21.19,14.63,SHIFT_TO_ROW2
34.71,14.1,41.47,-21.21,14.63,SHIFT_TO_ROW2
34.71,14.1,41.48,-21.23,14.63,SHIFT_TO_ROW2
34.72,14.1,41.48,-21.25,14.63,SHIFT_TO_ROW2
34.72,14.1,41.49,-21.27,14.63,SHIFT_TO_ROW2
34.73,14.1,41.49,-21.28,14.63,SHIFT_TO_ROW2
34.73,14.1,41.5,-21.3,14.63,SHIFT_TO_ROW2
34.74,14.1,41.51,-21.32,14.63,SHIFT_TO_ROW2
34.74,14.1,41.51,-21.34,14.63,SHIFT_TO_ROW2
34.75,14.1,41.52,-21.35,14.63,SHIFT_TO_ROW2
34.75,14.1,41.52,-21.37,14.63,SHIFT_TO_ROW2
34.76,14.1,41.53,-21.39,14.63,SHIFT_TO_ROW2
34.76,14.1,41.53,-21.41,14.63,SHIFT_TO_ROW2
34.77,14.1,41.54,-21.42,14.63,SHIFT_TO_ROW2
34.78,14.1,41.54,-21.44,14.63,SHIFT_TO_ROW2
34.78,14.1,41.55,-21.46,14.63,SHIFT_TO_ROW2
34.79,14.1,41.56,-21.48,14.63,SHIFT_TO_ROW2
34.79,14.1,41.56,-21.49,14.63,SHIFT_TO_ROW2
34.8,14.1,41.57,-21.51,14.63,SHIFT_TO_ROW2
34.8,14.1,41.57,-21.53,14.63,SHIFT_TO_ROW2
34.81,14.1,41.58,-21.55,14.63,SHIFT_TO_ROW2
34.81,14.1,41.58,-21.56,14.63,SHIFT_TO_ROW2
34.82,14.1,41.59,-21.58,14.63,SHIFT_TO_ROW2
34.83,14.1,41.6,-21.6,14.63,SHIFT_TO_ROW2
34.83,14.1,41.6,-21.62,14.63,SHIFT_TO_ROW2
34.84,14.1,41.61,-21.63,14.63,SHIFT_TO_ROW2
34.84,14.1,41.61,-21.65,14.63,SHIFT_TO_ROW2
34.85,14.1,41.62,-21.67,14.63,SHIFT_TO_ROW2
34.86,14.1,41.62,-21.69,14.63,SHIFT_TO_ROW2
34.86,14.1,41.63,-21.7,14.63,SHIFT_TO_ROW2
34.87,14.1,41.63,-21.72,14.63,SHIFT_TO_ROW2
34.87,14.1,41.64,-21.74,14.63,SHIFT_TO_ROW2
34.88,14.1,41.64,-21.76,14.63,SHIFT_TO_ROW2
34.88,14.1,41.65,-21.78,14.63,SHIFT_TO_ROW2
34.89,14.1,41.66,-21.79,14.63,SHIFT_TO_ROW2
34.89,14.1,41.66,-21.81,14.63,SHIFT_TO_ROW2
34.9,14.1,41.67,-21.83,14.63,SHIFT_TO_ROW2
34.9,14.1,41.67,-21.85,14.63,SHIFT_TO_ROW2
34.91,14.1,41.68,-21.86,14.63,SHIFT_TO_ROW2
34.92,14.1,41.68,-21.88,14.63,SHIFT_TO_ROW2
34.92,14.1,41.69,-21.9,14.63,SHIFT_TO_ROW2
34.93,14.1,41.69,-21.92,14.63,SHIFT_TO_ROW2
34.93,14.1,41.7,-21.93,14.63,SHIFT_TO_ROW2
34.94,14.1,41.71,-21.95,14.63,SHIFT_TO_ROW2
34.94,14.1,41.71,-21.97,14.63,SHIFT_TO_ROW2
34.95,14.1,41.72,-21.99,14.63,SHIFT_TO_ROW2
34.95,14.1,41.72,-22.01,14.63,SHIFT_TO_ROW2
34.96,14.1,41.73,-22.02,14.63,SHIFT_TO_ROW2
34.97,14.1,41.73,-22.04,14.63,SHIFT_TO_ROW2
34.97,14.1,41.74,-22.06,14.63,SHIFT_TO_ROW2
34.98,14.1,41.74,-22.08,14.63,SHIFT_TO_ROW2
34.98,14.1,41.75,-22.09,14.63,SHIFT_TO_ROW2
34.99,14.1,41.75,-22.11,14.63,SHIFT_TO_ROW2
34.99,14.1,41.76,-22.13,14.63,SHIFT_TO_ROW2
35.0,14.1,41.77,-22.15,14.63,SHIFT_TO_ROW2
35.0,14.1,41.77,-22.17,14.63,SHIFT_TO_ROW2
35.01,14.1,41.78,-22.18,14.63,SHIFT_TO_ROW2
35.01,14.1,41.78,-22.2,14.63,SHIFT_TO_ROW2
35.02,14.1,41.79,-22.22,14.63,SHIFT_TO_ROW2
35.03,14.1,41.79,-22.24,14.63,SHIFT_TO_ROW2
35.03,14.1,41.8,-22.25,14.63,SHIFT_TO_ROW2
35.04,14.1,41.8,-22.27,14.63,SHIFT_TO_ROW2
35.04,14.1,41.81,-22.29,14.63,SHIFT_TO_ROW2
35.05,14.1,41.81,-22.31,14.63,SHIFT_TO_ROW2
35.06,14.1,41.82,-22.33,14.63,SHIFT_TO_ROW2
35.07,14.1,41.82,-22.34,14.63,SHIFT_TO_ROW2
35.08,14.1,41.83,-22.36,14.63,SHIFT_TO_ROW2
35.08,14.1,41.84,-22.38,14.63,SHIFT_TO_ROW2
35.09,14.1,41.84,-22.4,14.63,SHIFT_TO_ROW2
35.09,14.1,41.85,-22.41,14.63,SHIFT_TO_ROW2
35.1,14.1,41.85,-22.43,14.63,SHIFT_TO_ROW2
35.11,14.1,41.86,-22.45,14.63,SHIFT_TO_ROW2
35.12,14.1,41.86,-22.47,14.63,SHIFT_TO_ROW2
35.12,14.1,41.87,-22.49,14.63,SHIFT_TO_ROW2
35.13,14.1,41.87,-22.5,14.63,SHIFT_TO_ROW2
35.13,14.1,41.88,-22.52,14.63,SHIFT_TO_ROW2
35.16,14.1,41.88,-22.54,14.63,SHIFT_TO_ROW2
35.17,14.1,41.89,-22.56,14.63,SHIFT_TO_ROW2
35.18,14.1,41.89,-22.57,14.63,SHIFT_TO_ROW2
35.18,14.1,41.9,-22.59,14.63,SHIFT_TO_ROW2
35.19,14.1,41.9,-22.61,14.63,SHIFT_TO_ROW2
35.2,14.1,41.91,-22.63,14.63,SHIFT_TO_ROW2
35.2,14.1,41.91,-22.65,14.63,SHIFT_TO_ROW2
35.21,14.1,41.92,-22.66,14.63,SHIFT_TO_ROW2
35.21,14.1,41.93,-22.68,14.63,SHIFT_TO_ROW2
35.22,14.1,41.93,-22.7,14.63,SHIFT_TO_ROW2
35.22,14.1,41.94,-22.72,14.63,SHIFT_TO_ROW2
35.23,14.1,41.94,-22.74,14.63,SHIFT_TO_ROW2
35.24,14.1,41.95,-22.75,14.63,SHIFT_TO_ROW2
35.24,14.1,41.95,-22.77,14.63,SHIFT_TO_ROW2
35.25,14.1,41.96,-22.79,14.63,SHIFT_TO_ROW2
35.25,14.1,41.96,-22.81,14.63,SHIFT_TO_ROW2
35.26,14.1,41.97,-22.83,14.63,SHIFT_TO_ROW2
35.26,14.1,41.97,-22.84,14.63,SHIFT_TO_ROW2
35.27,14.1,41.98,-22.86,14.63,SHIFT_TO_ROW2
35.27,14.1,41.98,-22.88,14.63,SHIFT_TO_ROW2
35.28,14.1,41.99,-22.9,14.63,SHIFT_TO_ROW2
35.29,14.1,41.99,-22.92,14.63,SHIFT_TO_ROW2
35.29,14.1,42.0,-22.93,14.63,SHIFT_TO_ROW2
35.3,14.1,42.0,-22.95,14.63,SHIFT_TO_ROW2
35.3,14.1,42.01,-22.97,14.63,SHIFT_TO_ROW2
35.31,14.1,42.01,-22.99,14.63,SHIFT_TO_ROW2
35.31,14.1,42.02,-23.0,14.63,SHIFT_TO_ROW2
35.32,14.1,42.02,-23.02,14.63,SHIFT_TO_ROW2
35.32,14.1,42.03,-23.04,14.63,SHIFT_TO_ROW2
35.33,14.1,42.04,-23.06,14.63,SHIFT_TO_ROW2
35.34,14.1,42.04,-23.08,14.63,SHIFT_TO_ROW2
35.34,14.1,42.05,-23.09,14.63,SHIFT_TO_ROW2
35.35,14.1,42.05,-23.11,14.63,SHIFT_TO_ROW2
35.35,14.1,42.06,-23.13,14.63,SHIFT_TO_ROW2
35.36,14.1,42.06,-23.15,14.63,SHIFT_TO_ROW2
35.36,14.1,42.07,-23.17,14.63,SHIFT_TO_ROW2
35.37,14.1,42.07,-23.18,14.63,SHIFT_TO_ROW2
35.37,14.1,42.08,-23.2,14.63,SHIFT_TO_ROW2
35.38,14.1,42.08,-23.22,14.63,SHIFT_TO_ROW2
35.38,14.1,42.09,-23.24,14.63,SHIFT_TO_ROW2
35.39,14.1,42.09,-23.26,14.63,SHIFT_TO_ROW2
35.4,14.1,42.1,-23.27,14.63,SHIFT_TO_ROW2
35.4,14.1,42.1,-23.29,14.63,SHIFT_TO_ROW2
35.41,14.1,42.11,-23.31,14.63,SHIFT_TO_ROW2
35.41,14.1,42.11,-23.33,14.63,SHIFT_TO_ROW2
35.42,14.1,42.12,-23.35,14.63,SHIFT_TO_ROW2
35.42,14.1,42.12,-23.37,14.63,SHIFT_TO_ROW2
35.43,14.1,42.13,-23.38,14.63,SHIFT_TO_ROW2
35.43,14.1,42.13,-23.4,14.63,SHIFT_TO_ROW2
35.44,14.1,42.14,-23.42,14.63,SHIFT_TO_ROW2
35.45,14.1,42.14,-23.44,14.63,SHIFT_TO_ROW2
35.45,14.1,42.15,-23.46,14.63,SHIFT_TO_ROW2
35.46,14.1,42.15,-23.47,14.63,SHIFT_TO_ROW2
35.46,14.1,42.16,-23.49,14.63,SHIFT_TO_ROW2
35.47,14.1,42.16,-23.51,14.63,SHIFT_TO_ROW2
35.47,14.1,42.17,-23.53,14.63,SHIFT_TO_ROW2
35.48,14.1,42.17,-23.55,14.63,SHIFT_TO_ROW2
35.48,14.1,42.18,-23.56,14.63,SHIFT_TO_ROW2
35.49,14.1,42.18,-23.58,14.63,SHIFT_TO_ROW2
35.49,14.1,42.19,-23.6,14.63,SHIFT_TO_ROW2
35.5,14.1,42.19,-23.62,14.63,SHIFT_TO_ROW2
35.5,14.1,42.2,-23.64,14.63,SHIFT_TO_ROW2
35.51,14.1,42.2,-23.65,14.63,SHIFT_TO_ROW2
35.51,14.1,42.21,-23.67,14.63,SHIFT_TO_ROW2
35.52,14.1,42.21,-23.69,14.63,SHIFT_TO_ROW2
35.53,14.1,42.22,-23.71,14.63,SHIFT_TO_ROW2
35.53,14.1,42.22,-23.73,14.63,SHIFT_TO_ROW2
35.54,14.1,42.23,-23.74,14.63,SHIFT_TO_ROW2
35.54,14.1,42.23,-23.76,14.63,SHIFT_TO_ROW2
35.55,14.1,42.24,-23.78,14.63,SHIFT_TO_ROW2
35.55,14.1,42.24,-23.8,14.63,SHIFT_TO_ROW2
35.56,14.1,42.25,-23.82,14.63,SHIFT_TO_ROW2
35.56,14.1,42.25,-23.84,14.63,SHIFT_TO_ROW2
35.57,14.1,42.26,-23.85,14.63,SHIFT_TO_ROW2
35.57,14.1,42.26,-23.87,14.63,SHIFT_TO_ROW2
35.58,14.1,42.27,-23.89,14.63,SHIFT_TO_ROW2
35.58,14.1,42.27,-23.91,14.63,SHIFT_TO_ROW2
35.59,14.1,42.28,-23.93,14.63,SHIFT_TO_ROW2
35.6,14.1,42.28,-23.94,14.63,SHIFT_TO_ROW2
35.6,14.1,42.29,-23.96,14.63,SHIFT_TO_ROW2
35.61,14.1,42.29,-23.98,14.63,SHIFT_TO_ROW2
35.61,14.1,42.3,-24.0,14.63,SHIFT_TO_ROW2
35.62,14.1,42.3,-24.02,14.63,SHIFT_TO_ROW2
35.62,14.1,42.31,-24.04,14.63,SHIFT_TO_ROW2
35.63,14.1,42.31,-24.05,14.63,SHIFT_TO_ROW2
35.63,14.1,42.32,-24.07,14.63,SHIFT_TO_ROW2
35.64,14.1,42.32,-24.09,14.63,SHIFT_TO_ROW2
35.64,14.1,42.33,-24.11,14.63,SHIFT_TO_ROW2
35.65,14.1,42.33,-24.13,14.63,SHIFT_TO_ROW2
35.65,14.1,42.34,-24.14,14.63,SHIFT_TO_ROW2
35.66,14.1,42.34,-24.16,14.63,SHIFT_TO_ROW2
35.66,14.1,42.35,-24.18,14.63,SHIFT_TO_ROW2
35.67,14.1,42.35,-24.2,14.63,SHIFT_TO_ROW2
35.67,14.1,42.36,-24.22,14.63,SHIFT_TO_ROW2
35.68,14.1,42.36,-24.24,14.63,SHIFT_TO_ROW2
35.69,14.1,42.37,-24.25,14.63,SHIFT_TO_ROW2
35.69,14.1,42.37,-24.27,14.63,SHIFT_TO_ROW2
35.7,14.1,42.38,-24.29,14.63,SHIFT_TO_ROW2
35.7,14.1,42.38,-24.31,14.63,SHIFT_TO_ROW2
35.71,14.1,42.39,-24.33,14.63,SHIFT_TO_ROW2
35.71,14.1,42.39,-24.35,14.63,SHIFT_TO_ROW2
35.72,14.1,42.4,-24.36,14.63,SHIFT_TO_ROW2
35.72,14.1,42.4,-24.38,14.63,SHIFT_TO_ROW2
35.73,14.1,42.4,-24.4,14.63,SHIFT_TO_ROW2
35.73,14.1,42.41,-24.42,14.63,SHIFT_TO_ROW2
35.74,14.1,42.41,-24.44,14.63,SHIFT_TO_ROW2
35.74,14.1,42.42,-24.45,14.63,SHIFT_TO_ROW2
35.75,14.1,42.42,-24.47,14.63,SHIFT_TO_ROW2
35.75,14.1,42.43,-24.49,14.63,SHIFT_TO_ROW2
35.76,14.1,42.43,-24.51,14.63,SHIFT_TO_ROW2
35.76,14.1,42.44,-24.53,14.63,SHIFT_TO_ROW2
35.77,14.1,42.44,-24.55,14.63,SHIFT_TO_ROW2
35.77,14.1,42.45,-24.56,14.63,SHIFT_TO_ROW2
35.78,14.1,42.45,-24.58,14.63,SHIFT_TO_ROW2
35.79,14.1,42.46,-24.6,14.63,SHIFT_TO_ROW2
35.79,14.1,42.46,-24.62,14.63,SHIFT_TO_ROW2
35.8,14.1,42.47,-24.64,14.63,SHIFT_TO_ROW2
35.8,14.1,42.47,-24.66,14.63,SHIFT_TO_ROW2
35.81,14.1,42.48,-24.67,14.63,SHIFT_TO_ROW2
35.81,14.1,42.48,-24.69,14.63,SHIFT_TO_ROW2
35.82,14.1,42.49,-24.71,14.63,SHIFT_TO_ROW2
35.82,14.1,42.49,-24.73,14.63,SHIFT_TO_ROW2
35.83,14.1,42.5,-24.75,14.63,SHIFT_TO_ROW2
35.84,14.1,42.5,-24.77,14.63,SHIFT_TO_ROW2
35.84,14.1,42.51,-24.78,14.63,SHIFT_TO_ROW2
35.85,14.1,42.51,-24.8,14.63,SHIFT_TO_ROW2
35.85,14.1,42.51,-24.82,14.63,SHIFT_TO_ROW2
35.86,14.1,42.52,-24.84,14.63,SHIFT_TO_ROW2
35.86,14.1,42.52,-24.86,14.63,SHIFT_TO_ROW2
35.87,14.1,42.53,-24.88,14.63,SHIFT_TO_ROW2
35.87,14.1,42.53,-24.89,14.63,SHIFT_TO_ROW2
35.88,14.1,42.54,-24.91,14.63,SHIFT_TO_ROW2
35.89,14.1,42.54,-24.93,14.63,SHIFT_TO_ROW2
35.89,14.1,42.55,-24.95,14.63,SHIFT_TO_ROW2
35.9,14.1,42.55,-24.97,14.63,SHIFT_TO_ROW2
35.9,14.1,42.56,-24.99,14.63,SHIFT_TO_ROW2
35.91,14.1,42.56,-25.0,14.63,SHIFT_TO_ROW2
35.91,14.1,42.57,-25.02,14.63,SHIFT_TO_ROW2
35.92,14.1,42.57,-25.04,14.63,SHIFT_TO_ROW2
35.92,14.1,42.58,-25.06,14.63,SHIFT_TO_ROW2
35.93,14.1,42.58,-25.08,14.63,SHIFT_TO_ROW2
35.93,14.1,42.58,-25.1,14.63,SHIFT_TO_ROW2
35.94,14.1,42.59,-25.12,14.63,SHIFT_TO_ROW2
35.94,14.1,42.59,-25.13,14.63,SHIFT_TO_ROW2
35.95,14.1,42.6,-25.15,14.63,SHIFT_TO_ROW2
35.95,14.1,42.6,-25.17,14.63,SHIFT_TO_ROW2
35.96,14.1,42.61,-25.19,14.63,SHIFT_TO_ROW2
35.96,14.1,42.61,-25.21,14.63,SHIFT_TO_ROW2
35.97,14.1,42.62,-25.23,14.63,SHIFT_TO_ROW2
35.97,14.1,42.62,-25.24,14.63,SHIFT_TO_ROW2
35.98,14.1,42.63,-25.26,14.63,SHIFT_TO_ROW2
35.98,14.1,42.63,-25.28,14.63,SHIFT_TO_ROW2
35.99,14.1,42.64,-25.3,14.63,SHIFT_TO_ROW2
36.0,14.1,42.64,-25.32,14.63,SHIFT_TO_ROW2
36.0,14.1,42.65,-25.34,14.63,SHIFT_TO_ROW2
36.01,14.1,42.65,-25.35,14.63,SHIFT_TO_ROW2
36.01,14.1,42.65,-25.37,14.63,SHIFT_TO_ROW2
36.02,14.1,42.66,-25.39,14.63,SHIFT_TO_ROW2
36.02,14.1,42.66,-25.41,14.63,SHIFT_TO_ROW2
36.03,14.1,42.67,-25.43,14.63,SHIFT_TO_ROW2
36.03,14.1,42.67,-25.45,14.63,SHIFT_TO_ROW2
36.04,14.1,42.68,-25.47,14.63,SHIFT_TO_ROW2
36.04,14.1,42.68,-25.48,14.63,SHIFT_TO_ROW2
36.05,14.1,42.69,-25.5,14.63,SHIFT_TO_ROW2
36.05,14.1,42.69,-25.52,14.63,SHIFT_TO_ROW2
36.06,14.1,42.7,-25.54,14.63,SHIFT_TO_ROW2
36.06,14.1,42.7,-25.56,14.63,SHIFT_TO_ROW2
36.07,14.1,42.7,-25.58,14.63,SHIFT_TO_ROW2
36.08,14.1,42.71,-25.59,14.63,SHIFT_TO_ROW2
36.08,14.1,42.71,-25.61,14.63,SHIFT_TO_ROW2
36.09,14.1,42.72,-25.63,14.63,SHIFT_TO_ROW2
36.1,14.1,42.72,-25.65,14.63,SHIFT_TO_ROW2
36.1,14.1,42.73,-25.67,14.63,SHIFT_TO_ROW2
36.11,14.1,42.73,-25.69,14.63,SHIFT_TO_ROW2
36.11,14.1,42.74,-25.71,14.63,SHIFT_TO_ROW2
36.12,14.1,42.74,-25.72,14.63,SHIFT_TO_ROW2
36.12,14.1,42.75,-25.74,14.63,SHIFT_TO_ROW2
36.13,14.1,42.75,-25.76,14.63,SHIFT_TO_ROW2
36.13,14.1,42.75,-25.78,14.63,SHIFT_TO_ROW2
36.14,14.1,42.76,-25.8,14.63,SHIFT_TO_ROW2
36.14,14.1,42.76,-25.82,14.63,SHIFT_TO_ROW2
36.15,14.1,42.77,-25.84,14.63,SHIFT_TO_ROW2
36.16,14.1,42.77,-25.85,14.63,SHIFT_TO_ROW2
36.16,14.1,42.78,-25.87,14.63,SHIFT_TO_ROW2
36.17,14.1,42.78,-25.89,14.63,SHIFT_TO_ROW2
36.17,14.1,42.79,-25.91,14.63,SHIFT_TO_ROW2
36.18,14.1,42.79,-25.93,14.63,SHIFT_TO_ROW2
36.18,14.1,42.79,-25.95,14.63,SHIFT_TO_ROW2
36.19,14.1,42.8,-25.97,14.63,SHIFT_TO_ROW2
36.19,14.1,42.8,-25.98,14.63,SHIFT_TO_ROW2
36.2,14.1,42.81,-26.0,14.63,SHIFT_TO_ROW2
36.2,14.1,42.81,-26.02,14.63,SHIFT_TO_ROW2
36.21,14.1,42.82,-26.04,14.63,SHIFT_TO_ROW2
36.22,14.1,42.82,-26.06,14.63,SHIFT_TO_ROW2
36.22,14.1,42.83,-26.08,14.63,SHIFT_TO_ROW2
36.23,14.1,42.83,-26.1,14.63,SHIFT_TO_ROW2
36.23,14.1,42.83,-26.11,14.63,SHIFT_TO_ROW2
36.24,14.1,42.84,-26.13,14.63,SHIFT_TO_ROW2
36.24,14.1,42.84,-26.15,14.63,SHIFT_TO_ROW2
36.25,14.1,42.85,-26.17,14.63,SHIFT_TO_ROW2
36.25,14.1,42.85,-26.19,14.63,SHIFT_TO_ROW2
36.26,14.1,42.86,-26.21,14.63,SHIFT_TO_ROW2
36.26,14.1,42.86,-26.23,14.63,SHIFT_TO_ROW2
36.27,14.1,42.87,-26.24,14.63,SHIFT_TO_ROW2
36.27,14.1,42.87,-26.26,14.63,SHIFT_TO_ROW2
36.28,14.1,42.87,-26.28,14.63,SHIFT_TO_ROW2
36.29,14.1,42.88,-26.3,14.63,SHIFT_TO_ROW2
36.29,14.1,42.88,-26.32,14.63,SHIFT_TO_ROW2
36.3,14.1,42.89,-26.34,14.63,SHIFT_TO_ROW2
36.3,14.1,42.89,-26.36,14.63,SHIFT_TO_ROW2
36.31,14.1,42.9,-26.37,14.63,SHIFT_TO_ROW2
36.32,14.1,42.9,-26.39,14.63,SHIFT_TO_ROW2
36.32,14.1,42.91,-26.41,14.63,SHIFT_TO_ROW2
36.33,14.1,42.91,-26.43,14.63,SHIFT_TO_ROW2
36.33,14.1,42.91,-26.45,14.63,SHIFT_TO_ROW2
36.34,14.1,42.92,-26.47,14.63,SHIFT_TO_ROW2
36.34,14.1,42.92,-26.49,14.63,SHIFT_TO_ROW2
36.35,14.1,42.93,-26.5,14.63,SHIFT_TO_ROW2
36.35,14.1,42.93,-26.52,14.63,SHIFT_TO_ROW2
36.36,14.1,42.94,-26.54,14.63,SHIFT_TO_ROW2
36.37,14.1,42.94,-26.56,14.63,SHIFT_TO_ROW2
36.37,14.1,42.94,-26.58,14.63,SHIFT_TO_ROW2
36.38,14.1,42.95,-26.6,14.63,SHIFT_TO_ROW2
36.38,14.1,42.95,-26.62,14.63,SHIFT_TO_ROW2
36.39,14.1,42.96,-26.64,14.63,SHIFT_TO_ROW2
36.4,14.1,42.96,-26.65,14.63,SHIFT_TO_ROW2
36.4,14.1,42.97,-26.67,14.63,SHIFT_TO_ROW2
36.41,14.1,42.97,-26.69,14.63,SHIFT_TO_ROW2
36.41,14.1,42.97,-26.71,14.63,SHIFT_TO_ROW2
36.42,14.1,42.98,-26.73,14.63,SHIFT_TO_ROW2
36.42,14.1,42.98,-26.75,14.63,SHIFT_TO_ROW2
36.43,14.1,42.99,-26.77,14.63,SHIFT_TO_ROW2
36.43,14.1,42.99,-26.79,14.63,SHIFT_TO_ROW2
36.44,14.1,43.0,-26.8,14.63,SHIFT_TO_ROW2
36.44,14.1,43.0,-26.82,14.63,SHIFT_TO_ROW2
36.45,14.1,43.0,-26.84,14.63,SHIFT_TO_ROW2
36.45,14.1,43.01,-26.86,14.63,SHIFT_TO_ROW2
36.46,14.1,43.01,-26.88,14.63,SHIFT_TO_ROW2
36.47,14.1,43.02,-26.9,14.63,SHIFT_TO_ROW2
36.47,14.1,43.02,-26.92,14.63,SHIFT_TO_ROW2
36.48,14.1,43.03,-26.93,14.63,SHIFT_TO_ROW2
36.48,14.1,43.03,-26.95,14.63,SHIFT_TO_ROW2
36.49,14.1,43.03,-26.97,14.63,SHIFT_TO_ROW2
36.49,14.1,43.04,-26.99,14.63,SHIFT_TO_ROW2
36.5,14.1,43.04,-27.01,14.63,SHIFT_TO_ROW2
36.5,14.1,43.05,-27.03,14.63,SHIFT_TO_ROW2
36.51,14.1,43.05,-27.05,14.63,SHIFT_TO_ROW2
36.51,14.1,43.06,-27.07,14.63,SHIFT_TO_ROW2
36.52,14.1,43.06,-27.08,14.63,SHIFT_TO_ROW2
36.52,14.1,43.06,-27.1,14.63,SHIFT_TO_ROW2
36.53,14.1,43.07,-27.12,14.63,SHIFT_TO_ROW2
36.54,14.1,43.07,-27.14,14.63,SHIFT_TO_ROW2
36.54,14.1,43.08,-27.16,14.63,SHIFT_TO_ROW2
36.55,14.1,43.08,-27.18,14.63,SHIFT_TO_ROW2
36.55,14.1,43.08,-27.2,14.63,SHIFT_TO_ROW2
36.56,14.1,43.09,-27.22,14.63,SHIFT_TO_ROW2
36.56,14.1,43.09,-27.23,14.63,SHIFT_TO_ROW2
36.57,14.1,43.1,-27.25,14.63,SHIFT_TO_ROW2
36.58,14.1,43.1,-27.27,14.63,SHIFT_TO_ROW2
36.58,14.1,43.11,-27.29,14.63,SHIFT_TO_ROW2
36.59,14.1,43.11,-27.31,14.63,SHIFT_TO_ROW2
36.59,14.1,43.11,-27.33,14.63,SHIFT_TO_ROW2
36.6,14.1,43.12,-27.35,14.63,SHIFT_TO_ROW2
36.61,14.1,43.12,-27.37,14.63,SHIFT_TO_ROW2
36.61,14.1,43.13,-27.38,14.63,SHIFT_TO_ROW2
36.62,14.1,43.13,-27.4,14.63,SHIFT_TO_ROW2
36.63,14.1,43.13,-27.42,14.63,SHIFT_TO_ROW2
36.63,14.1,43.14,-27.44,14.63,SHIFT_TO_ROW2
36.64,14.1,43.14,-27.46,14.63,SHIFT_TO_ROW2
36.64,14.1,43.15,-27.48,14.63,SHIFT_TO_ROW2
36.65,14.1,43.15,-27.5,14.63,SHIFT_TO_ROW2
36.66,14.1,43.16,-27.52,14.63,SHIFT_TO_ROW2
36.66,14.1,43.16,-27.54,14.63,SHIFT_TO_ROW2
36.67,14.1,43.16,-27.55,14.63,SHIFT_TO_ROW2
36.67,14.1,43.17,-27.57,14.63,SHIFT_TO_ROW2
36.68,14.1,43.17,-27.59,14.63,SHIFT_TO_ROW2
36.68,14.1,43.18,-27.61,14.63,SHIFT_TO_ROW2
36.69,14.1,43.18,-27.63,14.63,SHIFT_TO_ROW2
36.69,14.1,43.18,-27.65,14.63,SHIFT_TO_ROW2
36.7,14.1,43.19,-27.67,14.63,SHIFT_TO_ROW2
36.7,14.1,43.19,-27.69,14.63,SHIFT_TO_ROW2
36.71,14.1,43.2,-27.7,14.63,SHIFT_TO_ROW2
36.71,14.1,43.2,-27.72,14.63,SHIFT_TO_ROW2
36.72,14.1,43.2,-27.74,14.63,SHIFT_TO_ROW2
36.72,14.1,43.21,-27.76,14.63,SHIFT_TO_ROW2
36.73,14.1,43.21,-27.78,14.63,SHIFT_TO_ROW2
36.74,14.1,43.22,-27.8,14.63,SHIFT_TO_ROW2
36.74,14.1,43.22,-27.82,14.63,SHIFT_TO_ROW2
36.75,14.1,43.22,-27.84,14.63,SHIFT_TO_ROW2
36.75,14.1,43.23,-27.86,14.63,SHIFT_TO_ROW2
36.76,14.1,43.23,-27.87,14.63,SHIFT_TO_ROW2
36.76,14.1,43.24,-27.89,14.63,SHIFT_TO_ROW2
36.77,14.1,43.24,-27.91,14.63,SHIFT_TO_ROW2
36.77,14.1,43.25,-27.93,14.63,SHIFT_TO_ROW2
36.78,14.1,43.25,-27.95,14.63,SHIFT_TO_ROW2
36.78,14.1,43.25,-27.97,14.63,SHIFT_TO_ROW2
36.79,14.1,43.26,-27.99,14.63,SHIFT_TO_ROW2
36.79,14.1,43.26,-28.01,14.63,SHIFT_TO_ROW2
36.8,14.1,43.27,-28.03,14.63,SHIFT_TO_ROW2
36.8,14.1,43.27,-28.04,14.63,SHIFT_TO_ROW2
36.81,14.1,43.27,-28.06,14.63,SHIFT_TO_ROW2
36.82,14.1,43.28,-28.08,14.63,SHIFT_TO_ROW2
36.82,14.1,43.28,-28.1,14.63,SHIFT_TO_ROW2
36.83,14.1,43.29,-28.12,14.63,SHIFT_TO_ROW2
36.83,14.1,43.29,-28.14,14.63,SHIFT_TO_ROW2
36.84,14.1,43.29,-28.16,14.63,SHIFT_TO_ROW2
36.84,14.1,43.3,-28.18,14.63,SHIFT_TO_ROW2
36.85,14.1,43.3,-28.2,14.63,SHIFT_TO_ROW2
36.86,14.1,43.31,-28.21,14.63,SHIFT_TO_ROW2
36.86,14.1,43.31,-28.23,14.63,SHIFT_TO_ROW2
36.87,14.1,43.31,-28.25,14.63,SHIFT_TO_ROW2
36.87,14.1,43.32,-28.27,14.63,SHIFT_TO_ROW2
36.88,14.1,43.32,-28.29,14.63,SHIFT_TO_ROW2
36.88,14.1,43.33,-28.31,14.63,SHIFT_TO_ROW2
36.89,14.1,43.33,-28.33,14.63,SHIFT_TO_ROW2
36.9,14.1,43.33,-28.35,14.63,SHIFT_TO_ROW2
36.9,14.1,43.34,-28.37,14.63,SHIFT_TO_ROW2
36.91,14.1,43.34,-28.39,14.63,SHIFT_TO_ROW2
36.91,14.1,43.35,-28.4,14.63,SHIFT_TO_ROW2
36.92,14.1,43.35,-28.42,14.63,SHIFT_TO_ROW2
36.93,14.1,43.35,-28.44,14.63,SHIFT_TO_ROW2
36.93,14.1,43.36,-28.46,14.63,SHIFT_TO_ROW2
36.94,14.1,43.36,-28.48,14.63,SHIFT_TO_ROW2
36.95,14.1,43.36,-28.5,14.63,SHIFT_TO_ROW2
36.95,14.1,43.37,-28.52,14.63,SHIFT_TO_ROW2
36.96,14.1,43.37,-28.54,14.63,SHIFT_TO_ROW2
36.96,14.1,43.38,-28.56,14.63,SHIFT_TO_ROW2
36.97,14.1,43.38,-28.57,14.63,SHIFT_TO_ROW2
36.97,14.1,43.38,-28.59,14.63,SHIFT_TO_ROW2
36.98,14.1,43.39,-28.61,14.63,SHIFT_TO_ROW2
36.98,14.1,43.39,-28.63,14.63,SHIFT_TO_ROW2
36.99,14.1,43.4,-28.65,14.63,SHIFT_TO_ROW2
36.99,14.1,43.4,-28.67,14.63,SHIFT_TO_ROW2
37.0,14.1,43.4,-28.69,14.63,SHIFT_TO_ROW2
37.01,14.1,43.41,-28.71,14.63,SHIFT_TO_ROW2
37.01,14.1,43.41,-28.73,14.63,SHIFT_TO_ROW2
37.02,14.1,43.42,-28.75,14.63,SHIFT_TO_ROW2
37.02,14.1,43.42,-28.76,14.63,SHIFT_TO_ROW2
37.03,14.1,43.42,-28.78,14.63,SHIFT_TO_ROW2
37.03,14.1,43.43,-28.8,14.63,SHIFT_TO_ROW2
37.04,14.1,43.43,-28.82,14.63,SHIFT_TO_ROW2
37.04,14.1,43.43,-28.84,14.63,SHIFT_TO_ROW2
37.05,14.1,43.44,-28.86,14.63,SHIFT_TO_ROW2
37.05,14.1,43.44,-28.88,14.63,SHIFT_TO_ROW2
37.06,14.1,43.45,-28.9,14.63,SHIFT_TO_ROW2
37.06,14.1,43.45,-28.92,14.63,SHIFT_TO_ROW2
37.07,14.1,43.45,-28.94,14.63,SHIFT_TO_ROW2
37.07,14.1,43.46,-28.95,14.63,SHIFT_TO_ROW2
37.08,14.1,43.46,-28.97,14.63,SHIFT_TO_ROW2
37.09,14.1,43.47,-28.99,14.63,SHIFT_TO_ROW2
37.09,14.1,43.47,-29.01,14.63,SHIFT_TO_ROW2
37.1,14.1,43.47,-29.03,14.63,SHIFT_TO_ROW2
37.1,14.1,43.48,-29.05,14.63,SHIFT_TO_ROW2
37.11,14.1,43.48,-29.07,14.63,SHIFT_TO_ROW2
37.11,14.1,43.48,-29.09,14.63,SHIFT_TO_ROW2
37.12,14.1,43.49,-29.11,14.63,SHIFT_TO_ROW2
37.12,14.1,43.49,-29.13,14.63,SHIFT_TO_ROW2
37.13,14.1,43.5,-29.15,14.63,SHIFT_TO_ROW2
37.13,14.1,43.5,-29.16,14.63,SHIFT_TO_ROW2
37.14,14.1,43.5,-29.18,14.63,SHIFT_TO_ROW2
37.15,14.1,43.51,-29.2,14.63,SHIFT_TO_ROW2
37.15,14.1,43.51,-29.22,14.63,SHIFT_TO_ROW2
37.16,14.1,43.52,-29.24,14.63,SHIFT_TO_ROW2
37.16,14.1,43.52,-29.26,14.63,SHIFT_TO_ROW2
37.17,14.1,43.52,-29.28,14.63,SHIFT_TO_ROW2
37.17,14.1,43.53,-29.3,14.63,SHIFT_TO_ROW2
37.18,14.1,43.53,-29.32,14.63,SHIFT_TO_ROW2
37.19,14.1,43.53,-29.34,14.63,SHIFT_TO_ROW2
37.19,14.1,43.54,-29.35,14.63,SHIFT_TO_ROW2
37.2,14.1,43.54,-29.37,14.63,SHIFT_TO_ROW2
37.2,14.1,43.55,-29.39,14.63,SHIFT_TO_ROW2
37.21,14.1,43.55,-29.41,14.63,SHIFT_TO_ROW2
37.22,14.1,43.55,-29.43,14.63,SHIFT_TO_ROW2
37.22,14.1,43.56,-29.45,14.63,SHIFT_TO_ROW2
37.23,14.1,43.56,-29.47,14.63,SHIFT_TO_ROW2
37.23,14.1,43.56,-29.49,14.63,SHIFT_TO_ROW2
37.24,14.1,43.57,-29.51,14.63,SHIFT_TO_ROW2
37.24,14.1,43.57,-29.53,14.63,SHIFT_TO_ROW2
37.25,14.1,43.58,-29.55,14.63,SHIFT_TO_ROW2
37.26,14.1,43.58,-29.56,14.63,SHIFT_TO_ROW2
37.26,14.1,43.58,-29.58,14.63,SHIFT_TO_ROW2
37.27,14.1,43.59,-29.6,14.63,SHIFT_TO_ROW2
37.27,14.1,43.59,-29.62,14.63,SHIFT_TO_ROW2
37.28,14.1,43.59,-29.64,14.63,SHIFT_TO_ROW2
37.28,14.1,43.6,-29.66,14.63,SHIFT_TO_ROW2
37.29,14.1,43.6,-29.68,14.63,SHIFT_TO_ROW2
37.29,14.1,43.6,-29.7,14.63,SHIFT_TO_ROW2
37.3,14.1,43.61,-29.72,14.63,SHIFT_TO_ROW2
37.3,14.1,43.61,-29.74,14.63,SHIFT_TO_ROW2
37.31,14.1,43.62,-29.76,14.63,SHIFT_TO_ROW2
37.31,14.1,43.62,-29.78,14.63,SHIFT_TO_ROW2
37.32,14.1,43.62,-29.79,14.63,SHIFT_TO_ROW2
37.32,14.1,43.63,-29.81,14.63,SHIFT_TO_ROW2
37.33,14.1,43.63,-29.83,14.63,SHIFT_TO_ROW2
37.34,14.1,43.63,-29.85,14.63,SHIFT_TO_ROW2
37.34,14.1,43.64,-29.87,14.63,SHIFT_TO_ROW2
