Temps,Altitude_m,Masse_kg,NDVI
0.0,0.4,15.0,0.35
0.0,0.4,15.0,0.35
0.01,0.4,15.0,0.35
0.01,0.4,15.0,0.35
0.02,0.4,15.0,0.35
0.02,0.4,15.0,0.35
0.03,0.4,15.0,0.35
0.03,0.4,15.0,0.35
0.04,0.4,15.0,0.35
0.04,0.39,15.0,0.35
0.05,0.39,15.0,0.35
0.05,0.39,15.0,0.35
0.05,0.39,15.0,0.35
0.06,0.39,15.0,0.35
0.06,0.39,15.0,0.35
0.07,0.39,15.0,0.35
0.07,0.38,15.0,0.35
0.08,0.38,15.0,0.35
0.08,0.38,15.0,0.35
0.09,0.38,15.0,0.35
0.09,0.38,15.0,0.35
0.09,0.37,15.0,0.35
0.1,0.37,15.0,0.35
0.1,0.37,15.0,0.35
0.11,0.36,15.0,0.35
0.11,0.36,15.0,0.35
0.12,0.36,15.0,0.35
0.12,0.36,15.0,0.35
0.13,0.35,15.0,0.35
0.13,0.35,15.0,0.35
0.14,0.35,15.0,0.35
0.14,0.34,15.0,0.35
0.14,0.34,15.0,0.35
0.15,0.33,15.0,0.35
0.15,0.33,15.0,0.35
0.16,0.33,15.0,0.35
0.16,0.32,15.0,0.35
0.17,0.32,15.0,0.35
0.17,0.31,15.0,0.35
0.18,0.31,15.0,0.35
0.18,0.3,15.0,0.35
0.18,0.3,15.0,0.35
0.19,0.29,15.0,0.35
0.19,0.29,15.0,0.35
0.2,0.28,15.0,0.35
0.2,0.28,15.0,0.35
0.21,0.27,15.0,0.35
0.21,0.27,15.0,0.35
0.22,0.26,15.0,0.35
0.22,0.26,15.0,0.35
0.23,0.26,15.0,0.35
0.23,0.26,15.0,0.35
0.23,0.26,15.0,0.35
0.24,0.26,15.0,0.35
0.24,0.26,15.0,0.35
0.25,0.26,15.0,0.35
0.25,0.26,15.0,0.35
0.26,0.26,15.0,0.35
0.26,0.26,15.0,0.35
0.27,0.26,15.0,0.35
0.27,0.26,15.0,0.35
0.27,0.26,15.0,0.35
0.28,0.26,15.0,0.35
0.28,0.26,15.0,0.35
0.29,0.26,15.0,0.35
0.29,0.26,15.0,0.35
0.3,0.26,15.0,0.35
0.3,0.26,15.0,0.35
0.31,0.26,15.0,0.35
0.31,0.26,15.0,0.35
0.32,0.26,15.0,0.35
0.32,0.26,15.0,0.35
0.32,0.26,15.0,0.35
0.33,0.26,15.0,0.35
0.33,0.26,15.0,0.35
0.34,0.26,15.0,0.35
0.34,0.26,15.0,0.35
0.36,0.26,15.0,0.35
0.36,0.26,15.0,0.35
0.37,0.26,15.0,0.35
0.37,0.26,15.0,0.35
0.37,0.26,15.0,0.35
0.38,0.26,15.0,0.35
0.38,0.26,15.0,0.35
0.39,0.26,15.0,0.35
0.39,0.26,15.0,0.35
0.4,0.26,15.0,0.35
0.4,0.26,15.0,0.35
0.41,0.26,15.0,0.35
0.41,0.26,15.0,0.35
0.41,0.26,15.0,0.35
0.42,0.26,15.0,0.35
0.42,0.26,15.0,0.35
0.43,0.26,15.0,0.35
0.43,0.26,15.0,0.35
0.44,0.26,15.0,0.35
0.44,0.26,15.0,0.35
0.45,0.26,15.0,0.35
0.45,0.26,15.0,0.35
0.46,0.26,15.0,0.35
0.46,0.26,15.0,0.35
0.46,0.26,15.0,0.35
0.47,0.26,15.0,0.35
0.47,0.26,15.0,0.35
0.48,0.26,15.0,0.35
0.48,0.26,15.0,0.35
0.49,0.26,15.0,0.35
0.49,0.26,15.0,0.35
0.5,0.26,15.0,0.35
0.5,0.26,15.0,0.35
0.51,0.26,15.0,0.35
0.51,0.26,15.0,0.35
0.51,0.26,15.0,0.35
0.52,0.26,15.0,0.35
0.52,0.26,15.0,0.35
0.53,0.26,15.0,0.35
0.53,0.26,15.0,0.35
0.54,0.26,15.0,0.35
0.54,0.26,15.0,0.35
0.55,0.26,15.0,0.35
0.55,0.26,15.0,0.35
0.56,0.26,15.0,0.35
0.56,0.26,15.0,0.35
0.56,0.26,15.0,0.35
0.57,0.26,15.0,0.35
0.57,0.26,15.0,0.35
0.58,0.26,15.0,0.35
0.58,0.26,15.0,0.35
0.59,0.26,15.0,0.35
0.59,0.26,15.0,0.35
0.6,0.26,15.0,0.35
0.6,0.26,15.0,0.35
0.6,0.26,15.0,0.35
0.61,0.26,15.0,0.35
0.61,0.26,15.0,0.35
0.62,0.26,15.0,0.35
0.62,0.26,15.0,0.35
0.63,0.26,15.0,0.35
0.63,0.26,15.0,0.35
0.64,0.26,15.0,0.35
0.64,0.26,15.0,0.35
0.65,0.26,15.0,0.35
0.65,0.26,15.0,0.35
0.65,0.26,15.0,0.35
0.66,0.26,15.0,0.35
0.66,0.26,15.0,0.35
0.67,0.26,15.0,0.35
0.67,0.26,15.0,0.35
0.68,0.26,15.0,0.35
0.68,0.26,15.0,0.35
0.69,0.26,15.0,0.35
0.69,0.26,15.0,0.35
0.69,0.26,15.0,0.35
0.7,0.26,15.0,0.35
0.7,0.26,15.0,0.35
0.71,0.26,15.0,0.35
0.71,0.26,15.0,0.35
0.72,0.26,15.0,0.35
0.72,0.26,15.0,0.35
0.73,0.26,15.0,0.35
0.73,0.26,15.0,0.35
0.74,0.26,15.0,0.35
0.74,0.26,15.0,0.35
0.75,0.26,15.0,0.35
0.75,0.26,15.0,0.35
0.75,0.26,15.0,0.35
0.76,0.26,15.0,0.35
0.76,0.26,15.0,0.35
0.77,0.26,15.0,0.35
0.77,0.26,15.0,0.35
0.78,0.26,15.0,0.35
0.78,0.26,15.0,0.35
0.79,0.26,15.0,0.35
0.79,0.26,15.0,0.35
0.8,0.26,15.0,0.35
0.8,0.26,15.0,0.35
0.8,0.26,15.0,0.35
0.81,0.26,15.0,0.35
0.81,0.26,15.0,0.35
0.82,0.26,15.0,0.35
0.82,0.26,15.0,0.35
0.83,0.26,15.0,0.35
0.83,0.26,15.0,0.35
0.84,0.26,15.0,0.35
0.84,0.26,15.0,0.35
0.85,0.26,15.0,0.35
0.85,0.26,15.0,0.35
0.85,0.26,15.0,0.35
0.86,0.26,15.0,0.35
0.86,0.26,15.0,0.35
0.87,0.26,15.0,0.35
0.87,0.26,15.0,0.35
0.88,0.26,15.0,0.35
0.88,0.26,15.0,0.35
0.89,0.26,15.0,0.35
0.89,0.26,15.0,0.35
0.89,0.26,15.0,0.35
0.9,0.26,15.0,0.35
0.9,0.26,15.0,0.35
0.91,0.26,15.0,0.35
0.91,0.26,15.0,0.35
0.92,0.26,15.0,0.35
0.92,0.26,15.0,0.35
0.93,0.26,15.0,0.35
0.93,0.26,15.0,0.35
0.94,0.26,15.0,0.35
0.94,0.26,15.0,0.35
0.94,0.26,15.0,0.35
0.95,0.26,15.0,0.35
0.95,0.26,15.0,0.35
0.96,0.26,15.0,0.35
0.96,0.26,15.0,0.35
0.97,0.26,15.0,0.35
0.97,0.26,15.0,0.35
0.98,0.26,15.0,0.35
0.98,0.26,15.0,0.35
0.99,0.26,15.0,0.35
0.99,0.26,15.0,0.35
0.99,0.26,15.0,0.35
1.0,0.26,15.0,0.35
1.0,0.26,15.0,0.35
1.01,0.26,15.0,0.35
1.01,0.26,15.0,0.35
1.02,0.26,15.0,0.35
1.02,0.26,15.0,0.35
1.03,0.26,15.0,0.35
1.03,0.26,15.0,0.35
1.03,0.26,15.0,0.35
1.04,0.26,15.0,0.35
1.04,0.26,15.0,0.35
1.05,0.26,15.0,0.35
1.05,0.26,15.0,0.35
1.06,0.26,15.0,0.35
1.06,0.26,15.0,0.35
1.07,0.26,15.0,0.35
1.07,0.26,15.0,0.35
1.08,0.26,15.0,0.35
1.08,0.26,15.0,0.35
1.08,0.26,15.0,0.35
1.09,0.26,15.0,0.35
1.09,0.26,15.0,0.35
1.1,0.26,15.0,0.35
1.1,0.26,15.0,0.35
1.11,0.26,15.0,0.35
1.11,0.26,15.0,0.35
1.12,0.26,15.0,0.35
1.12,0.26,15.0,0.35
1.13,0.26,15.0,0.35
1.13,0.26,15.0,0.35
1.13,0.26,15.0,0.35
1.14,0.26,15.0,0.35
1.14,0.26,15.0,0.35
1.15,0.26,15.0,0.35
1.15,0.26,15.0,0.35
1.16,0.26,15.0,0.35
1.16,0.26,15.0,0.35
1.17,0.26,15.0,0.35
1.17,0.26,15.0,0.35
1.18,0.26,15.0,0.35
1.18,0.26,15.0,0.35
1.18,0.26,15.0,0.35
1.19,0.26,15.0,0.35
1.19,0.26,15.0,0.35
1.2,0.26,15.0,0.35
1.2,0.26,15.0,0.35
1.21,0.26,15.0,0.35
1.21,0.26,15.0,0.35
1.22,0.26,15.0,0.35
1.22,0.26,15.0,0.35
1.23,0.26,15.0,0.35
1.23,0.26,15.0,0.35
1.23,0.26,15.0,0.35
1.24,0.26,15.0,0.35
1.24,0.26,15.0,0.35
1.25,0.26,15.0,0.35
1.25,0.26,15.0,0.35
1.26,0.26,15.0,0.35
1.26,0.26,15.0,0.35
1.27,0.26,15.0,0.35
1.27,0.26,15.0,0.35
1.28,0.26,15.0,0.35
1.28,0.26,15.0,0.35
1.28,0.26,15.0,0.35
1.29,0.26,15.0,0.35
1.29,0.26,15.0,0.35
1.3,0.26,15.0,0.35
1.3,0.26,15.0,0.35
1.31,0.26,15.0,0.35
1.31,0.26,15.0,0.35
1.32,0.26,15.0,0.35
1.32,0.26,15.0,0.35
1.33,0.26,15.0,0.35
1.33,0.26,15.0,0.35
1.33,0.26,15.0,0.35
1.34,0.26,15.0,0.35
1.34,0.26,15.0,0.35
1.35,0.26,15.0,0.35
1.35,0.26,15.0,0.35
1.36,0.26,15.0,0.35
1.36,0.26,15.0,0.35
1.37,0.26,15.0,0.35
1.37,0.26,15.0,0.35
1.37,0.26,15.0,0.35
1.38,0.26,15.0,0.35
1.38,0.26,15.0,0.35
1.39,0.26,15.0,0.35
1.39,0.26,15.0,0.35
1.4,0.26,15.0,0.35
1.4,0.26,15.0,0.35
1.41,0.26,15.0,0.35
1.41,0.26,15.0,0.35
1.42,0.26,15.0,0.35
1.42,0.26,15.0,0.35
1.42,0.26,15.0,0.35
1.43,0.26,15.0,0.35
1.43,0.26,15.0,0.35
1.44,0.26,15.0,0.35
1.44,0.26,15.0,0.35
1.45,0.26,15.0,0.35
1.45,0.26,15.0,0.35
1.46,0.26,15.0,0.35
1.46,0.26,15.0,0.35
1.46,0.26,15.0,0.35
1.47,0.26,15.0,0.35
1.47,0.26,15.0,0.35
1.48,0.26,15.0,0.35
1.48,0.26,15.0,0.35
1.49,0.26,15.0,0.35
1.49,0.26,15.0,0.35
1.5,0.26,15.0,0.35
1.5,0.26,15.0,0.35
1.51,0.26,15.0,0.35
1.51,0.26,15.0,0.35
1.51,0.26,15.0,0.35
1.52,0.26,15.0,0.35
1.52,0.26,15.0,0.35
1.53,0.26,15.0,0.35
1.53,0.26,15.0,0.35
1.54,0.26,15.0,0.35
1.54,0.26,15.0,0.35
1.55,0.26,15.0,0.35
1.55,0.26,15.0,0.35
1.56,0.26,15.0,0.35
1.56,0.26,15.0,0.35
1.56,0.26,15.0,0.35
1.57,0.26,15.0,0.35
1.57,0.26,15.0,0.35
1.58,0.26,15.0,0.35
1.58,0.26,15.0,0.35
1.59,0.26,15.0,0.35
1.59,0.26,15.0,0.35
1.6,0.26,15.0,0.35
1.6,0.26,15.0,0.35
1.61,0.26,15.0,0.35
1.61,0.26,15.0,0.35
1.61,0.26,15.0,0.35
1.62,0.26,15.0,0.35
1.62,0.26,15.0,0.35
1.63,0.26,15.0,0.35
1.63,0.26,15.0,0.35
1.64,0.26,15.0,0.35
1.64,0.26,15.0,0.35
1.65,0.26,15.0,0.35
1.65,0.26,15.0,0.35
1.66,0.26,15.0,0.35
1.66,0.26,15.0,0.35
1.66,0.26,15.0,0.35
1.67,0.26,15.0,0.35
1.67,0.26,15.0,0.35
1.68,0.26,15.0,0.35
1.68,0.26,15.0,0.35
1.69,0.26,15.0,0.35
1.69,0.26,15.0,0.35
1.7,0.26,15.0,0.35
1.7,0.26,15.0,0.35
1.7,0.26,15.0,0.35
1.71,0.26,15.0,0.35
1.71,0.26,15.0,0.35
1.72,0.26,15.0,0.35
1.72,0.26,15.0,0.35
1.73,0.26,15.0,0.35
1.73,0.26,15.0,0.35
1.74,0.26,15.0,0.35
1.74,0.26,15.0,0.35
1.75,0.26,15.0,0.35
1.75,0.26,15.0,0.35
1.75,0.26,15.0,0.35
1.76,0.26,15.0,0.35
1.76,0.26,15.0,0.35
1.77,0.26,15.0,0.35
1.77,0.26,15.0,0.35
1.78,0.26,15.0,0.35
1.78,0.26,15.0,0.35
1.79,0.26,15.0,0.35
1.79,0.26,15.0,0.35
1.8,0.26,15.0,0.35
1.8,0.26,15.0,0.35
1.8,0.26,15.0,0.35
1.81,0.26,15.0,0.35
1.81,0.26,15.0,0.35
1.82,0.26,15.0,0.35
1.82,0.26,15.0,0.35
1.83,0.26,15.0,0.35
1.83,0.26,15.0,0.35
1.84,0.26,15.0,0.35
1.84,0.26,15.0,0.35
1.85,0.26,15.0,0.35
1.85,0.26,15.0,0.35
1.85,0.26,15.0,0.35
1.86,0.26,15.0,0.35
1.86,0.26,15.0,0.35
1.87,0.26,15.0,0.35
1.87,0.26,15.0,0.35
1.88,0.26,15.0,0.35
1.88,0.26,15.0,0.35
1.89,0.26,15.0,0.35
1.89,0.26,15.0,0.35
1.89,0.26,15.0,0.35
1.9,0.26,15.0,0.35
1.9,0.26,15.0,0.35
1.91,0.26,15.0,0.35
1.91,0.26,15.0,0.35
1.92,0.26,15.0,0.35
1.92,0.26,15.0,0.35
1.93,0.26,15.0,0.35
1.93,0.26,15.0,0.35
1.94,0.26,15.0,0.35
1.94,0.26,15.0,0.35
1.94,0.26,15.0,0.35
1.95,0.26,15.0,0.35
1.95,0.26,15.0,0.35
1.96,0.26,15.0,0.35
1.96,0.26,15.0,0.35
1.97,0.26,15.0,0.35
1.97,0.26,15.0,0.35
1.98,0.26,15.0,0.35
1.98,0.26,15.0,0.35
1.98,0.26,15.0,0.35
1.99,0.26,15.0,0.35
1.99,0.26,15.0,0.35
2.0,0.26,15.0,0.35
2.0,0.26,15.0,0.35
2.01,0.26,15.0,0.35
2.01,0.26,15.0,0.35
2.02,0.26,15.0,0.35
2.02,0.26,15.0,0.35
2.03,0.26,15.0,0.35
2.03,0.26,15.0,0.35
2.03,0.26,15.0,0.35
2.04,0.26,15.0,0.35
2.04,0.26,15.0,0.35
2.05,0.26,15.0,0.35
2.05,0.26,15.0,0.35
2.06,0.26,15.0,0.35
2.06,0.26,15.0,0.35
2.07,0.26,15.0,0.35
2.07,0.26,15.0,0.35
2.08,0.26,15.0,0.35
2.08,0.26,15.0,0.35
2.08,0.26,15.0,0.35
2.09,0.26,15.0,0.35
2.09,0.26,15.0,0.35
2.1,0.26,15.0,0.35
2.1,0.26,15.0,0.35
2.11,0.26,15.0,0.35
2.11,0.26,15.0,0.35
2.12,0.26,15.0,0.35
2.12,0.26,15.0,0.35
2.13,0.26,15.0,0.35
2.13,0.26,15.0,0.35
2.13,0.26,15.0,0.35
2.14,0.26,15.0,0.35
2.14,0.26,15.0,0.35
2.15,0.26,15.0,0.35
2.15,0.26,15.0,0.35
2.16,0.26,15.0,0.35
2.16,0.26,15.0,0.35
2.17,0.26,15.0,0.35
2.17,0.26,15.0,0.35
2.18,0.26,15.0,0.35
2.18,0.26,15.0,0.35
2.18,0.26,15.0,0.35
2.19,0.26,15.0,0.35
2.19,0.26,15.0,0.35
2.2,0.26,15.0,0.35
2.2,0.26,15.0,0.35
2.21,0.26,15.0,0.35
2.21,0.26,15.0,0.35
2.22,0.26,15.0,0.35
2.22,0.26,15.0,0.35
2.23,0.26,15.0,0.35
2.23,0.26,15.0,0.35
2.23,0.26,15.0,0.35
2.24,0.26,15.0,0.35
2.24,0.26,15.0,0.35
2.25,0.26,15.0,0.35
2.25,0.26,15.0,0.35
2.26,0.26,15.0,0.35
2.26,0.26,15.0,0.35
2.27,0.26,15.0,0.35
2.27,0.26,15.0,0.35
2.28,0.26,15.0,0.35
2.28,0.26,15.0,0.35
2.28,0.26,15.0,0.35
2.29,0.26,15.0,0.35
2.29,0.26,15.0,0.35
2.3,0.26,15.0,0.35
2.3,0.26,15.0,0.35
2.31,0.26,15.0,0.35
2.31,0.26,15.0,0.35
2.32,0.26,15.0,0.35
2.32,0.26,15.0,0.35
2.33,0.26,15.0,0.35
2.33,0.26,15.0,0.35
2.33,0.26,15.0,0.35
2.34,0.26,15.0,0.35
2.34,0.26,15.0,0.35
2.35,0.26,15.0,0.35
2.35,0.26,15.0,0.35
2.36,0.26,15.0,0.35
2.36,0.26,15.0,0.35
2.37,0.26,15.0,0.35
2.37,0.26,15.0,0.35
2.37,0.26,15.0,0.35
2.38,0.26,15.0,0.35
2.38,0.26,15.0,0.35
2.39,0.26,15.0,0.35
2.39,0.26,15.0,0.35
2.4,0.26,15.0,0.35
2.4,0.26,15.0,0.35
2.41,0.26,15.0,0.35
2.41,0.26,15.0,0.35
2.42,0.26,15.0,0.35
2.42,0.26,15.0,0.35
2.42,0.26,15.0,0.35
2.43,0.26,15.0,0.35
2.43,0.26,15.0,0.35
2.44,0.26,15.0,0.35
2.44,0.26,15.0,0.35
2.45,0.26,15.0,0.35
2.45,0.26,15.0,0.35
2.46,0.26,15.0,0.35
2.46,0.26,15.0,0.35
2.47,0.26,15.0,0.35
2.47,0.26,15.0,0.35
2.47,0.26,15.0,0.35
2.48,0.26,15.0,0.35
2.48,0.26,15.0,0.35
2.49,0.26,15.0,0.35
2.49,0.26,15.0,0.35
2.5,0.26,15.0,0.35
2.5,0.26,15.0,0.35
2.51,0.26,15.0,0.35
2.51,0.26,15.0,0.35
2.51,0.26,15.0,0.35
2.52,0.26,15.0,0.35
2.52,0.26,15.0,0.35
2.53,0.26,15.0,0.35
2.53,0.26,15.0,0.35
2.54,0.26,15.0,0.35
2.54,0.26,15.0,0.35
2.55,0.26,15.0,0.35
2.55,0.26,15.0,0.35
2.56,0.26,15.0,0.35
2.56,0.26,15.0,0.35
2.56,0.26,15.0,0.35
2.57,0.26,15.0,0.35
2.57,0.26,15.0,0.35
2.58,0.26,15.0,0.35
2.58,0.26,15.0,0.35
2.59,0.26,15.0,0.35
2.59,0.26,15.0,0.35
2.6,0.26,15.0,0.35
2.6,0.26,15.0,0.35
2.61,0.26,15.0,0.35
2.61,0.26,15.0,0.35
2.61,0.26,15.0,0.35
2.62,0.26,15.0,0.35
2.62,0.26,15.0,0.35
2.63,0.26,15.0,0.35
2.63,0.26,15.0,0.35
2.64,0.26,15.0,0.35
2.64,0.26,15.0,0.35
2.65,0.26,15.0,0.35
2.65,0.26,15.0,0.35
2.66,0.26,15.0,0.35
2.66,0.26,15.0,0.35
2.66,0.26,15.0,0.35
2.67,0.26,15.0,0.35
2.67,0.26,15.0,0.35
2.68,0.26,15.0,0.35
2.68,0.26,15.0,0.35
2.69,0.26,15.0,0.35
2.69,0.26,15.0,0.35
2.7,0.26,15.0,0.35
2.7,0.26,15.0,0.35
2.71,0.26,15.0,0.35
2.71,0.26,15.0,0.35
2.71,0.26,15.0,0.35
2.72,0.26,15.0,0.35
2.72,0.26,15.0,0.35
2.73,0.26,15.0,0.35
2.73,0.26,15.0,0.35
2.74,0.26,15.0,0.35
2.74,0.26,15.0,0.35
2.75,0.26,15.0,0.35
2.75,0.26,15.0,0.35
2.75,0.26,15.0,0.35
2.76,0.26,15.0,0.35
2.76,0.26,15.0,0.35
2.77,0.26,15.0,0.35
2.77,0.26,15.0,0.35
2.78,0.26,15.0,0.35
2.78,0.26,15.0,0.35
2.79,0.26,15.0,0.35
2.79,0.26,15.0,0.35
2.8,0.26,15.0,0.35
2.8,0.26,15.0,0.35
2.8,0.26,15.0,0.35
2.81,0.26,15.0,0.35
2.81,0.26,15.0,0.35
2.82,0.26,15.0,0.35
2.82,0.26,15.0,0.35
2.83,0.26,15.0,0.35
2.83,0.26,15.0,0.35
2.84,0.26,15.0,0.35
2.84,0.26,15.0,0.35
2.84,0.26,15.0,0.35
2.85,0.26,15.0,0.35
2.85,0.26,15.0,0.35
2.86,0.26,15.0,0.35
2.86,0.26,15.0,0.35
2.87,0.26,15.0,0.35
2.87,0.26,15.0,0.35
2.88,0.26,15.0,0.35
2.88,0.26,15.0,0.35
2.89,0.26,15.0,0.35
2.89,0.26,15.0,0.35
2.89,0.26,15.0,0.35
2.9,0.26,15.0,0.35
2.9,0.26,15.0,0.35
2.91,0.26,15.0,0.35
2.91,0.26,15.0,0.35
2.92,0.26,15.0,0.35
2.92,0.26,15.0,0.35
2.93,0.26,15.0,0.35
2.93,0.26,15.0,0.35
2.93,0.26,15.0,0.35
2.94,0.26,15.0,0.35
2.94,0.26,15.0,0.35
2.95,0.26,15.0,0.35
2.95,0.26,15.0,0.35
2.96,0.26,15.0,0.35
2.96,0.26,15.0,0.35
2.97,0.26,15.0,0.35
2.97,0.26,15.0,0.35
2.98,0.26,15.0,0.35
2.98,0.26,15.0,0.35
2.98,0.26,15.0,0.35
2.99,0.26,15.0,0.35
2.99,0.26,15.0,0.35
3.0,0.26,15.0,0.35
3.0,0.26,15.0,0.35
3.01,0.26,15.0,0.35
3.01,0.27,15.0,0.35
3.02,0.27,15.0,0.35
3.02,0.27,15.0,0.35
3.03,0.27,15.0,0.35
3.03,0.28,15.0,0.35
3.03,0.29,15.0,0.35
3.04,0.29,15.0,0.35
3.04,0.3,15.0,0.35
3.05,0.31,15.0,0.35
3.05,0.32,15.0,0.35
3.06,0.33,15.0,0.35
3.06,0.34,15.0,0.35
3.07,0.35,15.0,0.35
3.07,0.37,15.0,0.35
3.08,0.38,15.0,0.35
3.08,0.39,15.0,0.35
3.08,0.41,15.0,0.35
3.09,0.43,15.0,0.35
3.09,0.44,15.0,0.35
3.1,0.46,15.0,0.35
3.1,0.48,15.0,0.35
3.11,0.5,15.0,0.35
3.11,0.52,15.0,0.35
3.12,0.54,15.0,0.35
3.12,0.56,15.0,0.35
3.13,0.58,15.0,0.35
3.13,0.61,15.0,0.35
3.13,0.63,15.0,0.35
3.14,0.66,15.0,0.35
3.14,0.68,15.0,0.35
3.15,0.71,15.0,0.35
3.15,0.73,15.0,0.35
3.16,0.76,15.0,0.35
3.16,0.79,15.0,0.35
3.17,0.82,15.0,0.35
3.17,0.85,15.0,0.35
3.18,0.88,15.0,0.35
3.18,0.91,15.0,0.35
3.18,0.94,15.0,0.35
3.19,0.97,15.0,0.35
3.19,1.0,15.0,0.35
3.2,1.04,15.0,0.35
3.2,1.07,15.0,0.35
3.21,1.1,15.0,0.35
3.21,1.14,15.0,0.35
3.22,1.17,15.0,0.35
3.22,1.21,15.0,0.35
3.22,1.24,15.0,0.35
3.23,1.28,15.0,0.35
3.23,1.32,15.0,0.35
3.24,1.36,15.0,0.35
3.24,1.39,15.0,0.35
3.25,1.43,15.0,0.35
3.25,1.47,15.0,0.35
3.26,1.51,15.0,0.35
3.26,1.55,15.0,0.35
3.27,1.59,15.0,0.35
3.27,1.63,15.0,0.35
3.27,1.67,15.0,0.35
3.28,1.71,15.0,0.35
3.28,1.75,15.0,0.35
3.29,1.8,15.0,0.35
3.29,1.84,15.0,0.35
3.3,1.88,15.0,0.35
3.3,1.93,15.0,0.35
3.31,1.97,15.0,0.35
3.31,2.01,15.0,0.35
3.31,2.06,15.0,0.35
3.32,2.1,15.0,0.35
3.32,2.15,15.0,0.35
3.33,2.19,15.0,0.35
3.33,2.24,15.0,0.35
3.34,2.28,15.0,0.35
3.34,2.33,15.0,0.35
3.35,2.38,15.0,0.35
3.35,2.42,15.0,0.35
3.35,2.47,15.0,0.35
3.36,2.52,15.0,0.35
3.36,2.56,15.0,0.35
3.37,2.61,15.0,0.35
3.37,2.66,15.0,0.35
3.38,2.71,15.0,0.35
3.38,2.76,15.0,0.35
3.39,2.8,15.0,0.35
3.39,2.85,15.0,0.35
3.4,2.9,15.0,0.35
3.4,2.95,15.0,0.35
3.4,3.0,15.0,0.35
3.41,3.05,15.0,0.35
3.41,3.1,15.0,0.35
3.42,3.15,15.0,0.35
3.42,3.2,15.0,0.35
3.43,3.25,15.0,0.35
3.43,3.3,15.0,0.35
3.44,3.35,15.0,0.35
3.44,3.4,15.0,0.35
3.44,3.45,15.0,0.35
3.45,3.5,15.0,0.35
3.45,3.55,15.0,0.35
3.46,3.61,15.0,0.35
3.46,3.66,15.0,0.35
3.47,3.71,15.0,0.35
3.47,3.76,15.0,0.35
3.48,3.81,15.0,0.35
3.48,3.86,15.0,0.35
3.49,3.92,15.0,0.35
3.49,3.97,15.0,0.35
3.49,4.02,15.0,0.35
3.5,4.07,15.0,0.35
3.5,4.12,15.0,0.35
3.51,4.18,15.0,0.35
3.51,4.23,15.0,0.35
3.52,4.28,15.0,0.35
3.52,4.33,15.0,0.35
3.53,4.38,15.0,0.35
3.53,4.44,15.0,0.35
3.54,4.49,15.0,0.35
3.54,4.54,15.0,0.35
3.55,4.59,15.0,0.35
3.55,4.65,15.0,0.35
3.55,4.7,15.0,0.35
3.56,4.75,15.0,0.35
3.56,4.8,15.0,0.35
3.57,4.86,15.0,0.35
3.57,4.91,15.0,0.35
3.58,4.96,15.0,0.35
3.58,5.01,15.0,0.35
3.59,5.07,15.0,0.35
3.59,5.12,15.0,0.35
3.6,5.17,15.0,0.35
3.6,5.22,15.0,0.35
3.61,5.28,15.0,0.35
3.61,5.33,15.0,0.35
3.61,5.38,15.0,0.35
3.62,5.43,15.0,0.35
3.62,5.49,15.0,0.35
3.63,5.54,15.0,0.35
3.63,5.59,15.0,0.35
3.64,5.64,15.0,0.35
3.64,5.7,15.0,0.35
3.65,5.75,15.0,0.35
3.65,5.8,15.0,0.35
3.66,5.85,15.0,0.35
3.66,5.9,15.0,0.35
3.67,5.96,15.0,0.35
3.67,6.01,15.0,0.35
3.67,6.06,15.0,0.35
3.68,6.11,15.0,0.35
3.68,6.16,15.0,0.35
3.69,6.21,15.0,0.35
3.69,6.27,15.0,0.35
3.7,6.32,15.0,0.35
3.7,6.37,15.0,0.35
3.71,6.42,15.0,0.35
3.71,6.47,15.0,0.35
3.72,6.52,15.0,0.35
3.72,6.57,15.0,0.35
3.72,6.62,15.0,0.35
3.73,6.67,15.0,0.35
3.73,6.73,15.0,0.35
3.74,6.78,15.0,0.35
3.74,6.83,15.0,0.35
3.75,6.88,15.0,0.35
3.75,6.93,15.0,0.35
3.76,6.98,15.0,0.35
3.76,7.03,15.0,0.35
3.76,7.08,15.0,0.35
3.77,7.13,15.0,0.35
3.77,7.18,15.0,0.35
3.78,7.23,15.0,0.35
3.78,7.27,15.0,0.35
3.79,7.32,15.0,0.35
3.79,7.37,15.0,0.35
3.8,7.42,15.0,0.35
3.8,7.47,15.0,0.35
3.81,7.52,15.0,0.35
3.81,7.57,15.0,0.35
3.81,7.62,15.0,0.35
3.82,7.67,15.0,0.35
3.82,7.71,15.0,0.35
3.83,7.76,15.0,0.35
3.83,7.81,15.0,0.35
3.84,7.86,15.0,0.35
3.84,7.9,15.0,0.35
3.85,7.95,15.0,0.35
3.85,8.0,15.0,0.35
3.85,8.05,15.0,0.35
3.86,8.09,15.0,0.35
3.86,8.14,15.0,0.35
3.87,8.19,15.0,0.35
3.87,8.23,15.0,0.35
3.88,8.28,15.0,0.35
3.88,8.33,15.0,0.35
3.89,8.37,15.0,0.35
3.89,8.42,15.0,0.35
3.9,8.46,15.0,0.35
3.9,8.51,15.0,0.35
3.9,8.56,15.0,0.35
3.91,8.6,15.0,0.35
3.91,8.65,15.0,0.35
3.92,8.69,15.0,0.35
3.92,8.74,15.0,0.35
3.93,8.78,15.0,0.35
3.93,8.83,15.0,0.35
3.94,8.87,15.0,0.35
3.94,8.91,15.0,0.35
3.95,8.96,15.0,0.35
3.95,9.0,15.0,0.35
3.95,9.04,15.0,0.35
3.96,9.09,15.0,0.35
3.96,9.13,15.0,0.35
3.97,9.17,15.0,0.35
3.97,9.22,15.0,0.35
3.98,9.26,15.0,0.35
3.98,9.3,15.0,0.35
3.99,9.35,15.0,0.35
3.99,9.39,15.0,0.35
3.99,9.43,15.0,0.35
4.0,9.47,15.0,0.35
4.0,9.51,15.0,0.35
4.01,9.56,15.0,0.35
4.01,9.6,15.0,0.35
4.02,9.64,15.0,0.35
4.02,9.68,15.0,0.35
4.03,9.72,15.0,0.35
4.03,9.76,15.0,0.35
4.04,9.8,15.0,0.35
4.04,9.84,15.0,0.35
4.04,9.88,15.0,0.35
4.05,9.92,15.0,0.35
4.05,9.96,15.0,0.35
4.06,10.0,15.0,0.35
4.06,10.04,15.0,0.35
4.07,10.08,15.0,0.35
4.07,10.12,15.0,0.35
4.08,10.16,15.0,0.35
4.08,10.2,15.0,0.35
4.09,10.23,15.0,0.35
4.09,10.27,15.0,0.35
4.09,10.31,15.0,0.35
4.1,10.35,15.0,0.35
4.1,10.39,15.0,0.35
4.11,10.42,15.0,0.35
4.11,10.46,15.0,0.35
4.12,10.5,15.0,0.35
4.12,10.53,15.0,0.35
4.13,10.57,15.0,0.35
4.13,10.61,15.0,0.35
4.14,10.64,15.0,0.35
4.14,10.68,15.0,0.35
4.14,10.72,15.0,0.35
4.15,10.75,15.0,0.35
4.15,10.79,15.0,0.35
4.16,10.82,15.0,0.35
4.16,10.86,15.0,0.35
4.17,10.89,15.0,0.35
4.17,10.93,15.0,0.35
4.18,10.96,15.0,0.35
4.18,11.0,15.0,0.35
4.18,11.03,15.0,0.35
4.19,11.07,15.0,0.35
4.19,11.1,15.0,0.35
4.2,11.13,15.0,0.35
4.2,11.17,15.0,0.35
4.21,11.2,15.0,0.35
4.21,11.23,15.0,0.35
4.22,11.27,15.0,0.35
4.22,11.3,15.0,0.35
4.23,11.33,15.0,0.35
4.23,11.37,15.0,0.35
4.23,11.4,15.0,0.35
4.24,11.43,15.0,0.35
4.24,11.46,15.0,0.35
4.25,11.49,15.0,0.35
4.25,11.53,15.0,0.35
4.26,11.56,15.0,0.35
4.26,11.59,15.0,0.35
4.27,11.62,15.0,0.35
4.27,11.65,15.0,0.35
4.28,11.68,15.0,0.35
4.28,11.71,15.0,0.35
4.28,11.74,15.0,0.35
4.29,11.77,15.0,0.35
4.29,11.8,15.0,0.35
4.3,11.83,15.0,0.35
4.3,11.86,15.0,0.35
4.31,11.89,15.0,0.35
4.31,11.92,15.0,0.35
4.32,11.95,15.0,0.35
4.32,11.98,15.0,0.35
4.33,12.0,15.0,0.35
4.33,12.03,15.0,0.35
4.33,12.06,15.0,0.35
4.34,12.09,15.0,0.35
4.34,12.12,15.0,0.35
4.35,12.14,15.0,0.35
4.35,12.17,15.0,0.35
4.36,12.2,15.0,0.35
4.36,12.23,15.0,0.35
4.37,12.25,15.0,0.35
4.37,12.28,15.0,0.35
4.37,12.31,15.0,0.35
4.38,12.33,15.0,0.35
4.38,12.36,15.0,0.35
4.39,12.39,15.0,0.35
4.39,12.41,15.0,0.35
4.4,12.44,15.0,0.35
4.4,12.46,15.0,0.35
4.41,12.49,15.0,0.35
4.41,12.51,15.0,0.35
4.42,12.54,15.0,0.35
4.42,12.56,15.0,0.35
4.42,12.59,15.0,0.35
4.43,12.61,15.0,0.35
4.43,12.64,15.0,0.35
4.44,12.66,15.0,0.35
4.44,12.68,15.0,0.35
4.45,12.71,15.0,0.35
4.45,12.73,15.0,0.35
4.46,12.76,15.0,0.35
4.46,12.78,15.0,0.35
4.47,12.8,15.0,0.35
4.47,12.82,15.0,0.35
4.47,12.85,15.0,0.35
4.48,12.87,15.0,0.35
4.48,12.89,15.0,0.35
4.49,12.91,15.0,0.35
4.49,12.94,15.0,0.35
4.5,12.96,15.0,0.35
4.5,12.98,15.0,0.35
4.51,13.0,15.0,0.35
4.51,13.02,15.0,0.35
4.52,13.04,15.0,0.35
4.52,13.07,15.0,0.35
4.52,13.09,15.0,0.35
4.53,13.11,15.0,0.35
4.53,13.13,15.0,0.35
4.54,13.15,15.0,0.35
4.54,13.17,15.0,0.35
4.55,13.19,15.0,0.35
4.55,13.21,15.0,0.35
4.56,13.23,15.0,0.35
4.56,13.25,15.0,0.35
4.56,13.27,15.0,0.35
4.57,13.29,15.0,0.35
4.57,13.31,15.0,0.35
4.58,13.33,15.0,0.35
4.58,13.34,15.0,0.35
4.59,13.36,15.0,0.35
4.59,13.38,15.0,0.35
4.6,13.4,15.0,0.35
4.6,13.42,15.0,0.35
4.61,13.44,15.0,0.35
4.61,13.45,15.0,0.35
4.61,13.47,15.0,0.35
4.62,13.49,15.0,0.35
4.62,13.51,15.0,0.35
4.63,13.52,15.0,0.35
4.63,13.54,15.0,0.35
4.64,13.56,15.0,0.35
4.64,13.57,15.0,0.35
4.65,13.59,15.0,0.35
4.65,13.61,15.0,0.35
4.66,13.62,15.0,0.35
4.66,13.64,15.0,0.35
4.66,13.66,15.0,0.35
4.67,13.67,15.0,0.35
4.67,13.69,15.0,0.35
4.68,13.7,15.0,0.35
4.68,13.72,15.0,0.35
4.69,13.73,15.0,0.35
4.69,13.75,15.0,0.35
4.7,13.76,15.0,0.35
4.7,13.78,15.0,0.35
4.71,13.79,15.0,0.35
4.71,13.81,15.0,0.35
4.71,13.82,15.0,0.35
4.72,13.84,15.0,0.35
4.72,13.85,15.0,0.35
4.73,13.87,15.0,0.35
4.73,13.88,15.0,0.35
4.74,13.89,15.0,0.35
4.74,13.91,15.0,0.35
4.75,13.92,15.0,0.35
4.75,13.93,15.0,0.35
4.76,13.95,15.0,0.35
4.76,13.96,15.0,0.35
4.76,13.97,15.0,0.35
4.77,13.99,15.0,0.35
4.77,14.0,15.0,0.35
4.78,14.01,15.0,0.35
4.78,14.02,15.0,0.35
4.79,14.04,15.0,0.35
4.79,14.05,15.0,0.35
4.8,14.06,15.0,0.35
4.8,14.07,15.0,0.35
4.81,14.08,15.0,0.35
4.81,14.1,15.0,0.35
4.81,14.11,15.0,0.35
4.82,14.12,15.0,0.35
4.82,14.13,15.0,0.35
4.83,14.14,15.0,0.35
4.83,14.15,15.0,0.35
4.84,14.16,15.0,0.35
4.84,14.17,15.0,0.35
4.85,14.19,15.0,0.35
4.85,14.2,15.0,0.35
4.85,14.21,15.0,0.35
4.86,14.22,15.0,0.35
4.86,14.23,15.0,0.35
4.87,14.24,15.0,0.35
4.87,14.25,15.0,0.35
4.88,14.26,15.0,0.35
4.88,14.27,15.0,0.35
4.89,14.28,15.0,0.35
4.89,14.29,15.0,0.35
4.9,14.29,15.0,0.35
4.9,14.3,15.0,0.35
4.9,14.31,15.0,0.35
4.91,14.32,15.0,0.35
4.91,14.33,15.0,0.35
4.92,14.34,15.0,0.35
4.92,14.35,15.0,0.35
4.93,14.36,15.0,0.35
4.93,14.37,15.0,0.35
4.94,14.37,15.0,0.35
4.94,14.38,15.0,0.35
4.95,14.39,15.0,0.35
4.95,14.4,15.0,0.35
4.95,14.41,15.0,0.35
4.96,14.41,15.0,0.35
4.96,14.42,15.0,0.35
4.97,14.43,15.0,0.35
4.97,14.44,15.0,0.35
4.98,14.44,15.0,0.35
4.98,14.45,15.0,0.35
4.99,14.46,15.0,0.35
4.99,14.47,15.0,0.35
4.99,14.47,15.0,0.35
5.0,14.48,15.0,0.35
5.0,14.49,15.0,0.35
5.01,14.49,15.0,0.35
5.01,14.5,15.0,0.35
5.02,14.51,15.0,0.35
5.02,14.51,15.0,0.35
5.03,14.52,15.0,0.35
5.03,14.52,15.0,0.35
5.04,14.53,15.0,0.35
5.04,14.54,15.0,0.35
5.04,14.54,15.0,0.35
5.05,14.55,15.0,0.35
5.05,14.55,15.0,0.35
5.06,14.56,15.0,0.35
5.06,14.56,15.0,0.35
5.07,14.57,15.0,0.35
5.07,14.58,15.0,0.35
5.08,14.58,15.0,0.35
5.08,14.59,15.0,0.35
5.09,14.59,15.0,0.35
5.09,14.6,15.0,0.35
5.09,14.6,15.0,0.35
5.1,14.61,15.0,0.35
5.1,14.61,15.0,0.35
5.11,14.61,15.0,0.35
5.11,14.62,15.0,0.35
5.12,14.62,15.0,0.35
5.12,14.63,15.0,0.35
5.13,14.63,15.0,0.35
5.13,14.64,15.0,0.35
5.14,14.64,15.0,0.35
5.14,14.64,15.0,0.35
5.14,14.65,15.0,0.35
5.15,14.65,15.0,0.35
5.15,14.66,15.0,0.35
5.16,14.66,15.0,0.35
5.16,14.66,15.0,0.35
5.17,14.67,15.0,0.35
5.17,14.67,15.0,0.35
5.18,14.67,15.0,0.35
5.18,14.68,15.0,0.35
5.19,14.68,15.0,0.35
5.19,14.68,15.0,0.35
5.19,14.69,15.0,0.35
5.2,14.69,14.99,0.35
5.2,14.69,14.99,0.35
5.21,14.7,14.99,0.35
5.21,14.7,14.99,0.35
5.22,14.7,14.99,0.35
5.22,14.7,14.99,0.35
5.23,14.71,14.99,0.35
5.23,14.71,14.99,0.35
5.23,14.71,14.99,0.35
5.24,14.71,14.99,0.35
5.24,14.72,14.99,0.35
5.25,14.72,14.99,0.35
5.25,14.72,14.99,0.35
5.26,14.72,14.99,0.35
5.26,14.72,14.99,0.35
5.27,14.73,14.99,0.35
5.27,14.73,14.99,0.35
5.28,14.73,14.99,0.35
5.28,14.73,14.99,0.35
5.28,14.73,14.99,0.35
5.29,14.74,14.99,0.35
5.29,14.74,14.99,0.35
5.3,14.74,14.99,0.35
5.3,14.74,14.99,0.35
5.31,14.74,14.99,0.35
5.31,14.74,14.99,0.35
5.32,14.74,14.99,0.35
5.32,14.75,14.99,0.35
5.32,14.75,14.99,0.35
5.33,14.75,14.99,0.35
5.33,14.75,14.99,0.35
5.34,14.75,14.99,0.35
5.34,14.75,14.99,0.35
5.35,14.75,14.99,0.35
5.35,14.75,14.99,0.35
5.36,14.75,14.99,0.35
5.36,14.75,14.99,0.35
5.37,14.75,14.99,0.35
5.37,14.76,14.99,0.35
5.37,14.76,14.99,0.35
5.38,14.76,14.99,0.35
5.38,14.76,14.99,0.35
5.39,14.76,14.99,0.35
5.39,14.76,14.99,0.35
5.4,14.76,14.99,0.35
5.4,14.76,14.99,0.35
5.41,14.76,14.99,0.35
5.41,14.76,14.99,0.35
5.42,14.76,14.99,0.35
5.42,14.76,14.99,0.35
5.42,14.76,14.99,0.35
5.43,14.76,14.99,0.35
5.43,14.76,14.99,0.35
5.44,14.76,14.99,0.35
5.44,14.76,14.99,0.35
5.45,14.76,14.99,0.35
5.45,14.76,14.99,0.35
5.46,14.76,14.99,0.35
5.46,14.76,14.99,0.35
5.47,14.76,14.99,0.35
5.47,14.76,14.99,0.35
5.47,14.76,14.99,0.35
5.48,14.76,14.99,0.35
5.48,14.75,14.99,0.35
5.49,14.75,14.99,0.35
5.49,14.75,14.99,0.35
5.5,14.75,14.99,0.35
5.5,14.75,14.99,0.35
5.51,14.75,14.99,0.35
5.51,14.75,14.99,0.35
5.51,14.75,14.99,0.35
5.52,14.75,14.99,0.35
5.52,14.75,14.99,0.35
5.53,14.75,14.99,0.35
5.53,14.75,14.99,0.35
5.54,14.75,14.99,0.35
5.54,14.74,14.99,0.35
5.55,14.74,14.99,0.35
5.55,14.74,14.99,0.35
5.56,14.74,14.99,0.35
5.56,14.74,14.98,0.35
5.56,14.74,14.98,0.35
5.57,14.74,14.98,0.35
5.57,14.74,14.98,0.35
5.58,14.73,14.98,0.35
5.58,14.73,14.98,0.35
5.59,14.73,14.98,0.35
5.59,14.73,14.98,0.35
5.6,14.73,14.98,0.35
5.6,14.73,14.98,0.35
5.61,14.73,14.98,0.35
5.61,14.72,14.98,0.35
5.61,14.72,14.98,0.35
5.62,14.72,14.98,0.35
5.62,14.72,14.98,0.35
5.63,14.72,14.98,0.35
5.63,14.72,14.98,0.35
5.64,14.71,14.98,0.35
5.64,14.71,14.98,0.35
5.65,14.71,14.98,0.35
5.65,14.71,14.98,0.35
5.66,14.71,14.98,0.35
5.66,14.71,14.98,0.35
5.66,14.7,14.98,0.35
5.67,14.7,14.98,0.35
5.67,14.7,14.98,0.35
5.68,14.7,14.98,0.35
5.68,14.7,14.98,0.35
5.69,14.69,14.98,0.35
5.69,14.69,14.98,0.35
5.7,14.69,14.98,0.35
5.7,14.69,14.98,0.35
5.71,14.69,14.98,0.35
5.71,14.68,14.98,0.35
5.71,14.68,14.98,0.35
5.72,14.68,14.98,0.35
5.72,14.68,14.98,0.35
5.73,14.68,14.98,0.35
5.73,14.67,14.98,0.35
5.74,14.67,14.98,0.35
5.74,14.67,14.98,0.35
5.75,14.67,14.98,0.35
5.75,14.67,14.98,0.35
5.76,14.66,14.98,0.35
5.76,14.66,14.98,0.35
5.76,14.66,14.98,0.35
5.77,14.66,14.98,0.35
5.77,14.65,14.98,0.35
5.78,14.65,14.98,0.35
5.78,14.65,14.98,0.35
5.79,14.65,14.98,0.35
5.79,14.65,14.98,0.35
5.8,14.64,14.98,0.35
5.8,14.64,14.98,0.35
5.81,14.64,14.98,0.35
5.81,14.64,14.98,0.35
5.81,14.63,14.98,0.35
5.82,14.63,14.98,0.35
5.82,14.63,14.98,0.35
5.83,14.63,14.98,0.35
5.83,14.62,14.98,0.35
5.84,14.62,14.98,0.35
5.84,14.62,14.98,0.35
5.85,14.62,14.98,0.35
5.85,14.61,14.98,0.35
5.86,14.61,14.98,0.35
5.86,14.61,14.98,0.35
5.86,14.61,14.98,0.35
5.87,14.6,14.98,0.35
5.87,14.6,14.98,0.35
5.88,14.6,14.98,0.35
5.88,14.6,14.98,0.35
5.89,14.59,14.98,0.35
5.89,14.59,14.98,0.35
5.9,14.59,14.98,0.35
5.9,14.59,14.98,0.35
5.9,14.58,14.98,0.35
5.91,14.58,14.98,0.35
5.91,14.58,14.98,0.35
5.92,14.58,14.98,0.35
5.92,14.57,14.97,0.35
5.93,14.57,14.97,0.35
5.93,14.57,14.97,0.35
5.94,14.56,14.97,0.35
5.94,14.56,14.97,0.35
5.95,14.56,14.97,0.35
5.95,14.56,14.97,0.35
5.95,14.55,14.97,0.35
5.96,14.55,14.97,0.35
5.96,14.55,14.97,0.35
5.97,14.55,14.97,0.35
5.97,14.54,14.97,0.35
5.98,14.54,14.97,0.35
5.98,14.54,14.97,0.35
5.99,14.54,14.97,0.35
5.99,14.53,14.97,0.35
6.0,14.53,14.97,0.35
6.0,14.53,14.97,0.35
6.0,14.52,14.97,0.35
6.01,14.52,14.97,0.35
6.01,14.52,14.97,0.35
6.02,14.52,14.97,0.35
6.02,14.51,14.97,0.35
6.03,14.51,14.97,0.35
6.03,14.51,14.97,0.35
6.04,14.51,14.97,0.35
6.04,14.5,14.97,0.35
6.05,14.5,14.97,0.35
6.05,14.5,14.97,0.35
6.05,14.5,14.97,0.35
6.06,14.49,14.97,0.35
6.06,14.49,14.97,0.35
6.07,14.49,14.97,0.35
6.07,14.48,14.97,0.35
6.08,14.48,14.97,0.35
6.08,14.48,14.97,0.35
6.09,14.48,14.97,0.35
6.09,14.47,14.97,0.35
6.09,14.47,14.97,0.35
6.1,14.47,14.97,0.35
6.1,14.47,14.97,0.35
6.11,14.46,14.97,0.35
6.11,14.46,14.97,0.35
6.12,14.46,14.97,0.35
6.12,14.46,14.97,0.35
6.13,14.45,14.97,0.35
6.13,14.45,14.97,0.35
6.14,14.45,14.97,0.35
6.14,14.44,14.97,0.35
6.15,14.44,14.97,0.35
6.15,14.44,14.97,0.35
6.15,14.44,14.97,0.35
6.16,14.43,14.97,0.35
6.16,14.43,14.97,0.35
6.17,14.43,14.97,0.35
6.17,14.43,14.97,0.35
6.18,14.42,14.97,0.35
6.18,14.42,14.97,0.35
6.19,14.42,14.97,0.35
6.19,14.42,14.97,0.35
6.2,14.41,14.97,0.35
6.2,14.41,14.97,0.35
6.2,14.41,14.97,0.35
6.21,14.41,14.97,0.35
6.21,14.4,14.97,0.35
6.22,14.4,14.97,0.35
6.22,14.4,14.97,0.35
6.23,14.4,14.97,0.35
6.23,14.39,14.97,0.35
6.24,14.39,14.97,0.35
6.24,14.39,14.97,0.35
6.24,14.39,14.97,0.35
6.25,14.38,14.97,0.35
6.25,14.38,14.97,0.35
6.26,14.38,14.97,0.35
6.26,14.38,14.97,0.35
6.27,14.37,14.97,0.35
6.27,14.37,14.97,0.35
6.28,14.37,14.97,0.35
6.28,14.37,14.97,0.35
6.29,14.36,14.96,0.35
6.29,14.36,14.96,0.35
6.29,14.36,14.96,0.35
6.3,14.36,14.96,0.35
6.3,14.35,14.96,0.35
6.31,14.35,14.96,0.35
6.31,14.35,14.96,0.35
6.32,14.35,14.96,0.35
6.32,14.34,14.96,0.35
6.33,14.34,14.96,0.35
6.33,14.34,14.96,0.35
6.34,14.34,14.96,0.35
6.34,14.33,14.96,0.35
6.34,14.33,14.96,0.35
6.35,14.33,14.96,0.35
6.35,14.33,14.96,0.35
6.36,14.33,14.96,0.35
6.36,14.32,14.96,0.35
6.37,14.32,14.96,0.35
6.37,14.32,14.96,0.35
6.38,14.32,14.96,0.35
6.38,14.31,14.96,0.35
6.39,14.31,14.96,0.35
6.39,14.31,14.96,0.35
6.4,14.31,14.96,0.35
6.4,14.31,14.96,0.35
6.4,14.3,14.96,0.35
6.41,14.3,14.96,0.35
6.41,14.3,14.96,0.35
6.42,14.3,14.96,0.35
6.42,14.29,14.96,0.35
6.43,14.29,14.96,0.35
6.43,14.29,14.96,0.35
6.44,14.29,14.96,0.35
6.44,14.29,14.96,0.35
6.45,14.28,14.96,0.35
6.45,14.28,14.96,0.35
6.46,14.28,14.96,0.35
6.46,14.28,14.96,0.35
6.46,14.28,14.96,0.35
6.47,14.27,14.96,0.35
6.47,14.27,14.96,0.35
6.48,14.27,14.96,0.35
6.48,14.27,14.96,0.35
6.49,14.26,14.96,0.35
6.49,14.26,14.96,0.35
6.5,14.26,14.96,0.35
6.5,14.26,14.96,0.35
6.51,14.26,14.96,0.35
6.51,14.25,14.96,0.35
6.52,14.25,14.96,0.35
6.52,14.25,14.96,0.35
6.52,14.25,14.96,0.35
6.53,14.25,14.96,0.35
6.53,14.25,14.96,0.35
6.54,14.24,14.96,0.35
6.54,14.24,14.96,0.35
6.55,14.24,14.96,0.35
6.55,14.24,14.96,0.35
6.56,14.24,14.96,0.35
6.56,14.23,14.96,0.35
6.57,14.23,14.96,0.35
6.57,14.23,14.96,0.35
6.57,14.23,14.96,0.35
6.58,14.23,14.96,0.35
6.58,14.22,14.96,0.35
6.59,14.22,14.96,0.35
6.59,14.22,14.96,0.35
6.6,14.22,14.96,0.35
6.6,14.22,14.96,0.35
6.61,14.22,14.96,0.35
6.61,14.21,14.96,0.35
6.62,14.21,14.96,0.35
6.62,14.21,14.96,0.35
6.62,14.21,14.96,0.35
6.63,14.21,14.96,0.35
6.63,14.21,14.96,0.35
6.64,14.2,14.96,0.35
6.64,14.2,14.96,0.35
6.65,14.2,14.96,0.35
6.65,14.2,14.95,0.35
6.66,14.2,14.95,0.35
6.66,14.2,14.95,0.35
6.66,14.19,14.95,0.35
6.67,14.19,14.95,0.35
6.67,14.19,14.95,0.35
6.68,14.19,14.95,0.35
6.68,14.19,14.95,0.35
6.69,14.19,14.95,0.35
6.69,14.18,14.95,0.35
6.7,14.18,14.95,0.35
6.7,14.18,14.95,0.35
6.71,14.18,14.95,0.35
6.71,14.18,14.95,0.35
6.71,14.18,14.95,0.35
6.72,14.18,14.95,0.35
6.72,14.17,14.95,0.35
6.73,14.17,14.95,0.35
6.73,14.17,14.95,0.35
6.74,14.17,14.95,0.35
6.74,14.17,14.95,0.35
6.75,14.17,14.95,0.35
6.75,14.17,14.95,0.35
6.75,14.16,14.95,0.35
6.76,14.16,14.95,0.35
6.76,14.16,14.95,0.35
6.77,14.16,14.95,0.35
6.77,14.16,14.95,0.35
6.78,14.16,14.95,0.35
6.78,14.16,14.95,0.35
6.79,14.15,14.95,0.35
6.79,14.15,14.95,0.35
6.8,14.15,14.95,0.35
6.8,14.15,14.95,0.35
6.81,14.15,14.95,0.35
6.81,14.15,14.95,0.35
6.81,14.15,14.95,0.35
6.82,14.15,14.95,0.35
6.82,14.14,14.95,0.35
6.83,14.14,14.95,0.35
6.83,14.14,14.95,0.35
6.84,14.14,14.95,0.35
6.84,14.14,14.95,0.35
6.85,14.14,14.95,0.35
6.85,14.14,14.95,0.35
6.86,14.14,14.95,0.35
6.86,14.14,14.95,0.35
6.86,14.13,14.95,0.35
6.87,14.13,14.95,0.35
6.87,14.13,14.95,0.35
6.88,14.13,14.95,0.35
6.88,14.13,14.95,0.35
6.89,14.13,14.95,0.35
6.89,14.13,14.95,0.35
6.9,14.13,14.95,0.35
6.9,14.13,14.95,0.35
6.9,14.12,14.95,0.35
6.91,14.12,14.95,0.35
6.91,14.12,14.95,0.35
6.92,14.12,14.95,0.35
6.92,14.12,14.95,0.35
6.93,14.12,14.95,0.35
6.93,14.12,14.95,0.35
6.94,14.12,14.95,0.35
6.94,14.12,14.95,0.35
6.94,14.12,14.95,0.35
6.95,14.11,14.95,0.35
6.95,14.11,14.95,0.35
6.96,14.11,14.95,0.35
6.96,14.11,14.95,0.35
6.97,14.11,14.95,0.35
6.97,14.11,14.95,0.35
6.98,14.11,14.95,0.35
6.98,14.11,14.95,0.35
6.99,14.11,14.95,0.35
6.99,14.11,14.95,0.35
6.99,14.11,14.95,0.35
7.0,14.1,14.95,0.35
7.0,14.1,14.95,0.35
7.01,14.1,14.95,0.35
7.01,14.1,14.94,0.35
7.02,14.1,14.94,0.35
7.02,14.1,14.94,0.35
7.03,14.1,14.94,0.35
7.03,14.1,14.94,0.35
7.03,14.1,14.94,0.35
7.04,14.1,14.94,0.35
7.04,14.1,14.94,0.35
7.05,14.1,14.94,0.35
7.05,14.1,14.94,0.35
7.06,14.09,14.94,0.35
7.06,14.09,14.94,0.35
7.07,14.09,14.94,0.35
7.07,14.09,14.94,0.35
7.07,14.09,14.94,0.35
7.08,14.09,14.94,0.35
7.08,14.09,14.94,0.35
7.09,14.09,14.94,0.35
7.09,14.09,14.94,0.35
7.1,14.09,14.94,0.35
7.1,14.09,14.94,0.35
7.11,14.09,14.94,0.35
7.11,14.09,14.94,0.35
7.12,14.09,14.94,0.35
7.12,14.09,14.94,0.35
7.12,14.08,14.94,0.35
7.13,14.08,14.94,0.35
7.13,14.08,14.94,0.35
7.14,14.08,14.94,0.35
7.14,14.08,14.94,0.35
7.15,14.08,14.94,0.35
7.15,14.08,14.94,0.35
7.16,14.08,14.94,0.35
7.16,14.08,14.94,0.35
7.16,14.08,14.94,0.35
7.17,14.08,14.94,0.35
7.17,14.08,14.94,0.35
7.18,14.08,14.94,0.35
7.18,14.08,14.94,0.35
7.19,14.08,14.94,0.35
7.19,14.08,14.94,0.35
7.2,14.08,14.94,0.35
7.2,14.08,14.94,0.35
7.2,14.08,14.94,0.35
7.21,14.07,14.94,0.35
7.21,14.07,14.94,0.35
7.22,14.07,14.94,0.35
7.22,14.07,14.94,0.35
7.23,14.07,14.94,0.35
7.23,14.07,14.94,0.35
7.24,14.07,14.94,0.35
7.24,14.07,14.94,0.35
7.25,14.07,14.94,0.35
7.25,14.07,14.94,0.35
7.25,14.07,14.94,0.35
7.26,14.07,14.94,0.35
7.26,14.07,14.94,0.35
7.27,14.07,14.94,0.35
7.27,14.07,14.94,0.35
7.28,14.07,14.94,0.35
7.28,14.07,14.94,0.35
7.29,14.07,14.94,0.35
7.29,14.07,14.94,0.35
7.3,14.07,14.94,0.35
7.3,14.07,14.94,0.35
7.3,14.07,14.94,0.35
7.31,14.07,14.94,0.35
7.31,14.07,14.94,0.35
7.32,14.07,14.94,0.35
7.32,14.07,14.94,0.35
7.33,14.07,14.94,0.35
7.33,14.07,14.94,0.35
7.34,14.06,14.94,0.35
7.34,14.06,14.94,0.35
7.34,14.06,14.94,0.35
7.35,14.06,14.94,0.35
7.35,14.06,14.94,0.35
7.36,14.06,14.94,0.35
7.36,14.06,14.94,0.35
7.37,14.06,14.94,0.35
7.37,14.06,14.93,0.35
7.38,14.06,14.93,0.35
7.38,14.06,14.93,0.35
7.39,14.06,14.93,0.35
7.39,14.06,14.93,0.35
7.39,14.06,14.93,0.35
7.4,14.06,14.93,0.35
7.4,14.06,14.93,0.35
7.41,14.06,14.93,0.35
7.41,14.06,14.93,0.35
7.42,14.06,14.93,0.35
7.42,14.06,14.93,0.35
7.43,14.06,14.93,0.35
7.43,14.06,14.93,0.35
7.44,14.06,14.93,0.35
7.44,14.06,14.93,0.35
7.44,14.06,14.93,0.35
7.45,14.06,14.93,0.35
7.45,14.06,14.93,0.35
7.46,14.06,14.93,0.35
7.46,14.06,14.93,0.35
7.47,14.06,14.93,0.35
7.47,14.06,14.93,0.35
7.48,14.06,14.93,0.35
7.48,14.06,14.93,0.35
7.48,14.06,14.93,0.35
7.49,14.06,14.93,0.35
7.49,14.06,14.93,0.35
7.5,14.06,14.93,0.35
7.5,14.06,14.93,0.35
7.51,14.06,14.93,0.35
7.51,14.06,14.93,0.35
7.52,14.06,14.93,0.35
7.52,14.06,14.93,0.35
7.53,14.06,14.93,0.35
7.53,14.06,14.93,0.35
7.53,14.06,14.93,0.35
7.54,14.06,14.93,0.35
7.54,14.06,14.93,0.35
7.55,14.06,14.93,0.35
7.55,14.06,14.93,0.35
7.56,14.06,14.93,0.35
7.56,14.06,14.93,0.35
7.57,14.06,14.93,0.35
7.57,14.06,14.93,0.35
7.57,14.06,14.93,0.35
7.58,14.06,14.93,0.35
7.58,14.06,14.93,0.35
7.59,14.06,14.93,0.35
7.59,14.06,14.93,0.35
7.6,14.06,14.93,0.35
7.6,14.06,14.93,0.35
7.61,14.06,14.93,0.35
7.61,14.06,14.93,0.35
7.62,14.06,14.93,0.35
7.62,14.06,14.93,0.35
7.62,14.06,14.93,0.35
7.63,14.06,14.93,0.35
7.63,14.06,14.93,0.35
7.64,14.06,14.93,0.35
7.64,14.06,14.93,0.35
7.65,14.06,14.93,0.35
7.65,14.06,14.93,0.35
7.66,14.06,14.93,0.35
7.66,14.06,14.93,0.35
7.66,14.06,14.93,0.35
7.67,14.06,14.93,0.35
7.67,14.06,14.93,0.35
7.68,14.06,14.93,0.35
7.68,14.06,14.93,0.35
7.69,14.06,14.93,0.35
7.69,14.06,14.93,0.35
7.7,14.06,14.93,0.35
7.7,14.06,14.93,0.35
7.71,14.06,14.93,0.35
7.71,14.06,14.93,0.35
7.71,14.06,14.93,0.35
7.72,14.06,14.93,0.35
7.72,14.06,14.93,0.35
7.73,14.06,14.93,0.35
7.73,14.06,14.92,0.35
7.74,14.06,14.92,0.35
7.74,14.06,14.92,0.35
7.75,14.06,14.92,0.35
7.75,14.06,14.92,0.35
7.75,14.06,14.92,0.35
7.76,14.06,14.92,0.35
7.76,14.06,14.92,0.35
7.77,14.06,14.92,0.35
7.77,14.06,14.92,0.35
7.78,14.06,14.92,0.35
7.78,14.06,14.92,0.35
7.79,14.06,14.92,0.35
7.79,14.06,14.92,0.35
7.8,14.06,14.92,0.35
7.8,14.06,14.92,0.35
7.8,14.06,14.92,0.35
7.81,14.06,14.92,0.35
7.81,14.06,14.92,0.35
7.82,14.06,14.92,0.35
7.82,14.06,14.92,0.35
7.83,14.06,14.92,0.35
7.83,14.06,14.92,0.35
7.84,14.06,14.92,0.35
7.84,14.06,14.92,0.35
7.85,14.06,14.92,0.35
7.85,14.06,14.92,0.35
7.85,14.06,14.92,0.35
7.86,14.06,14.92,0.35
7.86,14.06,14.92,0.35
7.87,14.06,14.92,0.35
7.87,14.06,14.92,0.35
7.88,14.06,14.92,0.35
7.88,14.06,14.92,0.35
7.89,14.06,14.92,0.35
7.89,14.06,14.92,0.35
7.9,14.06,14.92,0.35
7.9,14.06,14.92,0.35
7.9,14.06,14.92,0.35
7.91,14.06,14.92,0.35
7.91,14.06,14.92,0.35
7.92,14.06,14.92,0.35
7.92,14.07,14.92,0.35
7.93,14.07,14.92,0.35
7.93,14.07,14.92,0.35
7.94,14.07,14.92,0.35
7.94,14.07,14.92,0.35
7.95,14.07,14.92,0.35
7.95,14.07,14.92,0.35
7.95,14.07,14.92,0.35
7.96,14.07,14.92,0.35
7.96,14.07,14.92,0.35
7.97,14.07,14.92,0.35
7.97,14.07,14.92,0.35
7.98,14.07,14.92,0.35
7.98,14.07,14.92,0.35
7.99,14.07,14.92,0.35
7.99,14.07,14.92,0.35
7.99,14.07,14.92,0.35
8.0,14.07,14.92,0.35
8.0,14.07,14.92,0.35
8.01,14.07,14.92,0.35
8.01,14.07,14.92,0.35
8.02,14.07,14.92,0.35
8.02,14.07,14.92,0.35
8.03,14.07,14.92,0.35
8.03,14.07,14.92,0.35
8.04,14.07,14.92,0.35
8.04,14.07,14.92,0.35
8.04,14.07,14.92,0.35
8.05,14.07,14.92,0.35
8.05,14.07,14.92,0.35
8.06,14.07,14.92,0.35
8.06,14.07,14.92,0.35
8.07,14.07,14.92,0.35
8.07,14.07,14.92,0.35
8.08,14.07,14.92,0.35
8.08,14.07,14.92,0.35
8.08,14.07,14.92,0.35
8.09,14.07,14.92,0.35
8.09,14.07,14.91,0.35
8.1,14.07,14.91,0.35
8.1,14.07,14.91,0.35
8.11,14.07,14.91,0.35
8.11,14.07,14.91,0.35
8.12,14.07,14.91,0.35
8.12,14.07,14.91,0.35
8.13,14.07,14.91,0.35
8.13,14.07,14.91,0.35
8.13,14.07,14.91,0.35
8.14,14.07,14.91,0.35
8.14,14.07,14.91,0.35
8.15,14.07,14.91,0.35
8.15,14.07,14.91,0.35
8.16,14.07,14.91,0.35
8.16,14.07,14.91,0.35
8.17,14.08,14.91,0.35
8.17,14.08,14.91,0.35
8.18,14.08,14.91,0.35
8.18,14.08,14.91,0.35
8.18,14.08,14.91,0.35
8.19,14.08,14.91,0.35
8.19,14.08,14.91,0.35
8.2,14.08,14.91,0.35
8.2,14.08,14.91,0.35
8.21,14.08,14.91,0.35
8.21,14.08,14.91,0.35
8.22,14.08,14.91,0.35
8.22,14.08,14.91,0.35
8.22,14.08,14.91,0.35
8.23,14.08,14.91,0.35
8.23,14.08,14.91,0.35
8.24,14.08,14.91,0.35
8.24,14.08,14.91,0.35
8.25,14.08,14.91,0.35
8.25,14.08,14.91,0.35
8.26,14.08,14.91,0.35
8.26,14.08,14.91,0.35
8.26,14.08,14.91,0.35
8.27,14.08,14.91,0.35
8.27,14.08,14.91,0.35
8.28,14.08,14.91,0.35
8.28,14.08,14.91,0.35
8.29,14.08,14.91,0.35
8.29,14.08,14.91,0.35
8.3,14.08,14.91,0.35
8.3,14.08,14.91,0.35
8.31,14.08,14.91,0.35
8.31,14.08,14.91,0.35
8.31,14.08,14.91,0.35
8.32,14.08,14.91,0.35
8.32,14.08,14.91,0.35
8.33,14.08,14.91,0.35
8.33,14.08,14.91,0.35
8.34,14.08,14.91,0.35
8.34,14.08,14.91,0.35
8.35,14.08,14.91,0.35
8.35,14.08,14.91,0.35
8.36,14.08,14.91,0.35
8.36,14.08,14.91,0.35
8.36,14.08,14.91,0.35
8.37,14.08,14.91,0.35
8.37,14.08,14.91,0.35
8.38,14.08,14.91,0.35
8.38,14.08,14.91,0.35
8.39,14.08,14.91,0.35
8.39,14.08,14.91,0.35
8.4,14.08,14.91,0.35
8.4,14.09,14.91,0.35
8.41,14.09,14.91,0.35
8.41,14.09,14.91,0.35
8.42,14.09,14.91,0.35
8.42,14.09,14.91,0.35
8.43,14.09,14.91,0.35
8.43,14.09,14.91,0.35
8.43,14.09,14.91,0.35
8.44,14.09,14.91,0.35
8.44,14.09,14.91,0.35
8.45,14.09,14.91,0.35
8.45,14.09,14.91,0.35
8.46,14.09,14.9,0.35
8.46,14.09,14.9,0.35
8.47,14.09,14.9,0.35
8.47,14.09,14.9,0.35
8.48,14.09,14.9,0.35
8.48,14.09,14.9,0.35
8.48,14.09,14.9,0.35
8.49,14.09,14.9,0.35
8.49,14.09,14.9,0.35
8.5,14.09,14.9,0.35
8.5,14.09,14.9,0.35
8.51,14.09,14.9,0.35
8.51,14.09,14.9,0.35
8.52,14.09,14.9,0.35
8.52,14.09,14.9,0.35
8.53,14.09,14.9,0.35
8.53,14.09,14.9,0.35
8.54,14.09,14.9,0.35
8.54,14.09,14.9,0.35
8.55,14.09,14.9,0.35
8.55,14.09,14.9,0.35
8.56,14.09,14.9,0.35
8.56,14.09,14.9,0.35
8.56,14.09,14.9,0.35
8.57,14.09,14.9,0.35
8.57,14.09,14.9,0.35
8.58,14.09,14.9,0.35
8.58,14.09,14.9,0.35
8.59,14.09,14.9,0.35
8.59,14.09,14.9,0.35
8.6,14.09,14.9,0.35
8.6,14.09,14.9,0.35
8.61,14.09,14.9,0.35
8.61,14.09,14.9,0.35
8.62,14.09,14.9,0.35
8.62,14.09,14.9,0.35
8.63,14.09,14.9,0.35
8.63,14.09,14.9,0.35
8.64,14.09,14.9,0.35
8.64,14.09,14.9,0.35
8.65,14.09,14.9,0.35
8.65,14.09,14.9,0.35
8.66,14.09,14.9,0.35
8.66,14.09,14.9,0.35
8.67,14.09,14.9,0.35
8.67,14.09,14.9,0.35
8.68,14.09,14.9,0.35
8.68,14.09,14.9,0.35
8.69,14.09,14.9,0.35
8.69,14.1,14.9,0.35
8.7,14.1,14.9,0.35
8.7,14.1,14.9,0.35
8.71,14.1,14.9,0.35
8.71,14.1,14.9,0.35
8.72,14.1,14.9,0.35
8.72,14.1,14.9,0.35
8.73,14.1,14.9,0.35
8.73,14.1,14.9,0.35
8.74,14.1,14.9,0.35
8.74,14.1,14.9,0.35
8.75,14.1,14.9,0.35
8.75,14.1,14.9,0.35
8.76,14.1,14.9,0.35
8.76,14.1,14.9,0.35
8.77,14.1,14.9,0.35
8.77,14.1,14.9,0.35
8.78,14.1,14.9,0.35
8.78,14.1,14.9,0.35
8.79,14.1,14.9,0.35
8.79,14.1,14.9,0.35
8.8,14.1,14.9,0.35
8.8,14.1,14.9,0.35
8.81,14.1,14.9,0.35
8.81,14.1,14.9,0.35
8.82,14.1,14.9,0.35
8.82,14.1,14.9,0.35
8.82,14.1,14.9,0.35
8.83,14.1,14.9,0.35
8.83,14.1,14.9,0.35
8.84,14.1,14.9,0.35
8.84,14.1,14.89,0.35
8.85,14.1,14.89,0.35
8.85,14.1,14.89,0.35
8.86,14.1,14.89,0.35
8.86,14.1,14.89,0.35
8.87,14.1,14.89,0.35
8.87,14.1,14.89,0.35
8.88,14.1,14.89,0.35
8.88,14.1,14.89,0.35
8.89,14.1,14.89,0.35
8.89,14.1,14.89,0.35
8.9,14.1,14.89,0.35
8.9,14.1,14.89,0.35
8.91,14.1,14.89,0.35
8.91,14.1,14.89,0.35
8.92,14.1,14.89,0.35
8.92,14.1,14.89,0.35
8.93,14.1,14.89,0.35
8.93,14.1,14.89,0.35
8.94,14.1,14.89,0.35
8.94,14.1,14.89,0.35
8.95,14.1,14.89,0.35
8.95,14.1,14.89,0.35
8.96,14.1,14.89,0.35
8.96,14.1,14.89,0.35
8.97,14.1,14.89,0.35
8.97,14.1,14.89,0.35
8.98,14.1,14.89,0.35
8.98,14.1,14.89,0.35
8.99,14.1,14.89,0.35
8.99,14.1,14.89,0.35
9.0,14.1,14.89,0.35
9.0,14.1,14.89,0.35
9.0,14.1,14.89,0.35
9.01,14.1,14.89,0.35
9.02,14.1,14.89,0.35
9.02,14.1,14.89,0.35
9.03,14.1,14.89,0.35
9.03,14.1,14.89,0.35
9.03,14.1,14.89,0.35
9.04,14.1,14.89,0.35
9.04,14.1,14.89,0.35
9.05,14.1,14.89,0.35
9.05,14.1,14.89,0.35
9.06,14.1,14.89,0.35
9.06,14.1,14.89,0.35
9.07,14.1,14.89,0.35
9.07,14.1,14.89,0.35
9.08,14.1,14.89,0.35
9.08,14.1,14.89,0.35
9.09,14.1,14.89,0.35
9.09,14.1,14.89,0.35
9.1,14.1,14.89,0.35
9.1,14.1,14.89,0.35
9.11,14.1,14.89,0.35
9.11,14.1,14.89,0.35
9.12,14.1,14.89,0.35
9.12,14.1,14.89,0.35
9.13,14.1,14.89,0.35
9.13,14.1,14.89,0.35
9.14,14.1,14.89,0.35
9.14,14.1,14.89,0.35
9.15,14.1,14.89,0.35
9.15,14.1,14.89,0.35
9.16,14.1,14.89,0.35
9.16,14.11,14.89,0.35
9.17,14.11,14.89,0.35
9.17,14.11,14.89,0.35
9.18,14.11,14.89,0.35
9.18,14.11,14.89,0.35
9.19,14.11,14.89,0.35
9.19,14.11,14.89,0.35
9.2,14.11,14.89,0.35
9.2,14.11,14.89,0.35
9.21,14.11,14.89,0.35
9.21,14.11,14.89,0.35
9.22,14.11,14.89,0.35
9.22,14.11,14.89,0.35
9.23,14.11,14.89,0.35
9.23,14.11,14.89,0.35
9.24,14.11,14.88,0.35
9.24,14.11,14.88,0.35
9.25,14.11,14.88,0.35
9.25,14.11,14.88,0.35
9.26,14.11,14.88,0.35
9.26,14.11,14.88,0.35
9.27,14.11,14.88,0.35
9.27,14.11,14.88,0.35
9.28,14.11,14.88,0.35
9.28,14.11,14.88,0.35
9.29,14.11,14.88,0.35
9.29,14.11,14.88,0.35
9.3,14.11,14.88,0.35
9.3,14.11,14.88,0.35
9.31,14.11,14.88,0.35
9.31,14.11,14.88,0.35
9.32,14.11,14.88,0.35
9.33,14.11,14.88,0.35
9.33,14.11,14.88,0.35
9.34,14.11,14.88,0.35
9.34,14.11,14.88,0.35
9.35,14.11,14.88,0.35
9.35,14.11,14.88,0.35
9.36,14.11,14.88,0.35
9.36,14.11,14.88,0.35
9.37,14.11,14.88,0.35
9.37,14.11,14.88,0.35
9.38,14.11,14.88,0.35
9.38,14.11,14.88,0.35
9.39,14.11,14.88,0.35
9.39,14.11,14.88,0.35
9.39,14.11,14.88,0.35
9.4,14.11,14.88,0.35
9.41,14.11,14.88,0.35
9.41,14.11,14.88,0.35
9.41,14.11,14.88,0.35
9.42,14.11,14.88,0.35
9.42,14.11,14.88,0.35
9.43,14.11,14.88,0.35
9.43,14.11,14.88,0.35
9.44,14.11,14.88,0.35
9.44,14.11,14.88,0.35
9.45,14.11,14.88,0.35
9.45,14.11,14.88,0.35
9.46,14.11,14.88,0.35
9.46,14.11,14.88,0.35
9.47,14.11,14.88,0.35
9.47,14.11,14.88,0.35
9.48,14.11,14.88,0.35
9.48,14.11,14.88,0.35
9.49,14.11,14.88,0.35
9.49,14.11,14.88,0.35
9.5,14.11,14.88,0.35
9.5,14.11,14.88,0.35
9.51,14.11,14.88,0.35
9.51,14.11,14.88,0.35
9.52,14.11,14.88,0.35
9.52,14.11,14.88,0.35
9.53,14.11,14.88,0.35
9.53,14.11,14.88,0.35
9.54,14.11,14.88,0.35
9.54,14.11,14.88,0.35
9.55,14.11,14.88,0.35
9.55,14.11,14.88,0.35
9.56,14.11,14.88,0.35
9.56,14.11,14.88,0.35
9.57,14.11,14.88,0.35
9.57,14.11,14.88,0.35
9.58,14.11,14.88,0.35
9.58,14.11,14.88,0.35
9.59,14.11,14.88,0.35
9.59,14.11,14.88,0.35
9.6,14.11,14.88,0.35
9.6,14.11,14.88,0.35
9.61,14.11,14.88,0.35
9.61,14.11,14.88,0.35
9.62,14.11,14.88,0.35
9.62,14.11,14.88,0.35
9.63,14.11,14.88,0.35
9.63,14.11,14.88,0.35
9.64,14.11,14.87,0.35
9.64,14.11,14.87,0.35
9.65,14.11,14.87,0.35
9.65,14.11,14.87,0.35
9.66,14.11,14.87,0.35
9.66,14.11,14.87,0.35
9.67,14.11,14.87,0.35
9.67,14.11,14.87,0.35
9.68,14.11,14.87,0.35
9.68,14.11,14.87,0.35
9.69,14.11,14.87,0.35
9.69,14.11,14.87,0.35
9.7,14.11,14.87,0.35
9.7,14.11,14.87,0.35
9.71,14.11,14.87,0.35
9.71,14.11,14.87,0.35
9.72,14.11,14.87,0.35
9.72,14.11,14.87,0.35
9.73,14.11,14.87,0.35
9.73,14.11,14.87,0.35
9.74,14.11,14.87,0.35
9.74,14.11,14.87,0.35
9.75,14.11,14.87,0.35
9.75,14.11,14.87,0.35
9.76,14.11,14.87,0.35
9.76,14.11,14.87,0.35
9.76,14.11,14.87,0.35
9.77,14.11,14.87,0.35
9.77,14.11,14.87,0.35
9.78,14.11,14.87,0.35
9.79,14.11,14.87,0.35
9.79,14.11,14.87,0.35
9.8,14.11,14.87,0.35
9.8,14.11,14.87,0.35
9.81,14.11,14.87,0.35
9.81,14.11,14.87,0.35
9.82,14.11,14.87,0.35
9.82,14.11,14.87,0.35
9.83,14.11,14.87,0.35
9.83,14.11,14.87,0.35
9.83,14.11,14.87,0.35
9.84,14.11,14.87,0.35
9.84,14.11,14.87,0.35
9.85,14.11,14.87,0.35
9.85,14.11,14.87,0.35
9.86,14.11,14.87,0.35
9.86,14.11,14.87,0.35
9.87,14.11,14.87,0.35
9.87,14.11,14.87,0.35
9.88,14.11,14.87,0.35
9.88,14.11,14.87,0.35
9.89,14.11,14.87,0.35
9.89,14.11,14.87,0.35
9.9,14.11,14.87,0.35
9.9,14.11,14.87,0.35
9.91,14.11,14.87,0.35
9.91,14.11,14.87,0.35
9.92,14.11,14.87,0.35
9.92,14.11,14.87,0.35
9.93,14.11,14.87,0.35
9.94,14.11,14.87,0.35
9.94,14.11,14.87,0.35
9.94,14.11,14.87,0.35
9.95,14.11,14.87,0.35
9.96,14.11,14.87,0.35
9.96,14.11,14.87,0.35
9.97,14.11,14.87,0.35
9.97,14.11,14.87,0.35
9.97,14.11,14.87,0.35
9.98,14.11,14.87,0.35
9.98,14.11,14.87,0.35
9.99,14.11,14.87,0.35
9.99,14.11,14.87,0.35
10.0,14.11,14.87,0.35
10.0,14.11,14.87,0.35
10.01,14.11,14.87,0.35
10.01,14.11,14.87,0.35
10.02,14.11,14.87,0.35
10.03,14.11,14.87,0.35
10.03,14.11,14.87,0.35
10.04,14.11,14.86,0.35
10.04,14.11,14.86,0.35
10.05,14.11,14.86,0.35
10.05,14.11,14.86,0.35
10.06,14.11,14.86,0.35
10.06,14.11,14.86,0.35
10.06,14.11,14.86,0.35
10.07,14.11,14.86,0.35
10.07,14.11,14.86,0.35
10.08,14.11,14.86,0.35
10.08,14.11,14.86,0.35
10.09,14.11,14.86,0.35
10.09,14.11,14.86,0.35
10.1,14.11,14.86,0.35
10.1,14.11,14.86,0.35
10.11,14.11,14.86,0.35
10.11,14.11,14.86,0.35
10.12,14.11,14.86,0.35
10.12,14.11,14.86,0.35
10.13,14.11,14.86,0.35
10.13,14.11,14.86,0.35
10.14,14.11,14.86,0.35
10.14,14.11,14.86,0.35
10.15,14.11,14.86,0.35
10.15,14.11,14.86,0.35
10.16,14.11,14.86,0.35
10.16,14.11,14.86,0.35
10.17,14.11,14.86,0.35
10.17,14.11,14.86,0.35
10.18,14.11,14.86,0.35
10.18,14.11,14.86,0.35
10.18,14.11,14.86,0.35
10.19,14.11,14.86,0.35
10.19,14.11,14.86,0.35
10.2,14.11,14.86,0.35
10.2,14.11,14.86,0.35
10.21,14.11,14.86,0.35
10.21,14.11,14.86,0.35
10.22,14.11,14.86,0.35
10.22,14.11,14.86,0.35
10.23,14.11,14.86,0.35
10.23,14.11,14.86,0.35
10.24,14.11,14.86,0.35
10.24,14.11,14.86,0.35
10.25,14.11,14.86,0.35
10.25,14.11,14.86,0.35
10.26,14.11,14.86,0.35
10.26,14.11,14.86,0.35
10.26,14.11,14.86,0.35
10.27,14.11,14.86,0.35
10.27,14.11,14.86,0.35
10.28,14.11,14.86,0.35
10.28,14.11,14.86,0.35
10.29,14.11,14.86,0.35
10.29,14.11,14.86,0.35
10.3,14.11,14.86,0.35
10.3,14.11,14.86,0.35
10.31,14.11,14.86,0.35
10.31,14.11,14.86,0.35
10.32,14.11,14.86,0.35
10.32,14.11,14.86,0.35
10.33,14.11,14.86,0.35
10.33,14.11,14.86,0.35
10.34,14.11,14.86,0.35
10.34,14.11,14.86,0.35
10.35,14.11,14.86,0.35
10.35,14.11,14.86,0.35
10.36,14.11,14.86,0.35
10.36,14.11,14.86,0.35
10.36,14.11,14.86,0.35
10.37,14.11,14.86,0.35
10.37,14.11,14.86,0.35
10.38,14.11,14.86,0.35
10.38,14.11,14.86,0.35
10.39,14.11,14.86,0.35
10.39,14.11,14.86,0.35
10.4,14.11,14.86,0.35
10.4,14.11,14.86,0.35
10.41,14.11,14.86,0.35
10.41,14.11,14.86,0.35
10.42,14.11,14.85,0.35
10.42,14.11,14.85,0.35
10.43,14.11,14.85,0.35
10.43,14.11,14.85,0.35
10.44,14.11,14.85,0.35
10.44,14.11,14.85,0.35
10.44,14.11,14.85,0.35
10.45,14.11,14.85,0.35
10.45,14.11,14.85,0.35
10.46,14.11,14.85,0.35
10.46,14.11,14.85,0.35
10.47,14.11,14.85,0.35
10.47,14.11,14.85,0.35
10.48,14.11,14.85,0.35
10.48,14.11,14.85,0.35
10.48,14.11,14.85,0.35
10.49,14.11,14.85,0.35
10.49,14.11,14.85,0.35
10.5,14.11,14.85,0.35
10.5,14.11,14.85,0.35
10.51,14.11,14.85,0.35
10.51,14.11,14.85,0.35
10.52,14.11,14.85,0.35
10.52,14.11,14.85,0.35
10.53,14.11,14.85,0.35
10.53,14.11,14.85,0.35
10.53,14.11,14.85,0.35
10.54,14.11,14.85,0.35
10.54,14.11,14.85,0.35
10.55,14.11,14.85,0.35
10.55,14.11,14.85,0.35
10.56,14.11,14.85,0.35
10.56,14.11,14.85,0.35
10.57,14.11,14.85,0.35
10.57,14.11,14.85,0.35
10.57,14.11,14.85,0.35
10.58,14.11,14.85,0.35
10.58,14.11,14.85,0.35
10.59,14.11,14.85,0.35
10.59,14.11,14.85,0.35
10.6,14.11,14.85,0.35
10.6,14.11,14.85,0.35
10.61,14.11,14.85,0.35
10.61,14.11,14.85,0.35
10.62,14.11,14.85,0.35
10.62,14.11,14.85,0.35
10.62,14.11,14.85,0.35
10.63,14.11,14.85,0.35
10.63,14.11,14.85,0.35
10.64,14.11,14.85,0.35
10.64,14.11,14.85,0.35
10.65,14.11,14.85,0.35
10.65,14.11,14.85,0.35
10.66,14.11,14.85,0.35
10.66,14.11,14.85,0.35
10.67,14.11,14.85,0.35
10.67,14.11,14.85,0.35
10.67,14.11,14.85,0.35
10.68,14.11,14.85,0.35
10.68,14.11,14.85,0.35
10.69,14.11,14.85,0.35
10.69,14.11,14.85,0.35
10.7,14.11,14.85,0.35
10.7,14.11,14.85,0.35
10.71,14.11,14.85,0.35
10.71,14.11,14.85,0.35
10.72,14.11,14.85,0.35
10.72,14.11,14.85,0.35
10.72,14.11,14.85,0.35
10.73,14.11,14.85,0.35
10.73,14.11,14.85,0.35
10.74,14.11,14.85,0.35
10.74,14.11,14.85,0.35
10.75,14.11,14.85,0.35
10.75,14.11,14.85,0.35
10.76,14.11,14.85,0.35
10.76,14.11,14.85,0.35
10.77,14.11,14.85,0.35
10.77,14.11,14.85,0.35
10.78,14.11,14.85,0.35
10.78,14.11,14.84,0.35
10.78,14.11,14.84,0.35
10.79,14.11,14.84,0.35
10.79,14.11,14.84,0.35
10.8,14.11,14.84,0.35
10.8,14.11,14.84,0.35
10.81,14.11,14.84,0.35
10.81,14.11,14.84,0.35
10.82,14.11,14.84,0.35
10.82,14.11,14.84,0.35
10.83,14.11,14.84,0.35
10.83,14.11,14.84,0.35
10.83,14.11,14.84,0.35
10.84,14.11,14.84,0.35
10.84,14.11,14.84,0.35
10.85,14.11,14.84,0.35
10.85,14.11,14.84,0.35
10.86,14.11,14.84,0.35
10.86,14.11,14.84,0.35
10.87,14.11,14.84,0.35
10.87,14.11,14.84,0.35
10.87,14.11,14.84,0.35
10.88,14.11,14.84,0.35
10.88,14.11,14.84,0.35
10.89,14.11,14.84,0.35
10.89,14.11,14.84,0.35
10.9,14.11,14.84,0.35
10.9,14.11,14.84,0.35
10.91,14.11,14.84,0.35
10.91,14.11,14.84,0.35
10.92,14.11,14.84,0.35
10.92,14.11,14.84,0.35
10.92,14.11,14.84,0.35
10.93,14.11,14.84,0.35
10.93,14.11,14.84,0.35
10.94,14.11,14.84,0.35
10.94,14.11,14.84,0.35
10.95,14.11,14.84,0.35
10.95,14.11,14.84,0.35
10.96,14.11,14.84,0.35
10.96,14.11,14.84,0.35
10.96,14.11,14.84,0.35
10.97,14.11,14.84,0.35
10.97,14.11,14.84,0.35
10.98,14.11,14.84,0.35
10.98,14.11,14.84,0.35
10.99,14.11,14.84,0.35
10.99,14.11,14.84,0.35
11.0,14.11,14.84,0.35
11.0,14.11,14.84,0.35
11.01,14.11,14.84,0.35
11.01,14.11,14.84,0.35
11.01,14.11,14.84,0.35
11.02,14.11,14.84,0.35
11.02,14.11,14.84,0.35
11.03,14.11,14.84,0.35
11.03,14.11,14.84,0.35
11.04,14.11,14.84,0.35
11.04,14.11,14.84,0.35
11.05,14.11,14.84,0.35
11.05,14.11,14.84,0.35
11.06,14.11,14.84,0.35
11.06,14.11,14.84,0.35
11.06,14.11,14.84,0.35
11.07,14.11,14.84,0.35
11.07,14.11,14.84,0.35
11.08,14.11,14.84,0.35
11.08,14.11,14.84,0.35
11.09,14.11,14.84,0.35
11.09,14.11,14.84,0.35
11.1,14.11,14.84,0.35
11.1,14.11,14.84,0.35
11.1,14.11,14.84,0.35
11.11,14.11,14.84,0.35
11.11,14.11,14.84,0.35
11.12,14.11,14.84,0.35
11.12,14.11,14.84,0.35
11.13,14.11,14.84,0.35
11.13,14.11,14.84,0.35
11.14,14.11,14.84,0.35
11.14,14.11,14.83,0.35
11.15,14.11,14.83,0.35
11.15,14.11,14.83,0.35
11.15,14.11,14.83,0.35
11.16,14.11,14.83,0.35
11.16,14.11,14.83,0.35
11.17,14.11,14.83,0.35
11.17,14.11,14.83,0.35
11.18,14.11,14.83,0.35
11.18,14.11,14.83,0.35
11.19,14.11,14.83,0.35
11.19,14.11,14.83,0.35
11.19,14.11,14.83,0.35
11.2,14.11,14.83,0.35
11.2,14.11,14.83,0.35
11.21,14.11,14.83,0.35
11.21,14.11,14.83,0.35
11.22,14.11,14.83,0.35
11.22,14.11,14.83,0.35
11.23,14.11,14.83,0.35
11.23,14.11,14.83,0.35
11.24,14.11,14.83,0.35
11.24,14.11,14.83,0.35
11.24,14.11,14.83,0.35
11.25,14.11,14.83,0.35
11.25,14.11,14.83,0.35
11.26,14.11,14.83,0.35
11.26,14.11,14.83,0.35
11.27,14.11,14.83,0.35
11.27,14.11,14.83,0.35
11.28,14.11,14.83,0.35
11.28,14.11,14.83,0.35
11.28,14.11,14.83,0.35
11.29,14.11,14.83,0.35
11.29,14.11,14.83,0.35
11.3,14.11,14.83,0.35
11.3,14.11,14.83,0.35
11.31,14.11,14.83,0.35
11.31,14.11,14.83,0.35
11.32,14.11,14.83,0.35
11.32,14.11,14.83,0.35
11.33,14.11,14.83,0.35
11.33,14.11,14.83,0.35
11.33,14.11,14.83,0.35
11.34,14.11,14.83,0.35
11.34,14.11,14.83,0.35
11.35,14.11,14.83,0.35
11.35,14.11,14.83,0.35
11.36,14.11,14.83,0.35
11.36,14.11,14.83,0.35
11.37,14.11,14.83,0.35
11.37,14.11,14.83,0.35
11.37,14.11,14.83,0.35
11.38,14.11,14.83,0.35
11.38,14.11,14.83,0.35
11.39,14.11,14.83,0.35
11.39,14.11,14.83,0.35
11.4,14.11,14.83,0.35
11.4,14.11,14.83,0.35
11.41,14.11,14.83,0.35
11.41,14.11,14.83,0.35
11.42,14.11,14.83,0.35
11.42,14.11,14.83,0.35
11.42,14.11,14.83,0.35
11.43,14.11,14.83,0.35
11.43,14.11,14.83,0.35
11.44,14.11,14.83,0.35
11.44,14.11,14.83,0.35
11.45,14.11,14.83,0.35
11.45,14.11,14.83,0.35
11.46,14.11,14.83,0.35
11.46,14.11,14.83,0.35
11.46,14.11,14.83,0.35
11.47,14.11,14.83,0.35
11.47,14.11,14.83,0.35
11.48,14.11,14.83,0.35
11.48,14.11,14.83,0.35
11.49,14.11,14.83,0.35
11.49,14.11,14.83,0.35
11.5,14.11,14.83,0.35
11.5,14.11,14.82,0.35
11.51,14.11,14.82,0.35
11.51,14.11,14.82,0.35
11.51,14.11,14.82,0.35
11.52,14.11,14.82,0.35
11.52,14.11,14.82,0.35
11.53,14.11,14.82,0.35
11.53,14.11,14.82,0.35
11.54,14.11,14.82,0.35
11.54,14.11,14.82,0.35
11.55,14.11,14.82,0.35
11.55,14.11,14.82,0.35
11.56,14.11,14.82,0.35
11.56,14.11,14.82,0.35
11.56,14.11,14.82,0.35
11.57,14.11,14.82,0.35
11.57,14.11,14.82,0.35
11.58,14.11,14.82,0.35
11.58,14.11,14.82,0.35
11.59,14.11,14.82,0.35
11.59,14.11,14.82,0.35
11.6,14.11,14.82,0.35
11.6,14.11,14.82,0.35
11.6,14.11,14.82,0.35
11.61,14.11,14.82,0.35
11.61,14.11,14.82,0.35
11.62,14.11,14.82,0.35
11.62,14.11,14.82,0.35
11.63,14.11,14.82,0.35
11.63,14.11,14.82,0.35
11.64,14.11,14.82,0.35
11.64,14.11,14.82,0.35
11.65,14.11,14.82,0.35
11.65,14.11,14.82,0.35
11.66,14.11,14.82,0.35
11.66,14.11,14.82,0.35
11.66,14.11,14.82,0.35
11.67,14.11,14.82,0.35
11.67,14.11,14.82,0.35
11.68,14.11,14.82,0.35
11.68,14.11,14.82,0.35
11.69,14.11,14.82,0.35
11.69,14.11,14.82,0.35
11.7,14.11,14.82,0.35
11.7,14.11,14.82,0.35
11.71,14.11,14.82,0.35
11.71,14.11,14.82,0.35
11.71,14.11,14.82,0.35
11.72,14.11,14.82,0.35
11.72,14.11,14.82,0.35
11.73,14.11,14.82,0.35
11.73,14.11,14.82,0.35
11.74,14.11,14.82,0.35
11.74,14.11,14.82,0.35
11.75,14.11,14.82,0.35
11.75,14.11,14.82,0.35
11.76,14.11,14.82,0.35
11.76,14.11,14.82,0.35
11.76,14.11,14.82,0.35
11.77,14.11,14.82,0.35
11.77,14.11,14.82,0.35
11.78,14.11,14.82,0.35
11.78,14.11,14.82,0.35
11.79,14.11,14.82,0.35
11.79,14.11,14.82,0.35
11.8,14.11,14.82,0.35
11.8,14.11,14.82,0.35
11.8,14.11,14.82,0.35
11.81,14.11,14.82,0.35
11.81,14.11,14.82,0.35
11.82,14.11,14.82,0.35
11.82,14.11,14.82,0.35
11.83,14.11,14.82,0.35
11.83,14.11,14.82,0.35
11.84,14.11,14.82,0.35
11.84,14.11,14.82,0.35
11.85,14.11,14.82,0.35
11.85,14.11,14.82,0.35
11.86,14.11,14.82,0.35
11.86,14.11,14.82,0.35
11.86,14.11,14.81,0.35
11.87,14.11,14.81,0.35
11.87,14.11,14.81,0.35
11.88,14.11,14.81,0.35
11.88,14.11,14.81,0.35
11.89,14.11,14.81,0.35
11.89,14.11,14.81,0.35
11.9,14.11,14.81,0.35
11.9,14.11,14.81,0.35
11.91,14.11,14.81,0.35
11.91,14.11,14.81,0.35
11.91,14.11,14.81,0.35
11.92,14.11,14.81,0.35
11.92,14.11,14.81,0.35
11.93,14.11,14.81,0.35
11.93,14.11,14.81,0.35
11.94,14.11,14.81,0.35
11.94,14.11,14.81,0.35
11.95,14.11,14.81,0.35
11.95,14.11,14.81,0.35
11.95,14.11,14.81,0.35
11.96,14.11,14.81,0.35
11.96,14.11,14.81,0.35
11.97,14.11,14.81,0.35
11.97,14.11,14.81,0.35
11.98,14.11,14.81,0.35
11.98,14.11,14.81,0.35
11.99,14.11,14.81,0.35
11.99,14.11,14.81,0.35
12.0,14.11,14.81,0.35
12.0,14.11,14.81,0.35
12.0,14.11,14.81,0.35
12.01,14.11,14.81,0.35
12.01,14.11,14.81,0.35
12.02,14.11,14.81,0.35
12.02,14.11,14.81,0.35
12.03,14.11,14.81,0.35
12.03,14.11,14.81,0.35
12.04,14.11,14.81,0.35
12.04,14.11,14.81,0.35
12.04,14.11,14.81,0.35
12.05,14.11,14.81,0.35
12.05,14.11,14.81,0.35
12.06,14.11,14.81,0.35
12.06,14.11,14.81,0.35
12.07,14.11,14.81,0.35
12.07,14.11,14.81,0.35
12.08,14.11,14.81,0.35
12.08,14.11,14.81,0.35
12.09,14.11,14.81,0.35
12.09,14.11,14.81,0.35
12.1,14.11,14.81,0.35
12.1,14.11,14.81,0.35
12.1,14.11,14.81,0.35
12.11,14.11,14.81,0.35
12.11,14.11,14.81,0.35
12.12,14.11,14.81,0.35
12.12,14.11,14.81,0.35
12.13,14.11,14.81,0.35
12.13,14.11,14.81,0.35
12.14,14.11,14.81,0.35
12.14,14.11,14.81,0.35
12.14,14.11,14.81,0.35
12.15,14.11,14.81,0.35
12.15,14.11,14.81,0.35
12.16,14.11,14.81,0.35
12.16,14.11,14.81,0.35
12.17,14.11,14.81,0.35
12.17,14.11,14.81,0.35
12.18,14.11,14.81,0.35
12.18,14.11,14.81,0.35
12.19,14.11,14.81,0.35
12.19,14.11,14.81,0.35
12.19,14.11,14.81,0.35
12.2,14.11,14.81,0.35
12.2,14.11,14.81,0.35
12.21,14.11,14.81,0.35
12.21,14.11,14.81,0.35
12.22,14.11,14.81,0.35
12.22,14.11,14.81,0.35
12.23,14.11,14.8,0.35
12.23,14.11,14.8,0.35
12.23,14.11,14.8,0.35
12.24,14.11,14.8,0.35
12.24,14.11,14.8,0.35
12.25,14.11,14.8,0.35
12.25,14.11,14.8,0.35
12.26,14.11,14.8,0.35
12.26,14.11,14.8,0.35
12.27,14.11,14.8,0.35
12.27,14.11,14.8,0.35
12.28,14.11,14.8,0.35
12.28,14.11,14.8,0.35
12.28,14.11,14.8,0.35
12.29,14.11,14.8,0.35
12.29,14.11,14.8,0.35
12.3,14.11,14.8,0.35
12.3,14.11,14.8,0.35
12.31,14.11,14.8,0.35
12.31,14.11,14.8,0.35
12.32,14.11,14.8,0.35
12.32,14.11,14.8,0.35
12.32,14.11,14.8,0.35
12.33,14.11,14.8,0.35
12.33,14.11,14.8,0.35
12.34,14.11,14.8,0.35
12.34,14.11,14.8,0.35
12.35,14.11,14.8,0.35
12.35,14.11,14.8,0.35
12.36,14.11,14.8,0.35
12.36,14.11,14.8,0.35
12.37,14.11,14.8,0.35
12.37,14.11,14.8,0.35
12.37,14.11,14.8,0.35
12.38,14.11,14.8,0.35
12.38,14.11,14.8,0.35
12.39,14.11,14.8,0.35
12.39,14.11,14.8,0.35
12.4,14.11,14.8,0.35
12.4,14.11,14.8,0.35
12.41,14.11,14.8,0.35
12.41,14.11,14.8,0.35
12.41,14.11,14.8,0.35
12.42,14.11,14.8,0.35
12.42,14.11,14.8,0.35
12.43,14.11,14.8,0.35
12.43,14.11,14.8,0.35
12.44,14.11,14.8,0.35
12.44,14.11,14.8,0.35
12.45,14.11,14.8,0.35
12.45,14.11,14.8,0.35
12.46,14.11,14.8,0.35
12.46,14.11,14.8,0.35
12.46,14.11,14.8,0.35
12.47,14.11,14.8,0.35
12.47,14.11,14.8,0.35
12.48,14.11,14.8,0.35
12.48,14.11,14.8,0.35
12.49,14.11,14.8,0.35
12.49,14.11,14.8,0.35
12.5,14.11,14.8,0.35
12.5,14.11,14.8,0.35
12.5,14.11,14.8,0.35
12.51,14.11,14.8,0.35
12.51,14.11,14.8,0.35
12.52,14.11,14.8,0.35
12.52,14.11,14.8,0.35
12.53,14.11,14.8,0.35
12.53,14.11,14.8,0.35
12.54,14.11,14.8,0.35
12.54,14.11,14.8,0.35
12.54,14.11,14.8,0.35
12.55,14.11,14.8,0.35
12.55,14.11,14.8,0.35
12.56,14.11,14.8,0.35
12.56,14.11,14.8,0.35
12.57,14.11,14.8,0.35
12.57,14.11,14.8,0.35
12.58,14.11,14.8,0.35
12.58,14.11,14.8,0.35
12.59,14.11,14.79,0.35
12.59,14.11,14.79,0.35
12.59,14.11,14.79,0.35
12.6,14.11,14.79,0.35
12.6,14.11,14.79,0.35
12.61,14.11,14.79,0.35
12.61,14.11,14.79,0.35
12.62,14.11,14.79,0.35
12.62,14.11,14.79,0.35
12.63,14.11,14.79,0.35
12.63,14.11,14.79,0.35
12.63,14.11,14.79,0.35
12.64,14.11,14.79,0.35
12.64,14.11,14.79,0.35
12.65,14.11,14.79,0.35
12.65,14.11,14.79,0.35
12.66,14.11,14.79,0.35
12.66,14.11,14.79,0.35
12.67,14.11,14.79,0.35
12.67,14.11,14.79,0.35
12.68,14.11,14.79,0.35
12.68,14.11,14.79,0.35
12.68,14.11,14.79,0.35
12.69,14.11,14.79,0.35
12.69,14.11,14.79,0.35
12.7,14.11,14.79,0.35
12.7,14.11,14.79,0.35
12.71,14.11,14.79,0.35
12.71,14.11,14.79,0.35
12.72,14.11,14.79,0.35
12.72,14.11,14.79,0.35
12.72,14.11,14.79,0.35
12.73,14.11,14.79,0.35
12.73,14.11,14.79,0.35
12.74,14.11,14.79,0.35
12.74,14.11,14.79,0.35
12.75,14.11,14.79,0.35
12.75,14.11,14.79,0.35
12.76,14.11,14.79,0.35
12.76,14.11,14.79,0.35
12.77,14.11,14.79,0.35
12.77,14.11,14.79,0.35
12.77,14.11,14.79,0.35
12.78,14.11,14.79,0.35
12.78,14.11,14.79,0.35
12.79,14.11,14.79,0.35
12.79,14.11,14.79,0.35
12.8,14.11,14.79,0.35
12.8,14.11,14.79,0.35
12.81,14.11,14.79,0.35
12.81,14.11,14.79,0.35
12.81,14.11,14.79,0.35
12.82,14.11,14.79,0.35
12.82,14.11,14.79,0.35
12.83,14.11,14.79,0.35
12.83,14.11,14.79,0.35
12.84,14.11,14.79,0.35
12.84,14.11,14.79,0.35
12.85,14.11,14.79,0.35
12.85,14.11,14.79,0.35
12.86,14.11,14.79,0.35
12.86,14.11,14.79,0.35
12.86,14.11,14.79,0.35
12.87,14.11,14.79,0.35
12.87,14.11,14.79,0.35
12.88,14.11,14.79,0.35
12.88,14.11,14.79,0.35
12.89,14.11,14.79,0.35
12.89,14.11,14.79,0.35
12.9,14.11,14.79,0.35
12.9,14.11,14.79,0.35
12.9,14.11,14.79,0.35
12.91,14.11,14.79,0.35
12.91,14.11,14.79,0.35
12.92,14.11,14.79,0.35
12.92,14.11,14.79,0.35
12.93,14.11,14.79,0.35
12.93,14.11,14.79,0.35
12.94,14.11,14.79,0.35
12.94,14.11,14.79,0.35
12.95,14.11,14.78,0.35
12.95,14.11,14.78,0.35
12.95,14.11,14.78,0.35
12.96,14.11,14.78,0.35
12.96,14.11,14.78,0.35
12.97,14.11,14.78,0.35
12.97,14.11,14.78,0.35
12.98,14.11,14.78,0.35
12.98,14.11,14.78,0.35
12.99,14.11,14.78,0.35
12.99,14.11,14.78,0.35
12.99,14.11,14.78,0.35
13.0,14.11,14.78,0.35
13.0,14.11,14.78,0.35
13.01,14.11,14.78,0.35
13.01,14.11,14.78,0.35
13.02,14.11,14.78,0.35
13.02,14.11,14.78,0.35
13.03,14.11,14.78,0.35
13.03,14.11,14.78,0.35
13.04,14.11,14.78,0.35
13.04,14.11,14.78,0.35
13.04,14.11,14.78,0.35
13.05,14.11,14.78,0.35
13.05,14.11,14.78,0.35
13.06,14.11,14.78,0.35
13.06,14.11,14.78,0.35
13.07,14.11,14.78,0.35
13.07,14.11,14.78,0.35
13.08,14.11,14.78,0.35
13.08,14.11,14.78,0.35
13.08,14.11,14.78,0.35
13.09,14.11,14.78,0.35
13.09,14.11,14.78,0.35
13.1,14.11,14.78,0.35
13.1,14.11,14.78,0.35
13.11,14.11,14.78,0.35
13.11,14.11,14.78,0.35
13.12,14.11,14.78,0.35
13.12,14.11,14.78,0.35
13.13,14.11,14.78,0.35
13.13,14.11,14.78,0.35
13.13,14.11,14.78,0.35
13.14,14.11,14.78,0.35
13.14,14.11,14.78,0.35
13.15,14.11,14.78,0.35
13.15,14.11,14.78,0.35
13.16,14.11,14.78,0.35
13.16,14.11,14.78,0.35
13.17,14.11,14.78,0.35
13.17,14.11,14.78,0.35
13.18,14.11,14.78,0.35
13.18,14.11,14.78,0.35
13.18,14.11,14.78,0.35
13.19,14.11,14.78,0.35
13.19,14.11,14.78,0.35
13.2,14.11,14.78,0.35
13.2,14.11,14.78,0.35
13.21,14.11,14.78,0.35
13.21,14.11,14.78,0.35
13.22,14.11,14.78,0.35
13.22,14.11,14.78,0.35
13.22,14.11,14.78,0.35
13.23,14.11,14.78,0.35
13.23,14.11,14.78,0.35
13.24,14.11,14.78,0.35
13.24,14.11,14.78,0.35
13.25,14.11,14.78,0.35
13.25,14.11,14.78,0.35
13.26,14.11,14.78,0.35
13.26,14.11,14.78,0.35
13.27,14.11,14.78,0.35
13.27,14.11,14.78,0.35
13.27,14.11,14.78,0.35
13.28,14.11,14.78,0.35
13.28,14.11,14.78,0.35
13.29,14.11,14.78,0.35
13.29,14.11,14.78,0.35
13.3,14.11,14.78,0.35
13.3,14.11,14.78,0.35
13.31,14.11,14.77,0.35
13.31,14.11,14.77,0.35
13.32,14.11,14.77,0.35
13.32,14.11,14.77,0.35
13.33,14.11,14.77,0.35
13.33,14.11,14.77,0.35
13.33,14.11,14.77,0.35
13.34,14.11,14.77,0.35
13.34,14.11,14.77,0.35
13.35,14.11,14.77,0.35
13.35,14.11,14.77,0.35
13.36,14.11,14.77,0.35
13.36,14.11,14.77,0.35
13.37,14.11,14.77,0.35
13.37,14.11,14.77,0.35
13.38,14.11,14.77,0.35
13.38,14.11,14.77,0.35
13.38,14.11,14.77,0.35
13.39,14.11,14.77,0.35
13.39,14.11,14.77,0.35
13.4,14.11,14.77,0.35
13.4,14.11,14.77,0.35
13.41,14.11,14.77,0.35
13.41,14.11,14.77,0.35
13.42,14.11,14.77,0.35
13.42,14.11,14.77,0.35
13.43,14.11,14.77,0.35
13.43,14.11,14.77,0.35
13.43,14.11,14.77,0.35
13.44,14.11,14.77,0.35
13.44,14.11,14.77,0.35
13.45,14.11,14.77,0.35
13.45,14.11,14.77,0.35
13.46,14.11,14.77,0.35
13.46,14.11,14.77,0.35
13.47,14.11,14.77,0.35
13.47,14.11,14.77,0.35
13.48,14.11,14.77,0.35
13.48,14.11,14.77,0.35
13.48,14.11,14.77,0.35
13.49,14.11,14.77,0.35
13.49,14.11,14.77,0.35
13.5,14.11,14.77,0.35
13.5,14.11,14.77,0.35
13.51,14.11,14.77,0.35
13.51,14.11,14.77,0.35
13.52,14.11,14.77,0.35
13.52,14.11,14.77,0.35
13.52,14.11,14.77,0.35
13.53,14.11,14.77,0.35
13.53,14.11,14.77,0.35
13.54,14.11,14.77,0.35
13.54,14.11,14.77,0.35
13.55,14.11,14.77,0.35
13.55,14.11,14.77,0.35
13.56,14.11,14.77,0.35
13.56,14.11,14.77,0.35
13.57,14.11,14.77,0.35
13.57,14.11,14.77,0.35
13.57,14.11,14.77,0.35
13.58,14.11,14.77,0.35
13.58,14.11,14.77,0.35
13.59,14.11,14.77,0.35
13.59,14.11,14.77,0.35
13.6,14.11,14.77,0.35
13.6,14.11,14.77,0.35
13.61,14.11,14.77,0.35
13.61,14.11,14.77,0.35
13.61,14.11,14.77,0.35
13.62,14.11,14.77,0.35
13.62,14.11,14.77,0.35
13.63,14.11,14.77,0.35
13.63,14.11,14.77,0.35
13.64,14.11,14.77,0.35
13.64,14.11,14.77,0.35
13.65,14.11,14.77,0.35
13.65,14.11,14.77,0.35
13.66,14.11,14.77,0.35
13.66,14.11,14.77,0.35
13.66,14.11,14.77,0.35
13.67,14.11,14.76,0.8
13.67,14.11,14.76,0.8
13.68,14.11,14.76,0.8
13.68,14.11,14.76,0.8
13.69,14.11,14.76,0.8
13.69,14.11,14.76,0.8
13.7,14.11,14.76,0.8
13.7,14.11,14.76,0.8
13.71,14.11,14.76,0.8
13.71,14.11,14.76,0.8
13.71,14.11,14.76,0.8
13.72,14.11,14.76,0.8
13.72,14.11,14.76,0.8
13.73,14.11,14.76,0.8
13.73,14.11,14.76,0.8
13.74,14.11,14.76,0.8
13.74,14.11,14.76,0.8
13.75,14.11,14.76,0.8
13.75,14.11,14.76,0.8
13.75,14.11,14.76,0.8
13.76,14.11,14.76,0.8
13.76,14.11,14.76,0.8
13.77,14.11,14.76,0.8
13.77,14.11,14.76,0.8
13.78,14.11,14.76,0.8
13.78,14.11,14.76,0.8
13.79,14.11,14.76,0.8
13.79,14.11,14.76,0.8
13.8,14.11,14.76,0.8
13.8,14.11,14.76,0.8
13.8,14.11,14.76,0.8
13.81,14.11,14.76,0.8
13.81,14.11,14.76,0.8
13.82,14.11,14.76,0.8
13.82,14.11,14.76,0.8
13.83,14.11,14.76,0.8
13.83,14.11,14.76,0.8
13.84,14.11,14.76,0.8
13.84,14.11,14.76,0.8
13.84,14.11,14.76,0.8
13.85,14.11,14.76,0.8
13.85,14.11,14.76,0.8
13.86,14.11,14.76,0.8
13.86,14.11,14.76,0.8
13.87,14.11,14.76,0.8
13.87,14.11,14.76,0.8
13.88,14.11,14.76,0.8
13.88,14.11,14.76,0.8
13.89,14.11,14.76,0.8
13.89,14.11,14.76,0.8
13.89,14.11,14.76,0.8
13.9,14.11,14.76,0.8
13.9,14.11,14.76,0.8
13.91,14.11,14.76,0.8
13.91,14.11,14.76,0.8
13.92,14.11,14.76,0.8
13.92,14.11,14.76,0.8
13.93,14.11,14.76,0.8
13.93,14.11,14.76,0.8
13.94,14.11,14.76,0.8
13.94,14.11,14.76,0.8
13.94,14.11,14.76,0.8
13.95,14.11,14.76,0.8
13.95,14.11,14.76,0.8
13.96,14.11,14.76,0.8
13.96,14.11,14.76,0.8
13.97,14.11,14.76,0.8
13.97,14.11,14.76,0.8
13.98,14.11,14.76,0.8
13.98,14.11,14.76,0.8
13.99,14.11,14.76,0.8
13.99,14.11,14.76,0.8
13.99,14.11,14.76,0.8
14.0,14.11,14.76,0.8
14.0,14.11,14.76,0.8
14.01,14.11,14.76,0.8
14.01,14.11,14.76,0.8
14.02,14.11,14.76,0.8
14.02,14.11,14.76,0.8
14.03,14.11,14.76,0.8
14.03,14.11,14.75,0.8
14.04,14.11,14.75,0.8
14.04,14.11,14.75,0.8
14.04,14.11,14.75,0.8
14.05,14.11,14.75,0.8
14.05,14.11,14.75,0.8
14.06,14.11,14.75,0.8
14.06,14.11,14.75,0.8
14.07,14.11,14.75,0.8
14.07,14.11,14.75,0.8
14.08,14.11,14.75,0.8
14.08,14.11,14.75,0.8
14.09,14.11,14.75,0.8
14.09,14.11,14.75,0.8
14.09,14.11,14.75,0.8
14.1,14.11,14.75,0.8
14.1,14.11,14.75,0.8
14.11,14.11,14.75,0.8
14.11,14.11,14.75,0.8
14.12,14.11,14.75,0.8
14.12,14.11,14.75,0.8
14.13,14.11,14.75,0.8
14.13,14.11,14.75,0.8
14.14,14.11,14.75,0.8
14.14,14.11,14.75,0.8
14.14,14.11,14.75,0.8
14.15,14.11,14.75,0.8
14.15,14.11,14.75,0.8
14.16,14.11,14.75,0.8
14.16,14.11,14.75,0.8
14.17,14.11,14.75,0.8
14.17,14.11,14.75,0.8
14.18,14.11,14.75,0.8
14.18,14.11,14.75,0.8
14.19,14.11,14.75,0.8
14.19,14.11,14.75,0.8
14.19,14.11,14.75,0.8
14.2,14.11,14.75,0.8
14.2,14.11,14.75,0.8
14.21,14.11,14.75,0.8
14.21,14.11,14.75,0.8
14.22,14.11,14.75,0.8
14.22,14.11,14.75,0.8
14.23,14.11,14.75,0.8
14.23,14.11,14.75,0.8
14.23,14.11,14.75,0.8
14.24,14.11,14.75,0.8
14.24,14.11,14.75,0.8
14.25,14.11,14.75,0.8
14.25,14.11,14.75,0.8
14.26,14.11,14.75,0.8
14.26,14.11,14.75,0.8
14.27,14.11,14.75,0.8
14.27,14.11,14.75,0.8
14.28,14.11,14.75,0.8
14.28,14.11,14.75,0.8
14.28,14.11,14.75,0.8
14.29,14.11,14.75,0.8
14.29,14.11,14.75,0.8
14.3,14.11,14.75,0.8
14.3,14.11,14.75,0.8
14.31,14.11,14.75,0.8
14.31,14.11,14.75,0.8
14.32,14.11,14.75,0.8
14.32,14.11,14.75,0.8
14.32,14.11,14.75,0.8
14.33,14.11,14.75,0.8
14.33,14.11,14.75,0.8
14.34,14.11,14.75,0.8
14.34,14.11,14.75,0.8
14.35,14.11,14.75,0.8
14.35,14.11,14.75,0.8
14.36,14.11,14.75,0.8
14.36,14.11,14.75,0.8
14.37,14.11,14.75,0.8
14.37,14.11,14.75,0.8
14.37,14.11,14.75,0.8
14.38,14.11,14.75,0.8
14.38,14.11,14.75,0.8
14.39,14.11,14.75,0.8
14.39,14.11,14.74,0.8
14.4,14.11,14.74,0.8
14.4,14.11,14.74,0.8
14.41,14.11,14.74,0.8
14.41,14.11,14.74,0.8
14.41,14.11,14.74,0.8
14.42,14.11,14.74,0.8
14.42,14.11,14.74,0.8
14.43,14.11,14.74,0.8
14.43,14.11,14.74,0.8
14.44,14.11,14.74,0.8
14.44,14.11,14.74,0.8
14.45,14.11,14.74,0.8
14.45,14.11,14.74,0.8
14.46,14.11,14.74,0.8
14.46,14.11,14.74,0.8
14.46,14.11,14.74,0.8
14.47,14.11,14.74,0.8
14.47,14.11,14.74,0.8
14.48,14.11,14.74,0.8
14.48,14.11,14.74,0.8
14.49,14.11,14.74,0.8
14.49,14.11,14.74,0.8
14.5,14.11,14.74,0.8
14.5,14.11,14.74,0.8
14.5,14.11,14.74,0.8
14.51,14.11,14.74,0.8
14.51,14.11,14.74,0.8
14.52,14.11,14.74,0.8
14.52,14.11,14.74,0.8
14.53,14.11,14.74,0.8
14.53,14.11,14.74,0.8
14.54,14.11,14.74,0.8
14.54,14.11,14.74,0.8
14.55,14.11,14.74,0.8
14.55,14.11,14.74,0.8
14.55,14.11,14.74,0.8
14.56,14.11,14.74,0.8
14.56,14.11,14.74,0.8
14.57,14.11,14.74,0.8
14.57,14.11,14.74,0.8
14.58,14.11,14.74,0.8
14.58,14.11,14.74,0.8
14.59,14.11,14.74,0.8
14.59,14.11,14.74,0.8
14.59,14.11,14.74,0.8
14.6,14.11,14.74,0.8
14.6,14.11,14.74,0.8
14.61,14.11,14.74,0.8
14.61,14.11,14.74,0.8
14.62,14.11,14.74,0.8
14.62,14.11,14.74,0.8
14.63,14.11,14.74,0.8
14.63,14.11,14.74,0.8
14.64,14.11,14.74,0.8
14.64,14.11,14.74,0.8
14.64,14.11,14.74,0.8
14.65,14.11,14.74,0.8
14.65,14.11,14.74,0.8
14.66,14.11,14.74,0.8
14.66,14.11,14.74,0.8
14.67,14.11,14.74,0.8
14.67,14.11,14.74,0.8
14.68,14.11,14.74,0.8
14.68,14.11,14.74,0.8
14.68,14.11,14.74,0.8
14.69,14.11,14.74,0.8
14.69,14.11,14.74,0.8
14.7,14.11,14.74,0.8
14.7,14.11,14.74,0.8
14.71,14.11,14.74,0.8
14.71,14.11,14.74,0.8
14.72,14.11,14.74,0.8
14.72,14.11,14.74,0.8
14.73,14.11,14.74,0.8
14.73,14.11,14.74,0.8
14.73,14.11,14.74,0.8
14.74,14.11,14.74,0.8
14.74,14.11,14.74,0.8
14.75,14.11,14.74,0.8
14.75,14.11,14.73,0.8
14.76,14.11,14.73,0.8
14.76,14.11,14.73,0.8
14.77,14.11,14.73,0.8
14.77,14.11,14.73,0.8
14.78,14.11,14.73,0.8
14.78,14.11,14.73,0.8
14.78,14.11,14.73,0.8
14.79,14.11,14.73,0.8
14.79,14.11,14.73,0.8
14.8,14.11,14.73,0.8
14.8,14.11,14.73,0.8
14.81,14.11,14.73,0.8
14.81,14.11,14.73,0.8
14.82,14.11,14.73,0.8
14.82,14.11,14.73,0.8
14.83,14.11,14.73,0.8
14.83,14.11,14.73,0.8
14.83,14.11,14.73,0.8
14.84,14.11,14.73,0.8
14.84,14.11,14.73,0.8
14.85,14.11,14.73,0.8
14.85,14.11,14.73,0.8
14.86,14.11,14.73,0.8
14.86,14.11,14.73,0.8
14.87,14.11,14.73,0.8
14.87,14.11,14.73,0.8
14.87,14.11,14.73,0.8
14.88,14.11,14.73,0.8
14.88,14.11,14.73,0.8
14.89,14.11,14.73,0.8
14.89,14.11,14.73,0.8
14.9,14.11,14.73,0.8
14.9,14.11,14.73,0.8
14.91,14.11,14.73,0.8
14.91,14.11,14.73,0.8
14.92,14.11,14.73,0.8
14.92,14.11,14.73,0.8
14.92,14.11,14.73,0.8
14.93,14.11,14.73,0.8
14.93,14.11,14.73,0.8
14.94,14.11,14.73,0.8
14.94,14.11,14.73,0.8
14.95,14.11,14.73,0.8
14.95,14.11,14.73,0.8
14.96,14.11,14.73,0.8
14.96,14.11,14.73,0.8
14.97,14.11,14.73,0.8
14.97,14.11,14.73,0.8
14.97,14.11,14.73,0.8
14.98,14.11,14.73,0.8
14.98,14.11,14.73,0.8
14.99,14.11,14.73,0.8
14.99,14.11,14.73,0.8
15.0,14.11,14.73,0.8
15.0,14.11,14.73,0.8
15.01,14.11,14.73,0.8
15.01,14.11,14.73,0.8
15.01,14.11,14.73,0.8
15.02,14.11,14.73,0.8
15.02,14.11,14.73,0.8
15.03,14.11,14.73,0.8
15.03,14.11,14.73,0.8
15.04,14.11,14.73,0.8
15.04,14.11,14.73,0.8
15.05,14.11,14.73,0.8
15.05,14.11,14.73,0.8
15.06,14.11,14.73,0.8
15.06,14.11,14.73,0.8
15.06,14.11,14.73,0.8
15.07,14.11,14.73,0.8
15.07,14.11,14.73,0.8
15.08,14.11,14.73,0.8
15.08,14.11,14.73,0.8
15.09,14.11,14.73,0.8
15.09,14.11,14.73,0.8
15.1,14.11,14.73,0.8
15.1,14.11,14.73,0.8
15.1,14.11,14.73,0.8
15.11,14.11,14.73,0.8
15.11,14.11,14.72,0.8
15.12,14.11,14.72,0.8
15.12,14.11,14.72,0.8
15.13,14.11,14.72,0.8
15.13,14.11,14.72,0.8
15.14,14.11,14.72,0.8
15.14,14.11,14.72,0.8
15.15,14.11,14.72,0.8
15.15,14.11,14.72,0.8
15.15,14.11,14.72,0.8
15.16,14.11,14.72,0.8
15.16,14.11,14.72,0.8
15.17,14.11,14.72,0.8
15.17,14.11,14.72,0.8
15.18,14.11,14.72,0.8
15.18,14.11,14.72,0.8
15.19,14.11,14.72,0.8
15.19,14.11,14.72,0.8
15.19,14.11,14.72,0.8
15.2,14.11,14.72,0.8
15.2,14.11,14.72,0.8
15.21,14.11,14.72,0.8
15.21,14.11,14.72,0.8
15.22,14.11,14.72,0.8
15.22,14.11,14.72,0.8
15.23,14.11,14.72,0.8
15.23,14.11,14.72,0.8
15.24,14.11,14.72,0.8
15.24,14.11,14.72,0.8
15.24,14.11,14.72,0.8
15.25,14.11,14.72,0.8
15.25,14.11,14.72,0.8
15.26,14.11,14.72,0.8
15.26,14.11,14.72,0.8
15.27,14.11,14.72,0.8
15.27,14.11,14.72,0.8
15.28,14.11,14.72,0.8
15.28,14.11,14.72,0.8
15.28,14.11,14.72,0.8
15.29,14.11,14.72,0.8
15.29,14.11,14.72,0.8
15.3,14.11,14.72,0.8
15.3,14.11,14.72,0.8
15.31,14.11,14.72,0.8
15.31,14.11,14.72,0.8
15.32,14.11,14.72,0.8
15.32,14.11,14.72,0.8
15.33,14.11,14.72,0.8
15.33,14.11,14.72,0.8
15.33,14.11,14.72,0.8
15.34,14.11,14.72,0.8
15.34,14.11,14.72,0.8
15.35,14.11,14.72,0.8
15.35,14.11,14.72,0.8
15.36,14.11,14.72,0.8
15.36,14.11,14.72,0.8
15.37,14.11,14.72,0.8
15.37,14.11,14.72,0.8
15.37,14.11,14.72,0.8
15.38,14.11,14.72,0.8
15.38,14.11,14.72,0.8
15.39,14.11,14.72,0.8
15.39,14.11,14.72,0.8
15.4,14.11,14.72,0.8
15.4,14.11,14.72,0.8
15.41,14.11,14.72,0.8
15.41,14.11,14.72,0.8
15.42,14.11,14.72,0.8
15.42,14.11,14.72,0.8
15.42,14.11,14.72,0.8
15.43,14.11,14.72,0.8
15.43,14.11,14.72,0.8
15.44,14.11,14.72,0.8
15.44,14.11,14.72,0.8
15.45,14.11,14.72,0.8
15.45,14.11,14.72,0.8
15.46,14.11,14.72,0.8
15.46,14.11,14.72,0.8
15.46,14.11,14.72,0.8
15.47,14.11,14.72,0.8
15.47,14.11,14.71,0.8
15.48,14.11,14.71,0.8
15.48,14.11,14.71,0.8
15.49,14.11,14.71,0.8
15.49,14.11,14.71,0.8
15.5,14.11,14.71,0.8
15.5,14.11,14.71,0.8
15.51,14.11,14.71,0.8
15.51,14.11,14.71,0.8
15.51,14.11,14.71,0.8
15.52,14.11,14.71,0.8
15.52,14.11,14.71,0.8
15.53,14.11,14.71,0.8
15.53,14.11,14.71,0.8
15.54,14.11,14.71,0.8
15.54,14.11,14.71,0.8
15.55,14.11,14.71,0.8
15.55,14.11,14.71,0.8
15.55,14.11,14.71,0.8
15.56,14.11,14.71,0.8
15.56,14.11,14.71,0.8
15.57,14.11,14.71,0.8
15.57,14.11,14.71,0.8
15.58,14.11,14.71,0.8
15.58,14.11,14.71,0.8
15.59,14.11,14.71,0.8
15.59,14.11,14.71,0.8
15.6,14.11,14.71,0.8
15.6,14.11,14.71,0.8
15.6,14.11,14.71,0.8
15.61,14.11,14.71,0.8
15.61,14.11,14.71,0.8
15.62,14.11,14.71,0.8
15.62,14.11,14.71,0.8
15.63,14.11,14.71,0.8
15.63,14.11,14.71,0.8
15.64,14.11,14.71,0.8
15.64,14.11,14.71,0.8
15.64,14.11,14.71,0.8
15.65,14.11,14.71,0.8
15.65,14.11,14.71,0.8
15.66,14.11,14.71,0.8
15.66,14.11,14.71,0.8
15.67,14.11,14.71,0.8
15.67,14.11,14.71,0.8
15.68,14.11,14.71,0.8
15.68,14.11,14.71,0.8
15.69,14.11,14.71,0.8
15.69,14.11,14.71,0.8
15.69,14.11,14.71,0.8
15.7,14.11,14.71,0.8
15.7,14.11,14.71,0.8
15.71,14.11,14.71,0.8
15.71,14.11,14.71,0.8
15.72,14.11,14.71,0.8
15.72,14.11,14.71,0.8
15.73,14.11,14.71,0.8
15.73,14.11,14.71,0.8
15.73,14.11,14.71,0.8
15.74,14.11,14.71,0.8
15.74,14.11,14.71,0.8
15.75,14.11,14.71,0.8
15.75,14.11,14.71,0.8
15.76,14.11,14.71,0.8
15.76,14.11,14.71,0.8
15.77,14.11,14.71,0.8
15.77,14.11,14.71,0.8
15.78,14.11,14.71,0.8
15.78,14.11,14.71,0.8
15.78,14.11,14.71,0.8
15.79,14.11,14.71,0.8
15.79,14.11,14.71,0.8
15.8,14.11,14.71,0.8
15.8,14.11,14.71,0.8
15.81,14.11,14.71,0.8
15.81,14.11,14.71,0.8
15.82,14.11,14.71,0.8
15.82,14.11,14.71,0.8
15.82,14.11,14.71,0.8
15.83,14.11,14.71,0.8
15.83,14.11,14.7,0.8
15.84,14.11,14.7,0.8
15.84,14.11,14.7,0.8
15.85,14.11,14.7,0.8
15.85,14.11,14.7,0.8
15.86,14.11,14.7,0.8
15.86,14.11,14.7,0.8
15.87,14.11,14.7,0.8
15.87,14.11,14.7,0.8
15.87,14.11,14.7,0.8
15.88,14.11,14.7,0.8
15.88,14.11,14.7,0.8
15.89,14.11,14.7,0.8
15.89,14.11,14.7,0.8
15.9,14.11,14.7,0.8
15.9,14.11,14.7,0.8
15.91,14.11,14.7,0.8
15.91,14.11,14.7,0.8
15.91,14.11,14.7,0.8
15.92,14.11,14.7,0.8
15.92,14.11,14.7,0.8
15.93,14.11,14.7,0.8
15.93,14.11,14.7,0.8
15.94,14.11,14.7,0.8
15.94,14.11,14.7,0.8
15.95,14.11,14.7,0.8
15.95,14.11,14.7,0.8
15.96,14.11,14.7,0.8
15.96,14.11,14.7,0.8
15.96,14.11,14.7,0.8
15.97,14.11,14.7,0.8
15.97,14.11,14.7,0.8
15.98,14.11,14.7,0.8
15.98,14.11,14.7,0.8
15.99,14.11,14.7,0.8
15.99,14.11,14.7,0.8
16.0,14.11,14.7,0.8
16.0,14.11,14.7,0.8
16.01,14.11,14.7,0.8
16.01,14.11,14.7,0.8
16.01,14.11,14.7,0.8
16.02,14.11,14.7,0.8
16.02,14.11,14.7,0.8
16.03,14.11,14.7,0.8
16.03,14.11,14.7,0.8
16.04,14.11,14.7,0.8
16.04,14.11,14.7,0.8
16.05,14.11,14.7,0.8
16.05,14.11,14.7,0.8
16.05,14.11,14.7,0.8
16.06,14.11,14.7,0.8
16.06,14.11,14.7,0.8
16.07,14.11,14.7,0.8
16.07,14.11,14.7,0.8
16.08,14.11,14.7,0.8
16.08,14.11,14.7,0.8
16.09,14.11,14.7,0.8
16.09,14.11,14.7,0.8
16.1,14.11,14.7,0.8
16.1,14.11,14.7,0.8
16.1,14.11,14.7,0.8
16.11,14.11,14.7,0.8
16.11,14.11,14.7,0.8
16.12,14.11,14.7,0.8
16.12,14.11,14.7,0.8
16.13,14.11,14.7,0.8
16.13,14.11,14.7,0.8
16.14,14.11,14.7,0.8
16.14,14.11,14.7,0.8
16.14,14.11,14.7,0.8
16.15,14.11,14.7,0.8
16.15,14.11,14.7,0.8
16.16,14.11,14.7,0.8
16.16,14.11,14.7,0.8
16.17,14.11,14.7,0.8
16.17,14.11,14.7,0.8
16.18,14.11,14.7,0.8
16.18,14.11,14.7,0.8
16.19,14.11,14.7,0.8
16.19,14.11,14.7,0.8
16.19,14.11,14.69,0.8
16.2,14.11,14.69,0.8
16.2,14.11,14.69,0.8
16.21,14.11,14.69,0.8
16.21,14.11,14.69,0.8
16.22,14.11,14.69,0.8
16.22,14.11,14.69,0.8
16.23,14.11,14.69,0.8
16.23,14.11,14.69,0.8
16.23,14.11,14.69,0.8
16.24,14.11,14.69,0.8
16.24,14.11,14.69,0.8
16.25,14.11,14.69,0.8
16.25,14.11,14.69,0.8
16.26,14.11,14.69,0.8
16.26,14.11,14.69,0.8
16.27,14.11,14.69,0.8
16.27,14.11,14.69,0.8
16.28,14.11,14.69,0.8
16.28,14.11,14.69,0.8
16.28,14.11,14.69,0.8
16.29,14.11,14.69,0.8
16.29,14.11,14.69,0.8
16.3,14.11,14.69,0.8
16.3,14.11,14.69,0.8
16.31,14.11,14.69,0.8
16.31,14.11,14.69,0.8
16.32,14.11,14.69,0.8
16.32,14.11,14.69,0.8
16.32,14.11,14.69,0.8
16.33,14.11,14.69,0.8
16.33,14.11,14.69,0.8
16.34,14.11,14.69,0.8
16.34,14.11,14.69,0.8
16.35,14.11,14.69,0.8
16.35,14.11,14.69,0.8
16.36,14.11,14.69,0.8
16.36,14.11,14.69,0.8
16.37,14.11,14.69,0.8
16.37,14.11,14.69,0.8
16.37,14.11,14.69,0.8
16.38,14.11,14.69,0.8
16.38,14.11,14.69,0.8
16.39,14.11,14.69,0.8
16.39,14.11,14.69,0.8
16.4,14.11,14.69,0.8
16.4,14.11,14.69,0.8
16.41,14.11,14.69,0.8
16.41,14.11,14.69,0.8
16.41,14.11,14.69,0.8
16.42,14.11,14.69,0.8
16.42,14.11,14.69,0.8
16.43,14.11,14.69,0.8
16.43,14.11,14.69,0.8
16.44,14.11,14.69,0.8
16.44,14.11,14.69,0.8
16.45,14.11,14.69,0.8
16.45,14.11,14.69,0.8
16.46,14.11,14.69,0.8
16.46,14.11,14.69,0.8
16.46,14.11,14.69,0.8
16.47,14.11,14.69,0.8
16.47,14.11,14.69,0.8
16.48,14.11,14.69,0.8
16.48,14.11,14.69,0.8
16.49,14.11,14.69,0.8
16.49,14.11,14.69,0.8
16.5,14.11,14.69,0.8
16.5,14.11,14.69,0.8
16.5,14.11,14.69,0.8
16.51,14.11,14.69,0.8
16.51,14.11,14.69,0.8
16.52,14.11,14.69,0.8
16.52,14.11,14.69,0.8
16.53,14.11,14.69,0.8
16.53,14.11,14.69,0.8
16.54,14.11,14.69,0.8
16.54,14.11,14.69,0.8
16.55,14.11,14.69,0.8
16.55,14.11,14.69,0.8
16.55,14.11,14.68,0.8
16.56,14.11,14.68,0.8
16.56,14.11,14.68,0.8
16.57,14.11,14.68,0.8
16.57,14.11,14.68,0.8
16.58,14.11,14.68,0.8
16.58,14.11,14.68,0.8
16.59,14.11,14.68,0.8
16.59,14.11,14.68,0.8
16.59,14.11,14.68,0.8
16.6,14.11,14.68,0.8
16.6,14.11,14.68,0.8
16.61,14.11,14.68,0.8
16.61,14.11,14.68,0.8
16.62,14.11,14.68,0.8
16.62,14.11,14.68,0.8
16.63,14.11,14.68,0.8
16.63,14.11,14.68,0.8
16.64,14.11,14.68,0.8
16.64,14.11,14.68,0.8
16.64,14.11,14.68,0.8
16.65,14.11,14.68,0.8
16.65,14.11,14.68,0.8
16.66,14.11,14.68,0.8
16.66,14.11,14.68,0.8
16.67,14.11,14.68,0.8
16.67,14.11,14.68,0.8
16.68,14.11,14.68,0.8
16.68,14.11,14.68,0.8
16.69,14.11,14.68,0.8
16.69,14.11,14.68,0.8
16.69,14.11,14.68,0.8
16.7,14.11,14.68,0.8
16.7,14.11,14.68,0.8
16.71,14.11,14.68,0.8
16.71,14.11,14.68,0.8
16.72,14.11,14.68,0.8
16.72,14.11,14.68,0.8
16.73,14.11,14.68,0.8
16.73,14.11,14.68,0.8
16.73,14.11,14.68,0.8
16.74,14.11,14.68,0.8
16.74,14.11,14.68,0.8
16.75,14.11,14.68,0.8
16.75,14.11,14.68,0.8
16.76,14.11,14.68,0.8
16.76,14.11,14.68,0.8
16.77,14.11,14.68,0.8
16.77,14.11,14.68,0.8
16.78,14.11,14.68,0.8
16.78,14.11,14.68,0.8
16.78,14.11,14.68,0.8
16.79,14.11,14.68,0.8
16.79,14.11,14.68,0.8
16.8,14.11,14.68,0.8
16.8,14.11,14.68,0.8
16.81,14.11,14.68,0.8
16.81,14.11,14.68,0.8
16.82,14.11,14.68,0.8
16.82,14.11,14.68,0.8
16.82,14.11,14.68,0.8
16.83,14.11,14.68,0.8
16.83,14.11,14.68,0.8
16.84,14.11,14.68,0.8
16.84,14.11,14.68,0.8
16.85,14.11,14.68,0.8
16.85,14.11,14.68,0.8
16.86,14.11,14.68,0.8
16.86,14.11,14.68,0.8
16.87,14.11,14.68,0.8
16.87,14.11,14.68,0.8
16.87,14.11,14.68,0.8
16.88,14.11,14.68,0.8
16.88,14.11,14.68,0.8
16.89,14.11,14.68,0.8
16.89,14.11,14.68,0.8
16.9,14.11,14.68,0.8
16.9,14.11,14.68,0.8
16.91,14.11,14.68,0.8
16.91,14.11,14.68,0.8
16.91,14.11,14.67,0.8
16.92,14.11,14.67,0.8
16.92,14.11,14.67,0.8
16.93,14.11,14.67,0.8
16.93,14.11,14.67,0.8
16.94,14.11,14.67,0.8
16.94,14.11,14.67,0.8
16.95,14.11,14.67,0.8
16.95,14.11,14.67,0.8
16.96,14.11,14.67,0.8
16.96,14.11,14.67,0.8
16.96,14.11,14.67,0.8
16.97,14.11,14.67,0.8
16.97,14.11,14.67,0.8
16.98,14.11,14.67,0.8
16.98,14.11,14.67,0.8
16.99,14.11,14.67,0.8
16.99,14.11,14.67,0.8
17.0,14.11,14.67,0.8
17.0,14.11,14.67,0.8
17.0,14.11,14.67,0.8
17.01,14.11,14.67,0.8
17.01,14.11,14.67,0.8
17.02,14.11,14.67,0.8
17.02,14.11,14.67,0.8
17.03,14.11,14.67,0.8
17.03,14.11,14.67,0.8
17.04,14.11,14.67,0.8
17.04,14.11,14.67,0.8
17.05,14.11,14.67,0.8
17.05,14.11,14.67,0.8
17.05,14.11,14.67,0.8
17.06,14.11,14.67,0.8
17.06,14.11,14.67,0.8
17.07,14.11,14.67,0.8
17.07,14.11,14.67,0.8
17.08,14.11,14.67,0.8
17.08,14.11,14.67,0.8
17.09,14.11,14.67,0.8
17.09,14.11,14.67,0.8
17.09,14.11,14.67,0.8
17.1,14.11,14.67,0.8
17.1,14.11,14.67,0.8
17.11,14.11,14.67,0.8
17.11,14.11,14.67,0.8
17.12,14.11,14.67,0.8
17.12,14.11,14.67,0.8
17.13,14.11,14.67,0.8
17.13,14.11,14.67,0.8
17.14,14.11,14.67,0.8
17.14,14.11,14.67,0.8
17.14,14.11,14.67,0.8
17.15,14.11,14.67,0.8
17.15,14.11,14.67,0.8
17.16,14.11,14.67,0.8
17.16,14.11,14.67,0.8
17.17,14.11,14.67,0.8
17.17,14.11,14.67,0.8
17.18,14.11,14.67,0.8
17.18,14.11,14.67,0.8
17.18,14.11,14.67,0.8
17.19,14.11,14.67,0.8
17.19,14.11,14.67,0.8
17.2,14.11,14.67,0.8
17.2,14.11,14.67,0.8
17.21,14.11,14.67,0.8
17.21,14.11,14.67,0.8
17.22,14.11,14.67,0.8
17.22,14.11,14.67,0.8
17.23,14.11,14.67,0.8
17.23,14.11,14.67,0.8
17.23,14.11,14.67,0.8
17.24,14.11,14.67,0.8
17.24,14.11,14.67,0.8
17.25,14.11,14.67,0.8
17.25,14.11,14.67,0.8
17.26,14.11,14.67,0.8
17.26,14.11,14.67,0.8
17.27,14.11,14.67,0.8
17.27,14.11,14.67,0.8
17.27,14.11,14.66,0.8
17.28,14.11,14.66,0.8
17.28,14.11,14.66,0.8
17.29,14.11,14.66,0.8
17.29,14.11,14.66,0.8
17.3,14.11,14.66,0.8
17.3,14.11,14.66,0.8
17.31,14.11,14.66,0.8
17.31,14.11,14.66,0.8
17.32,14.11,14.66,0.8
17.32,14.11,14.66,0.8
17.32,14.11,14.66,0.8
17.33,14.11,14.66,0.8
17.33,14.11,14.66,0.8
17.34,14.11,14.66,0.8
17.34,14.11,14.66,0.8
17.35,14.11,14.66,0.8
17.35,14.11,14.66,0.8
17.36,14.11,14.66,0.8
17.36,14.11,14.66,0.8
17.36,14.11,14.66,0.8
17.37,14.11,14.66,0.8
17.37,14.11,14.66,0.8
17.38,14.11,14.66,0.8
17.38,14.11,14.66,0.8
17.39,14.11,14.66,0.8
17.39,14.11,14.66,0.8
17.4,14.11,14.66,0.8
17.4,14.11,14.66,0.8
17.41,14.11,14.66,0.8
17.41,14.11,14.66,0.8
17.41,14.11,14.66,0.8
17.42,14.11,14.66,0.8
17.42,14.11,14.66,0.8
17.43,14.11,14.66,0.8
17.43,14.11,14.66,0.8
17.44,14.11,14.66,0.8
17.44,14.11,14.66,0.8
17.45,14.11,14.66,0.8
17.45,14.11,14.66,0.8
17.45,14.11,14.66,0.8
17.46,14.11,14.66,0.8
17.46,14.11,14.66,0.8
17.47,14.11,14.66,0.8
17.47,14.11,14.66,0.8
17.48,14.11,14.66,0.8
17.48,14.11,14.66,0.8
17.49,14.11,14.66,0.8
17.49,14.11,14.66,0.8
17.5,14.11,14.66,0.8
17.5,14.11,14.66,0.8
17.5,14.11,14.66,0.8
17.51,14.11,14.66,0.8
17.51,14.11,14.66,0.8
17.52,14.11,14.66,0.8
17.52,14.11,14.66,0.8
17.53,14.11,14.66,0.8
17.53,14.11,14.66,0.8
17.54,14.11,14.66,0.8
17.54,14.11,14.66,0.8
17.54,14.11,14.66,0.8
17.55,14.11,14.66,0.8
17.55,14.11,14.66,0.8
17.56,14.11,14.66,0.8
17.56,14.11,14.66,0.8
17.57,14.11,14.66,0.8
17.57,14.11,14.66,0.8
17.58,14.11,14.66,0.8
17.58,14.11,14.66,0.8
17.59,14.11,14.66,0.8
17.59,14.11,14.66,0.8
17.59,14.11,14.66,0.8
17.6,14.11,14.66,0.8
17.6,14.11,14.66,0.8
17.61,14.11,14.66,0.8
17.61,14.11,14.66,0.8
17.62,14.11,14.66,0.8
17.62,14.11,14.66,0.8
17.63,14.11,14.66,0.8
17.63,14.11,14.66,0.8
17.63,14.11,14.65,0.8
17.64,14.11,14.65,0.8
17.64,14.11,14.65,0.8
17.65,14.11,14.65,0.8
17.65,14.11,14.65,0.8
17.66,14.11,14.65,0.8
17.66,14.11,14.65,0.8
17.67,14.11,14.65,0.8
17.67,14.11,14.65,0.8
17.68,14.11,14.65,0.8
17.68,14.11,14.65,0.8
17.68,14.11,14.65,0.8
17.69,14.11,14.65,0.8
17.69,14.11,14.65,0.8
17.7,14.11,14.65,0.8
17.7,14.11,14.65,0.8
17.71,14.11,14.65,0.8
17.71,14.11,14.65,0.8
17.72,14.11,14.65,0.8
17.72,14.11,14.65,0.8
17.72,14.11,14.65,0.8
17.73,14.11,14.65,0.8
17.73,14.11,14.65,0.8
17.74,14.11,14.65,0.8
17.74,14.11,14.65,0.8
17.75,14.11,14.65,0.8
17.75,14.11,14.65,0.8
17.76,14.11,14.65,0.8
17.76,14.11,14.65,0.8
17.77,14.11,14.65,0.8
17.77,14.11,14.65,0.8
17.77,14.11,14.65,0.8
17.78,14.11,14.65,0.8
17.78,14.11,14.65,0.8
17.79,14.11,14.65,0.8
17.79,14.11,14.65,0.8
17.8,14.11,14.65,0.8
17.8,14.11,14.65,0.8
17.81,14.11,14.65,0.8
17.81,14.11,14.65,0.8
17.82,14.11,14.65,0.8
17.82,14.11,14.65,0.8
17.82,14.11,14.65,0.8
17.83,14.11,14.65,0.8
17.83,14.11,14.65,0.8
17.84,14.11,14.65,0.8
17.84,14.11,14.65,0.8
17.85,14.11,14.65,0.8
17.85,14.11,14.65,0.8
17.86,14.11,14.65,0.8
17.86,14.11,14.65,0.8
17.86,14.11,14.65,0.8
17.87,14.11,14.65,0.8
17.87,14.11,14.65,0.8
17.88,14.11,14.65,0.8
17.88,14.11,14.65,0.8
17.89,14.11,14.65,0.8
17.89,14.11,14.65,0.8
17.9,14.11,14.65,0.8
17.9,14.11,14.65,0.8
17.91,14.11,14.65,0.8
17.91,14.11,14.65,0.8
17.91,14.11,14.65,0.8
17.92,14.11,14.65,0.8
17.92,14.11,14.65,0.8
17.93,14.11,14.65,0.8
17.93,14.11,14.65,0.8
17.94,14.11,14.65,0.8
17.94,14.11,14.65,0.8
17.95,14.11,14.65,0.8
17.95,14.11,14.65,0.8
17.95,14.11,14.65,0.8
17.96,14.11,14.65,0.8
17.96,14.11,14.65,0.8
17.97,14.11,14.65,0.8
17.97,14.11,14.65,0.8
17.98,14.11,14.65,0.8
17.98,14.11,14.65,0.8
17.99,14.11,14.65,0.8
17.99,14.11,14.65,0.8
17.99,14.11,14.64,0.8
18.0,14.11,14.64,0.8
18.0,14.11,14.64,0.8
18.01,14.11,14.64,0.8
18.01,14.11,14.64,0.8
18.02,14.11,14.64,0.8
18.02,14.11,14.64,0.8
18.03,14.11,14.64,0.8
18.03,14.11,14.64,0.8
18.04,14.11,14.64,0.8
18.04,14.11,14.64,0.8
18.04,14.11,14.64,0.8
18.05,14.11,14.64,0.8
18.05,14.11,14.64,0.8
18.06,14.11,14.64,0.8
18.06,14.11,14.64,0.8
18.07,14.11,14.64,0.8
18.07,14.11,14.64,0.8
18.08,14.11,14.64,0.8
18.08,14.11,14.64,0.8
18.09,14.11,14.64,0.8
18.09,14.11,14.64,0.8
18.09,14.11,14.64,0.8
18.1,14.11,14.64,0.8
18.1,14.11,14.64,0.8
18.11,14.11,14.64,0.8
18.11,14.11,14.64,0.8
18.12,14.11,14.64,0.8
18.12,14.11,14.64,0.8
18.13,14.11,14.64,0.8
18.13,14.11,14.64,0.8
18.13,14.11,14.64,0.8
18.14,14.11,14.64,0.8
18.14,14.11,14.64,0.8
18.15,14.11,14.64,0.8
18.15,14.11,14.64,0.8
18.16,14.11,14.64,0.8
18.16,14.11,14.64,0.8
18.17,14.11,14.64,0.8
18.17,14.11,14.64,0.8
18.18,14.11,14.64,0.8
18.18,14.11,14.64,0.8
18.18,14.11,14.64,0.8
18.19,14.11,14.64,0.8
18.19,14.11,14.64,0.8
18.2,14.11,14.64,0.8
18.2,14.11,14.64,0.8
18.21,14.11,14.64,0.8
18.21,14.11,14.64,0.8
18.22,14.11,14.64,0.8
18.22,14.11,14.64,0.8
18.22,14.11,14.64,0.8
18.23,14.11,14.64,0.8
18.23,14.11,14.64,0.8
18.24,14.11,14.64,0.8
18.24,14.11,14.64,0.8
18.25,14.11,14.64,0.8
18.25,14.11,14.64,0.8
18.26,14.11,14.64,0.8
18.26,14.11,14.64,0.8
18.27,14.11,14.64,0.8
18.27,14.11,14.64,0.8
18.27,14.11,14.64,0.8
18.28,14.11,14.64,0.8
18.28,14.11,14.64,0.8
18.29,14.11,14.64,0.8
18.29,14.11,14.64,0.8
18.3,14.11,14.64,0.8
18.3,14.11,14.64,0.8
18.31,14.11,14.64,0.8
18.31,14.11,14.64,0.8
18.31,14.11,14.64,0.8
18.32,14.11,14.64,0.8
18.32,14.11,14.64,0.8
18.33,14.11,14.64,0.8
18.33,14.11,14.64,0.8
18.34,14.11,14.64,0.8
18.34,14.11,14.64,0.8
18.35,14.11,14.64,0.8
18.35,14.11,14.64,0.8
18.36,14.11,14.63,0.8
18.36,14.11,14.63,0.8
18.36,14.11,14.63,0.8
18.37,14.11,14.63,0.8
18.37,14.11,14.63,0.8
18.38,14.11,14.63,0.8
18.38,14.11,14.63,0.8
18.39,14.11,14.63,0.8
18.39,14.11,14.63,0.8
18.4,14.11,14.63,0.8
18.4,14.11,14.63,0.8
18.4,14.11,14.63,0.8
18.41,14.11,14.63,0.8
18.41,14.11,14.63,0.8
18.42,14.11,14.63,0.8
18.42,14.11,14.63,0.8
18.43,14.11,14.63,0.8
18.43,14.11,14.63,0.8
18.44,14.11,14.63,0.8
18.44,14.11,14.63,0.8
18.45,14.11,14.63,0.8
18.45,14.11,14.63,0.8
18.45,14.11,14.63,0.8
18.46,14.11,14.63,0.8
18.46,14.11,14.63,0.8
18.47,14.11,14.63,0.8
18.47,14.11,14.63,0.8
18.48,14.11,14.63,0.8
18.48,14.11,14.63,0.8
18.49,14.11,14.63,0.8
18.49,14.11,14.63,0.8
18.49,14.11,14.63,0.8
18.5,14.11,14.63,0.8
18.5,14.11,14.63,0.8
18.51,14.11,14.63,0.8
18.51,14.11,14.63,0.8
18.52,14.11,14.63,0.8
18.52,14.11,14.63,0.8
18.53,14.11,14.63,0.8
18.53,14.11,14.63,0.8
18.54,14.11,14.63,0.8
18.54,14.11,14.63,0.8
18.54,14.11,14.63,0.8
18.55,14.11,14.63,0.8
18.55,14.11,14.63,0.8
18.56,14.11,14.63,0.8
18.56,14.11,14.63,0.8
18.57,14.11,14.63,0.8
18.57,14.11,14.63,0.8
18.58,14.11,14.63,0.8
18.58,14.11,14.63,0.8
18.58,14.11,14.63,0.8
18.59,14.11,14.63,0.8
18.59,14.11,14.63,0.8
18.6,14.11,14.63,0.8
18.6,14.11,14.63,0.8
18.61,14.11,14.63,0.8
18.61,14.11,14.63,0.8
18.62,14.11,14.63,0.8
18.62,14.11,14.63,0.8
18.62,14.11,14.63,0.8
18.63,14.11,14.63,0.8
18.63,14.11,14.63,0.8
18.64,14.11,14.63,0.8
18.64,14.11,14.63,0.8
18.65,14.11,14.63,0.8
18.65,14.11,14.63,0.8
18.66,14.11,14.63,0.8
18.66,14.11,14.63,0.8
18.67,14.11,14.63,0.8
18.67,14.11,14.63,0.8
18.67,14.11,14.63,0.8
18.68,14.11,14.63,0.8
18.68,14.11,14.63,0.8
18.69,14.11,14.63,0.8
18.69,14.11,14.63,0.8
18.7,14.11,14.63,0.8
18.7,14.11,14.63,0.8
18.71,14.11,14.63,0.8
18.71,14.11,14.63,0.8
18.72,14.11,14.62,0.8
18.72,14.11,14.62,0.8
18.72,14.11,14.62,0.8
18.73,14.11,14.62,0.8
18.73,14.11,14.62,0.8
18.74,14.11,14.62,0.8
18.74,14.11,14.62,0.8
18.75,14.11,14.62,0.8
18.75,14.11,14.62,0.8
18.76,14.11,14.62,0.8
18.76,14.11,14.62,0.8
18.76,14.11,14.62,0.8
18.77,14.11,14.62,0.8
18.77,14.11,14.62,0.8
18.78,14.11,14.62,0.8
18.78,14.11,14.62,0.8
18.79,14.11,14.62,0.8
18.79,14.11,14.62,0.8
18.8,14.11,14.62,0.8
18.8,14.11,14.62,0.8
18.81,14.11,14.62,0.8
18.81,14.11,14.62,0.8
18.81,14.11,14.62,0.8
18.82,14.11,14.62,0.8
18.82,14.11,14.62,0.8
18.83,14.11,14.62,0.8
18.83,14.11,14.62,0.8
18.84,14.11,14.62,0.8
18.84,14.11,14.62,0.8
18.85,14.11,14.62,0.8
18.85,14.11,14.62,0.8
18.85,14.11,14.62,0.8
18.86,14.11,14.62,0.8
18.86,14.11,14.62,0.8
18.87,14.11,14.62,0.8
18.87,14.11,14.62,0.8
18.88,14.11,14.62,0.8
18.88,14.11,14.62,0.8
18.89,14.11,14.62,0.8
18.89,14.11,14.62,0.8
18.9,14.11,14.62,0.8
18.9,14.11,14.62,0.8
18.9,14.11,14.62,0.8
18.91,14.11,14.62,0.8
18.91,14.11,14.62,0.8
18.92,14.11,14.62,0.8
18.92,14.11,14.62,0.8
18.93,14.11,14.62,0.8
18.93,14.11,14.62,0.8
18.94,14.11,14.62,0.8
18.94,14.11,14.62,0.8
18.95,14.11,14.62,0.8
18.95,14.11,14.62,0.8
18.95,14.11,14.62,0.8
18.96,14.11,14.62,0.8
18.96,14.11,14.62,0.8
18.97,14.11,14.62,0.8
18.97,14.11,14.62,0.8
18.98,14.11,14.62,0.8
18.98,14.11,14.62,0.8
18.99,14.11,14.62,0.8
18.99,14.11,14.62,0.8
18.99,14.11,14.62,0.8
19.0,14.11,14.62,0.8
19.0,14.11,14.62,0.8
19.01,14.11,14.62,0.8
19.01,14.11,14.62,0.8
19.02,14.11,14.62,0.8
19.02,14.11,14.62,0.8
19.03,14.11,14.62,0.8
19.03,14.11,14.62,0.8
19.04,14.11,14.62,0.8
19.04,14.11,14.62,0.8
19.04,14.11,14.62,0.8
19.05,14.11,14.62,0.8
19.05,14.11,14.62,0.8
19.06,14.11,14.62,0.8
19.06,14.11,14.62,0.8
19.07,14.11,14.62,0.8
19.07,14.11,14.62,0.8
19.08,14.11,14.61,0.8
19.08,14.11,14.61,0.8
19.09,14.11,14.61,0.8
19.09,14.11,14.61,0.8
19.09,14.11,14.61,0.8
19.1,14.11,14.61,0.8
19.1,14.11,14.61,0.8
19.11,14.11,14.61,0.8
19.11,14.11,14.61,0.8
19.12,14.11,14.61,0.8
19.12,14.11,14.61,0.8
19.13,14.11,14.61,0.8
19.13,14.11,14.61,0.8
19.14,14.11,14.61,0.8
19.14,14.11,14.61,0.8
19.14,14.11,14.61,0.8
19.15,14.11,14.61,0.8
19.15,14.11,14.61,0.8
19.16,14.11,14.61,0.8
19.16,14.11,14.61,0.8
19.17,14.11,14.61,0.8
19.17,14.11,14.61,0.8
19.18,14.11,14.61,0.8
19.18,14.11,14.61,0.8
19.19,14.11,14.61,0.8
19.19,14.11,14.61,0.8
19.2,14.11,14.61,0.8
19.2,14.11,14.61,0.8
19.2,14.11,14.61,0.8
19.21,14.11,14.61,0.8
19.21,14.11,14.61,0.8
19.22,14.11,14.61,0.8
19.22,14.11,14.61,0.8
19.23,14.11,14.61,0.8
19.23,14.11,14.61,0.8
19.24,14.11,14.61,0.8
19.24,14.11,14.61,0.8
19.25,14.11,14.61,0.8
19.25,14.11,14.61,0.8
19.25,14.11,14.61,0.8
19.26,14.11,14.61,0.8
19.26,14.11,14.61,0.8
19.27,14.11,14.61,0.8
19.27,14.11,14.61,0.8
19.28,14.11,14.61,0.8
19.28,14.11,14.61,0.8
19.29,14.11,14.61,0.8
19.29,14.11,14.61,0.8
19.3,14.11,14.61,0.8
19.3,14.11,14.61,0.8
19.3,14.11,14.61,0.8
19.31,14.11,14.61,0.8
19.31,14.11,14.61,0.8
19.32,14.11,14.61,0.8
19.32,14.11,14.61,0.8
19.33,14.11,14.61,0.8
19.33,14.11,14.61,0.8
19.34,14.11,14.61,0.8
19.34,14.11,14.61,0.8
19.35,14.11,14.61,0.8
19.35,14.11,14.61,0.8
19.35,14.11,14.61,0.8
19.36,14.11,14.61,0.8
19.36,14.11,14.61,0.8
19.37,14.11,14.61,0.8
19.37,14.11,14.61,0.8
19.38,14.11,14.61,0.8
19.38,14.11,14.61,0.8
19.39,14.11,14.61,0.8
19.39,14.11,14.61,0.8
19.39,14.11,14.61,0.8
19.4,14.11,14.61,0.8
19.4,14.11,14.61,0.8
19.41,14.11,14.61,0.8
19.41,14.11,14.61,0.8
19.42,14.11,14.61,0.8
19.42,14.11,14.61,0.8
19.43,14.11,14.61,0.8
19.43,14.11,14.61,0.8
19.44,14.11,14.61,0.8
19.44,14.11,14.6,0.8
19.44,14.11,14.6,0.8
19.45,14.11,14.6,0.8
19.45,14.11,14.6,0.8
19.46,14.11,14.6,0.8
19.46,14.11,14.6,0.8
19.47,14.11,14.6,0.8
19.47,14.11,14.6,0.8
19.48,14.11,14.6,0.8
19.48,14.11,14.6,0.8
19.49,14.11,14.6,0.8
19.49,14.11,14.6,0.8
19.49,14.11,14.6,0.8
19.5,14.11,14.6,0.8
19.5,14.11,14.6,0.8
19.51,14.11,14.6,0.8
19.51,14.11,14.6,0.8
19.52,14.11,14.6,0.8
19.52,14.11,14.6,0.8
19.53,14.11,14.6,0.8
19.53,14.11,14.6,0.8
19.53,14.11,14.6,0.8
19.54,14.11,14.6,0.8
19.54,14.11,14.6,0.8
19.55,14.11,14.6,0.8
19.55,14.11,14.6,0.8
19.56,14.11,14.6,0.8
19.56,14.11,14.6,0.8
19.57,14.11,14.6,0.8
19.57,14.11,14.6,0.8
19.58,14.11,14.6,0.8
19.58,14.11,14.6,0.8
19.58,14.11,14.6,0.8
19.59,14.11,14.6,0.8
19.59,14.11,14.6,0.8
19.6,14.11,14.6,0.8
19.6,14.11,14.6,0.8
19.61,14.11,14.6,0.8
19.61,14.11,14.6,0.8
19.62,14.11,14.6,0.8
19.62,14.11,14.6,0.8
19.62,14.11,14.6,0.8
19.63,14.11,14.6,0.8
19.63,14.11,14.6,0.8
19.64,14.11,14.6,0.8
19.64,14.11,14.6,0.8
19.65,14.11,14.6,0.8
19.65,14.11,14.6,0.8
19.66,14.11,14.6,0.8
19.66,14.11,14.6,0.8
19.67,14.11,14.6,0.8
19.67,14.11,14.6,0.8
19.67,14.11,14.6,0.8
19.68,14.11,14.6,0.8
19.68,14.11,14.6,0.8
19.69,14.11,14.6,0.8
19.69,14.11,14.6,0.8
19.7,14.11,14.6,0.8
19.7,14.11,14.6,0.8
19.71,14.11,14.6,0.8
19.71,14.11,14.6,0.8
19.72,14.11,14.6,0.8
19.72,14.11,14.6,0.8
19.72,14.11,14.6,0.8
19.73,14.11,14.6,0.8
19.73,14.11,14.6,0.8
19.74,14.11,14.6,0.8
19.74,14.11,14.6,0.8
19.75,14.11,14.6,0.8
19.75,14.11,14.6,0.8
19.76,14.11,14.6,0.8
19.76,14.11,14.6,0.8
19.76,14.11,14.6,0.8
19.77,14.11,14.6,0.8
19.77,14.11,14.6,0.8
19.78,14.11,14.6,0.8
19.78,14.11,14.6,0.8
19.79,14.11,14.6,0.8
19.79,14.11,14.6,0.8
19.8,14.11,14.6,0.8
19.8,14.11,14.59,0.8
19.81,14.11,14.59,0.8
19.81,14.11,14.59,0.8
19.81,14.11,14.59,0.8
19.82,14.11,14.59,0.8
19.82,14.11,14.59,0.8
19.83,14.11,14.59,0.8
19.83,14.11,14.59,0.8
19.84,14.11,14.59,0.8
19.84,14.11,14.59,0.8
19.85,14.11,14.59,0.8
19.85,14.11,14.59,0.8
19.85,14.11,14.59,0.8
19.86,14.11,14.59,0.8
19.86,14.11,14.59,0.8
19.87,14.11,14.59,0.8
19.87,14.11,14.59,0.8
19.88,14.11,14.59,0.8
19.88,14.11,14.59,0.8
19.89,14.11,14.59,0.8
19.89,14.11,14.59,0.8
19.9,14.11,14.59,0.8
19.9,14.11,14.59,0.8
19.9,14.11,14.59,0.8
19.91,14.11,14.59,0.8
19.91,14.11,14.59,0.8
19.92,14.11,14.59,0.8
19.92,14.11,14.59,0.8
19.93,14.11,14.59,0.8
19.93,14.11,14.59,0.8
19.94,14.11,14.59,0.8
19.94,14.11,14.59,0.8
19.94,14.11,14.59,0.8
19.95,14.11,14.59,0.8
19.95,14.11,14.59,0.8
19.96,14.11,14.59,0.8
19.96,14.11,14.59,0.35
19.97,14.11,14.59,0.35
19.97,14.11,14.59,0.35
19.98,14.11,14.59,0.35
19.98,14.11,14.59,0.35
19.99,14.11,14.59,0.35
19.99,14.11,14.59,0.35
19.99,14.11,14.59,0.35
20.0,14.11,14.59,0.35
20.0,14.11,14.59,0.35
20.01,14.11,14.59,0.35
20.01,14.11,14.59,0.35
20.02,14.11,14.59,0.35
20.02,14.11,14.59,0.35
20.03,14.11,14.59,0.35
20.03,14.11,14.59,0.35
20.03,14.11,14.59,0.35
20.04,14.11,14.59,0.35
20.04,14.11,14.59,0.35
20.05,14.11,14.59,0.35
20.05,14.11,14.59,0.35
20.06,14.11,14.59,0.35
20.06,14.11,14.59,0.35
20.07,14.11,14.59,0.35
20.07,14.11,14.59,0.35
20.07,14.11,14.59,0.35
20.08,14.11,14.59,0.35
20.08,14.11,14.59,0.35
20.09,14.11,14.59,0.35
20.09,14.11,14.59,0.35
20.1,14.11,14.59,0.35
20.1,14.11,14.59,0.35
20.11,14.11,14.59,0.35
20.11,14.11,14.59,0.35
20.12,14.11,14.59,0.35
20.12,14.11,14.59,0.35
20.12,14.11,14.59,0.35
20.13,14.11,14.59,0.35
20.13,14.11,14.59,0.35
20.14,14.11,14.59,0.35
20.14,14.11,14.59,0.35
20.15,14.11,14.59,0.35
20.15,14.11,14.59,0.35
20.16,14.11,14.59,0.35
20.16,14.11,14.58,0.35
20.17,14.11,14.58,0.35
20.17,14.11,14.58,0.35
20.17,14.11,14.58,0.35
20.18,14.11,14.58,0.35
20.18,14.11,14.58,0.35
20.19,14.11,14.58,0.35
20.19,14.11,14.58,0.35
20.2,14.11,14.58,0.35
20.2,14.11,14.58,0.35
20.21,14.11,14.58,0.35
20.21,14.11,14.58,0.35
20.22,14.11,14.58,0.35
20.22,14.11,14.58,0.35
20.22,14.11,14.58,0.35
20.23,14.11,14.58,0.35
20.23,14.11,14.58,0.35
20.24,14.11,14.58,0.35
20.24,14.11,14.58,0.35
20.25,14.11,14.58,0.35
20.25,14.11,14.58,0.35
20.26,14.11,14.58,0.35
20.26,14.11,14.58,0.35
20.27,14.11,14.58,0.35
20.27,14.11,14.58,0.35
20.27,14.11,14.58,0.35
20.28,14.11,14.58,0.35
20.28,14.11,14.58,0.35
20.29,14.11,14.58,0.35
20.29,14.11,14.58,0.35
20.3,14.11,14.58,0.35
20.3,14.11,14.58,0.35
20.31,14.11,14.58,0.35
20.31,14.11,14.58,0.35
20.32,14.11,14.58,0.35
20.32,14.11,14.58,0.35
20.32,14.11,14.58,0.35
20.33,14.11,14.58,0.35
20.33,14.11,14.58,0.35
20.34,14.11,14.58,0.35
20.34,14.11,14.58,0.35
20.35,14.11,14.58,0.35
20.35,14.11,14.58,0.35
20.36,14.11,14.58,0.35
20.36,14.11,14.58,0.35
20.36,14.11,14.58,0.35
20.37,14.11,14.58,0.35
20.37,14.11,14.58,0.35
20.38,14.11,14.58,0.35
20.38,14.11,14.58,0.35
20.39,14.11,14.58,0.35
20.39,14.11,14.58,0.35
20.4,14.11,14.58,0.35
20.4,14.11,14.58,0.35
20.41,14.11,14.58,0.35
20.41,14.11,14.58,0.35
20.41,14.11,14.58,0.35
20.42,14.11,14.58,0.35
20.42,14.11,14.58,0.35
20.43,14.11,14.58,0.35
20.43,14.11,14.58,0.35
20.44,14.11,14.58,0.35
20.44,14.11,14.58,0.35
20.45,14.11,14.58,0.35
20.45,14.11,14.58,0.35
20.46,14.11,14.58,0.35
20.46,14.11,14.58,0.35
20.46,14.11,14.58,0.35
20.47,14.11,14.58,0.35
20.47,14.11,14.58,0.35
20.48,14.11,14.58,0.35
20.48,14.11,14.58,0.35
20.49,14.11,14.58,0.35
20.49,14.11,14.58,0.35
20.5,14.11,14.58,0.35
20.5,14.11,14.58,0.35
20.51,14.11,14.58,0.35
20.51,14.11,14.58,0.35
20.51,14.11,14.58,0.35
20.52,14.11,14.58,0.35
20.52,14.11,14.57,0.35
20.53,14.11,14.57,0.35
20.53,14.11,14.57,0.35
20.54,14.11,14.57,0.35
20.54,14.11,14.57,0.35
20.55,14.11,14.57,0.35
20.55,14.11,14.57,0.35
20.55,14.11,14.57,0.35
20.56,14.11,14.57,0.35
20.56,14.11,14.57,0.35
20.57,14.11,14.57,0.35
20.57,14.11,14.57,0.35
20.58,14.11,14.57,0.35
20.58,14.11,14.57,0.35
20.59,14.11,14.57,0.35
20.59,14.11,14.57,0.35
20.59,14.11,14.57,0.35
20.6,14.11,14.57,0.35
20.6,14.11,14.57,0.35
20.61,14.11,14.57,0.35
20.61,14.11,14.57,0.35
20.62,14.11,14.57,0.35
20.62,14.11,14.57,0.35
20.63,14.11,14.57,0.35
20.63,14.11,14.57,0.35
20.64,14.11,14.57,0.35
20.64,14.11,14.57,0.35
20.64,14.11,14.57,0.35
20.65,14.11,14.57,0.35
20.65,14.11,14.57,0.35
20.66,14.11,14.57,0.35
20.66,14.11,14.57,0.35
20.67,14.11,14.57,0.35
20.67,14.11,14.57,0.35
20.68,14.11,14.57,0.35
20.68,14.11,14.57,0.35
20.68,14.11,14.57,0.35
20.69,14.11,14.57,0.35
20.69,14.11,14.57,0.35
20.7,14.11,14.57,0.35
20.7,14.11,14.57,0.35
20.71,14.11,14.57,0.35
20.71,14.11,14.57,0.35
20.72,14.11,14.57,0.35
20.72,14.11,14.57,0.35
20.72,14.11,14.57,0.35
20.73,14.11,14.57,0.35
20.73,14.11,14.57,0.35
20.74,14.11,14.57,0.35
20.74,14.11,14.57,0.35
20.75,14.11,14.57,0.35
20.75,14.11,14.57,0.35
20.76,14.11,14.57,0.35
20.76,14.11,14.57,0.35
20.77,14.11,14.57,0.35
20.77,14.11,14.57,0.35
20.77,14.11,14.57,0.35
20.78,14.11,14.57,0.35
20.78,14.11,14.57,0.35
20.79,14.11,14.57,0.35
20.79,14.11,14.57,0.35
20.8,14.11,14.57,0.35
20.8,14.11,14.57,0.35
20.81,14.11,14.57,0.35
20.81,14.11,14.57,0.35
20.81,14.11,14.57,0.35
20.82,14.11,14.57,0.35
20.82,14.11,14.57,0.35
20.83,14.11,14.57,0.35
20.83,14.11,14.57,0.35
20.84,14.11,14.57,0.35
20.84,14.11,14.57,0.35
20.85,14.11,14.57,0.35
20.85,14.11,14.57,0.35
20.86,14.11,14.57,0.35
20.86,14.11,14.57,0.35
20.86,14.11,14.57,0.35
20.87,14.11,14.57,0.35
20.87,14.11,14.57,0.35
20.88,14.11,14.57,0.35
20.88,14.11,14.56,0.35
20.89,14.11,14.56,0.35
20.89,14.11,14.56,0.35
20.9,14.11,14.56,0.35
20.9,14.11,14.56,0.35
20.9,14.11,14.56,0.35
20.91,14.11,14.56,0.35
20.91,14.11,14.56,0.35
20.92,14.11,14.56,0.35
20.92,14.11,14.56,0.35
20.93,14.11,14.56,0.35
20.93,14.11,14.56,0.35
20.94,14.11,14.56,0.35
20.94,14.11,14.56,0.35
20.94,14.11,14.56,0.35
20.95,14.11,14.56,0.35
20.95,14.11,14.56,0.35
20.96,14.11,14.56,0.35
20.96,14.11,14.56,0.35
20.97,14.11,14.56,0.35
20.97,14.11,14.56,0.35
20.98,14.11,14.56,0.35
20.98,14.11,14.56,0.35
20.99,14.11,14.56,0.35
20.99,14.11,14.56,0.35
20.99,14.11,14.56,0.35
21.0,14.11,14.56,0.35
21.0,14.11,14.56,0.35
21.01,14.11,14.56,0.35
21.01,14.11,14.56,0.35
21.02,14.11,14.56,0.35
21.02,14.11,14.56,0.35
21.03,14.11,14.56,0.35
21.03,14.11,14.56,0.35
21.03,14.11,14.56,0.35
21.04,14.11,14.56,0.35
21.04,14.11,14.56,0.35
21.05,14.11,14.56,0.35
21.05,14.11,14.56,0.35
21.06,14.11,14.56,0.35
21.06,14.11,14.56,0.35
21.07,14.11,14.56,0.35
21.07,14.11,14.56,0.35
21.07,14.11,14.56,0.35
21.08,14.11,14.56,0.35
21.08,14.11,14.56,0.35
21.09,14.11,14.56,0.35
21.09,14.11,14.56,0.35
21.1,14.11,14.56,0.35
21.1,14.11,14.56,0.35
21.11,14.11,14.56,0.35
21.11,14.11,14.56,0.35
21.12,14.11,14.56,0.35
21.12,14.11,14.56,0.35
21.12,14.11,14.56,0.35
21.13,14.11,14.56,0.35
21.13,14.11,14.56,0.35
21.14,14.11,14.56,0.35
21.14,14.11,14.56,0.35
21.15,14.11,14.56,0.35
21.15,14.11,14.56,0.35
21.16,14.11,14.56,0.35
21.16,14.11,14.56,0.35
21.16,14.11,14.56,0.35
21.17,14.11,14.56,0.35
21.17,14.11,14.56,0.35
21.18,14.11,14.56,0.35
21.18,14.11,14.56,0.35
21.19,14.11,14.56,0.35
21.19,14.11,14.56,0.35
21.2,14.11,14.56,0.35
21.2,14.11,14.56,0.35
21.21,14.11,14.56,0.35
21.21,14.11,14.56,0.35
21.21,14.11,14.56,0.35
21.22,14.11,14.56,0.35
21.22,14.11,14.56,0.35
21.23,14.11,14.56,0.35
21.23,14.11,14.56,0.35
21.24,14.11,14.56,0.35
21.24,14.11,14.55,0.35
21.25,14.11,14.55,0.35
21.25,14.11,14.55,0.35
21.25,14.11,14.55,0.35
21.26,14.11,14.55,0.35
21.26,14.11,14.55,0.35
21.27,14.11,14.55,0.35
21.27,14.11,14.55,0.35
21.28,14.11,14.55,0.35
21.28,14.11,14.55,0.35
21.29,14.11,14.55,0.35
21.29,14.11,14.55,0.35
21.29,14.11,14.55,0.35
21.3,14.11,14.55,0.35
21.3,14.11,14.55,0.35
21.31,14.11,14.55,0.35
21.31,14.11,14.55,0.35
21.32,14.11,14.55,0.35
21.32,14.11,14.55,0.35
21.33,14.11,14.55,0.35
21.33,14.11,14.55,0.35
21.34,14.11,14.55,0.35
21.34,14.11,14.55,0.35
21.34,14.11,14.55,0.35
21.35,14.11,14.55,0.35
21.35,14.11,14.55,0.35
21.36,14.11,14.55,0.35
21.36,14.11,14.55,0.35
21.37,14.11,14.55,0.35
21.37,14.11,14.55,0.35
21.38,14.11,14.55,0.35
21.38,14.11,14.55,0.35
21.38,14.11,14.55,0.35
21.39,14.11,14.55,0.35
21.39,14.11,14.55,0.35
21.4,14.11,14.55,0.35
21.4,14.11,14.55,0.35
21.41,14.11,14.55,0.35
21.41,14.11,14.55,0.35
21.42,14.11,14.55,0.35
21.42,14.11,14.55,0.35
21.42,14.11,14.55,0.35
21.43,14.11,14.55,0.35
21.43,14.11,14.55,0.35
21.44,14.11,14.55,0.35
21.44,14.11,14.55,0.35
21.45,14.11,14.55,0.35
21.45,14.11,14.55,0.35
21.46,14.11,14.55,0.35
21.46,14.11,14.55,0.35
21.47,14.11,14.55,0.35
21.47,14.11,14.55,0.35
21.47,14.11,14.55,0.35
21.48,14.11,14.55,0.35
21.48,14.11,14.55,0.35
21.49,14.11,14.55,0.35
21.49,14.11,14.55,0.35
21.5,14.11,14.55,0.35
21.5,14.11,14.55,0.35
21.51,14.11,14.55,0.35
21.51,14.11,14.55,0.35
21.51,14.11,14.55,0.35
21.52,14.11,14.55,0.35
21.52,14.11,14.55,0.35
21.53,14.11,14.55,0.35
21.53,14.11,14.55,0.35
21.54,14.11,14.55,0.35
21.54,14.11,14.55,0.35
21.55,14.11,14.55,0.35
21.55,14.11,14.55,0.35
21.56,14.11,14.55,0.35
21.56,14.11,14.55,0.35
21.56,14.11,14.55,0.35
21.57,14.11,14.55,0.35
21.57,14.11,14.55,0.35
21.58,14.11,14.55,0.35
21.58,14.11,14.55,0.35
21.59,14.11,14.55,0.35
21.59,14.11,14.55,0.35
21.6,14.11,14.55,0.35
21.6,14.11,14.54,0.35
21.6,14.11,14.54,0.35
21.61,14.11,14.54,0.35
21.61,14.11,14.54,0.35
21.62,14.11,14.54,0.35
21.62,14.11,14.54,0.35
21.63,14.11,14.54,0.35
21.63,14.11,14.54,0.35
21.64,14.11,14.54,0.35
21.64,14.11,14.54,0.35
21.65,14.11,14.54,0.35
21.65,14.11,14.54,0.35
21.65,14.11,14.54,0.35
21.66,14.11,14.54,0.35
21.66,14.11,14.54,0.35
21.67,14.11,14.54,0.35
21.67,14.11,14.54,0.35
21.68,14.11,14.54,0.35
21.68,14.11,14.54,0.35
21.69,14.11,14.54,0.35
21.69,14.11,14.54,0.35
21.69,14.11,14.54,0.35
21.7,14.11,14.54,0.35
21.7,14.11,14.54,0.35
21.71,14.11,14.54,0.35
21.71,14.11,14.54,0.35
21.72,14.11,14.54,0.35
21.72,14.11,14.54,0.35
21.73,14.11,14.54,0.35
21.73,14.11,14.54,0.35
21.74,14.11,14.54,0.35
21.74,14.11,14.54,0.35
21.74,14.11,14.54,0.35
21.75,14.11,14.54,0.35
21.75,14.11,14.54,0.35
21.76,14.11,14.54,0.35
21.76,14.11,14.54,0.35
21.77,14.11,14.54,0.35
21.77,14.11,14.54,0.35
21.78,14.11,14.54,0.35
21.78,14.11,14.54,0.35
21.78,14.11,14.54,0.35
21.79,14.11,14.54,0.35
21.79,14.11,14.54,0.35
21.8,14.11,14.54,0.35
21.8,14.11,14.54,0.35
21.81,14.11,14.54,0.35
21.81,14.11,14.54,0.35
21.82,14.11,14.54,0.35
21.82,14.11,14.54,0.35
21.83,14.11,14.54,0.35
21.83,14.11,14.54,0.35
21.83,14.11,14.54,0.35
21.84,14.11,14.54,0.35
21.84,14.11,14.54,0.35
21.85,14.11,14.54,0.35
21.85,14.11,14.54,0.35
21.86,14.11,14.54,0.35
21.86,14.11,14.54,0.35
21.87,14.11,14.54,0.35
21.87,14.11,14.54,0.35
21.88,14.11,14.54,0.35
21.88,14.11,14.54,0.35
21.88,14.11,14.54,0.35
21.89,14.11,14.54,0.35
21.89,14.11,14.54,0.35
21.9,14.11,14.54,0.35
21.9,14.11,14.54,0.35
21.91,14.11,14.54,0.35
21.91,14.11,14.54,0.35
21.92,14.11,14.54,0.35
21.92,14.11,14.54,0.35
21.92,14.11,14.54,0.35
21.93,14.11,14.54,0.35
21.93,14.11,14.54,0.35
21.94,14.11,14.54,0.35
21.94,14.11,14.54,0.35
21.95,14.11,14.54,0.35
21.95,14.11,14.54,0.35
21.96,14.11,14.54,0.35
21.96,14.11,14.53,0.35
21.97,14.11,14.53,0.35
21.97,14.11,14.53,0.35
21.98,14.11,14.53,0.35
21.98,14.11,14.53,0.35
21.98,14.11,14.53,0.35
21.99,14.11,14.53,0.35
21.99,14.11,14.53,0.35
22.0,14.11,14.53,0.35
22.0,14.11,14.53,0.35
22.01,14.11,14.53,0.35
22.01,14.11,14.53,0.35
22.02,14.11,14.53,0.35
22.02,14.11,14.53,0.35
22.03,14.11,14.53,0.35
22.03,14.11,14.53,0.35
22.03,14.11,14.53,0.35
22.04,14.11,14.53,0.35
22.04,14.11,14.53,0.35
22.05,14.11,14.53,0.35
22.05,14.11,14.53,0.35
22.06,14.11,14.53,0.35
22.06,14.11,14.53,0.35
22.07,14.11,14.53,0.35
22.07,14.11,14.53,0.35
22.07,14.11,14.53,0.35
22.08,14.11,14.53,0.35
22.08,14.11,14.53,0.35
22.09,14.11,14.53,0.35
22.09,14.11,14.53,0.35
22.1,14.11,14.53,0.35
22.1,14.11,14.53,0.35
22.11,14.11,14.53,0.35
22.11,14.11,14.53,0.35
22.12,14.11,14.53,0.35
22.12,14.11,14.53,0.35
22.13,14.11,14.53,0.35
22.13,14.11,14.53,0.35
22.13,14.11,14.53,0.35
22.14,14.11,14.53,0.35
22.14,14.11,14.53,0.35
22.15,14.11,14.53,0.35
22.15,14.11,14.53,0.35
22.16,14.11,14.53,0.35
22.16,14.11,14.53,0.35
22.17,14.11,14.53,0.35
22.17,14.11,14.53,0.35
22.18,14.11,14.53,0.35
22.18,14.11,14.53,0.35
22.18,14.11,14.53,0.35
22.19,14.11,14.53,0.35
22.19,14.11,14.53,0.35
22.2,14.11,14.53,0.35
22.2,14.11,14.53,0.35
22.21,14.11,14.53,0.35
22.21,14.11,14.53,0.35
22.22,14.11,14.53,0.35
22.22,14.11,14.53,0.35
22.23,14.11,14.53,0.35
22.23,14.11,14.53,0.35
22.23,14.11,14.53,0.35
22.24,14.11,14.53,0.35
22.24,14.11,14.53,0.35
22.25,14.11,14.53,0.35
22.25,14.11,14.53,0.35
22.26,14.11,14.53,0.35
22.26,14.11,14.53,0.35
22.27,14.11,14.53,0.35
22.27,14.11,14.53,0.35
22.28,14.11,14.53,0.35
22.28,14.11,14.53,0.35
22.28,14.11,14.53,0.35
22.29,14.11,14.53,0.35
22.29,14.11,14.53,0.35
22.3,14.11,14.53,0.35
22.3,14.11,14.53,0.35
22.31,14.11,14.53,0.35
22.31,14.11,14.53,0.35
22.32,14.11,14.53,0.35
22.32,14.11,14.53,0.35
22.33,14.11,14.52,0.35
22.33,14.11,14.52,0.35
22.33,14.11,14.52,0.35
22.34,14.11,14.52,0.35
22.34,14.11,14.52,0.35
22.35,14.11,14.52,0.35
22.35,14.11,14.52,0.35
22.36,14.11,14.52,0.35
22.36,14.11,14.52,0.35
22.37,14.11,14.52,0.35
22.37,14.11,14.52,0.35
22.37,14.11,14.52,0.35
22.38,14.11,14.52,0.35
22.38,14.11,14.52,0.35
22.39,14.11,14.52,0.35
22.39,14.11,14.52,0.35
22.4,14.11,14.52,0.35
22.4,14.11,14.52,0.35
22.41,14.11,14.52,0.35
22.41,14.11,14.52,0.35
22.42,14.11,14.52,0.35
22.42,14.11,14.52,0.35
22.43,14.11,14.52,0.35
22.43,14.11,14.52,0.35
22.43,14.11,14.52,0.35
22.44,14.11,14.52,0.35
22.44,14.11,14.52,0.35
22.45,14.11,14.52,0.35
22.45,14.11,14.52,0.35
22.46,14.11,14.52,0.35
22.46,14.11,14.52,0.35
22.47,14.11,14.52,0.35
22.47,14.11,14.52,0.35
22.47,14.11,14.52,0.35
22.48,14.11,14.52,0.35
22.48,14.11,14.52,0.35
22.49,14.11,14.52,0.35
22.49,14.11,14.52,0.35
22.5,14.11,14.52,0.35
22.5,14.11,14.52,0.35
22.51,14.11,14.52,0.35
22.51,14.11,14.52,0.35
22.52,14.11,14.52,0.35
22.52,14.11,14.52,0.35
22.52,14.11,14.52,0.35
22.53,14.11,14.52,0.35
22.53,14.11,14.52,0.35
22.54,14.11,14.52,0.35
22.54,14.11,14.52,0.35
22.55,14.11,14.52,0.35
22.55,14.11,14.52,0.35
22.56,14.11,14.52,0.35
22.56,14.11,14.52,0.35
22.56,14.11,14.52,0.35
22.57,14.11,14.52,0.35
22.57,14.11,14.52,0.35
22.58,14.11,14.52,0.35
22.58,14.11,14.52,0.35
22.59,14.11,14.52,0.35
22.59,14.11,14.52,0.35
22.6,14.11,14.52,0.35
22.6,14.11,14.52,0.35
22.61,14.11,14.52,0.35
22.61,14.11,14.52,0.35
22.61,14.11,14.52,0.35
22.62,14.11,14.52,0.35
22.62,14.11,14.52,0.35
22.63,14.11,14.52,0.35
22.63,14.11,14.52,0.35
22.64,14.11,14.52,0.35
22.64,14.11,14.52,0.35
22.65,14.11,14.52,0.35
22.65,14.11,14.52,0.35
22.66,14.11,14.52,0.35
22.66,14.11,14.52,0.35
22.66,14.11,14.52,0.35
22.67,14.11,14.52,0.35
22.67,14.11,14.52,0.35
22.68,14.11,14.52,0.35
22.68,14.11,14.52,0.35
22.69,14.11,14.51,0.35
22.69,14.11,14.51,0.35
22.7,14.11,14.51,0.35
22.7,14.11,14.51,0.35
22.71,14.11,14.51,0.35
22.71,14.11,14.51,0.35
22.71,14.11,14.51,0.35
22.72,14.11,14.51,0.35
22.72,14.11,14.51,0.35
22.73,14.11,14.51,0.35
22.73,14.11,14.51,0.35
22.74,14.11,14.51,0.35
22.74,14.11,14.51,0.35
22.75,14.11,14.51,0.35
22.75,14.11,14.51,0.35
22.75,14.11,14.51,0.35
22.76,14.11,14.51,0.35
22.76,14.11,14.51,0.35
22.77,14.11,14.51,0.35
22.77,14.11,14.51,0.35
22.78,14.11,14.51,0.35
22.78,14.11,14.51,0.35
22.79,14.11,14.51,0.35
22.79,14.11,14.51,0.35
22.8,14.11,14.51,0.35
22.8,14.11,14.51,0.35
22.8,14.11,14.51,0.35
22.81,14.11,14.51,0.35
22.81,14.11,14.51,0.35
22.82,14.11,14.51,0.35
22.82,14.11,14.51,0.35
22.83,14.11,14.51,0.35
22.83,14.11,14.51,0.35
22.84,14.11,14.51,0.35
22.84,14.11,14.51,0.35
22.85,14.11,14.51,0.35
22.85,14.11,14.51,0.35
22.86,14.11,14.51,0.35
22.86,14.11,14.51,0.35
22.86,14.11,14.51,0.35
22.87,14.11,14.51,0.35
22.87,14.11,14.51,0.35
22.88,14.11,14.51,0.35
22.88,14.11,14.51,0.35
22.89,14.11,14.51,0.35
22.89,14.11,14.51,0.35
22.9,14.11,14.51,0.35
22.9,14.11,14.51,0.35
22.9,14.11,14.51,0.35
22.91,14.11,14.51,0.35
22.91,14.11,14.51,0.35
22.92,14.11,14.51,0.35
22.92,14.11,14.51,0.35
22.93,14.11,14.51,0.35
22.93,14.11,14.51,0.35
22.94,14.11,14.51,0.35
22.94,14.11,14.51,0.35
22.95,14.11,14.51,0.35
22.95,14.11,14.51,0.35
22.95,14.11,14.51,0.35
22.96,14.11,14.51,0.35
22.96,14.11,14.51,0.35
22.97,14.11,14.51,0.35
22.97,14.11,14.51,0.35
22.98,14.11,14.51,0.35
22.98,14.11,14.51,0.35
22.99,14.11,14.51,0.35
22.99,14.11,14.51,0.35
22.99,14.11,14.51,0.35
23.0,14.11,14.51,0.35
23.0,14.11,14.51,0.35
23.01,14.11,14.51,0.35
23.01,14.11,14.51,0.35
23.02,14.11,14.51,0.35
23.02,14.11,14.51,0.35
23.03,14.11,14.51,0.35
23.03,14.11,14.51,0.35
23.04,14.11,14.51,0.35
23.04,14.11,14.51,0.35
23.04,14.11,14.51,0.35
23.05,14.11,14.5,0.35
23.05,14.11,14.5,0.35
23.06,14.11,14.5,0.35
23.06,14.11,14.5,0.35
23.07,14.11,14.5,0.35
23.07,14.11,14.5,0.35
23.08,14.11,14.5,0.35
23.08,14.11,14.5,0.35
23.09,14.11,14.5,0.35
23.09,14.11,14.5,0.35
23.09,14.11,14.5,0.35
23.1,14.11,14.5,0.35
23.1,14.11,14.5,0.35
23.11,14.11,14.5,0.35
23.11,14.11,14.5,0.35
23.12,14.11,14.5,0.35
23.12,14.11,14.5,0.35
23.13,14.11,14.5,0.35
23.13,14.11,14.5,0.35
23.14,14.11,14.5,0.35
23.14,14.11,14.5,0.35
23.15,14.11,14.5,0.35
23.15,14.11,14.5,0.35
23.15,14.11,14.5,0.35
23.16,14.11,14.5,0.35
23.16,14.11,14.5,0.35
23.17,14.11,14.5,0.35
23.17,14.11,14.5,0.35
23.18,14.11,14.5,0.35
23.18,14.11,14.5,0.35
23.19,14.11,14.5,0.35
23.19,14.11,14.5,0.35
23.2,14.11,14.5,0.35
23.2,14.11,14.5,0.35
23.2,14.11,14.5,0.35
23.21,14.11,14.5,0.35
23.21,14.11,14.5,0.35
23.22,14.11,14.5,0.35
23.22,14.11,14.5,0.35
23.23,14.11,14.5,0.35
23.23,14.11,14.5,0.35
23.24,14.11,14.5,0.35
23.24,14.11,14.5,0.35
23.25,14.11,14.5,0.35
23.25,14.11,14.5,0.35
23.25,14.11,14.5,0.35
23.26,14.11,14.5,0.35
23.26,14.11,14.5,0.35
23.27,14.11,14.5,0.35
23.27,14.11,14.5,0.35
23.28,14.11,14.5,0.35
23.28,14.11,14.5,0.35
23.29,14.11,14.5,0.35
23.29,14.11,14.5,0.35
23.3,14.11,14.5,0.35
23.3,14.11,14.5,0.35
23.3,14.11,14.5,0.35
23.31,14.11,14.5,0.35
23.31,14.11,14.5,0.35
23.32,14.11,14.5,0.35
23.32,14.11,14.5,0.35
23.33,14.11,14.5,0.35
23.33,14.11,14.5,0.35
23.34,14.11,14.5,0.35
23.34,14.11,14.5,0.35
23.35,14.11,14.5,0.35
23.35,14.11,14.5,0.35
23.35,14.11,14.5,0.35
23.36,14.11,14.5,0.35
23.36,14.11,14.5,0.35
23.37,14.11,14.5,0.35
23.37,14.11,14.5,0.35
23.38,14.11,14.5,0.35
23.38,14.11,14.5,0.35
23.39,14.11,14.5,0.35
23.39,14.11,14.5,0.35
23.4,14.11,14.5,0.35
23.4,14.11,14.5,0.35
23.4,14.11,14.5,0.35
23.41,14.11,14.5,0.35
23.41,14.11,14.49,0.35
23.42,14.11,14.49,0.35
23.42,14.11,14.49,0.35
23.43,14.11,14.49,0.35
23.43,14.11,14.49,0.35
23.44,14.11,14.49,0.35
23.44,14.11,14.49,0.35
23.45,14.11,14.49,0.35
23.45,14.11,14.49,0.35
23.45,14.11,14.49,0.35
23.46,14.11,14.49,0.35
23.46,14.11,14.49,0.35
23.47,14.11,14.49,0.35
23.47,14.11,14.49,0.35
23.48,14.11,14.49,0.35
23.48,14.11,14.49,0.35
23.49,14.11,14.49,0.35
23.49,14.11,14.49,0.35
23.5,14.11,14.49,0.35
23.5,14.11,14.49,0.35
23.5,14.11,14.49,0.35
23.51,14.11,14.49,0.35
23.51,14.11,14.49,0.35
23.52,14.11,14.49,0.35
23.52,14.11,14.49,0.35
23.53,14.11,14.49,0.35
23.53,14.11,14.49,0.35
23.54,14.11,14.49,0.35
23.54,14.11,14.49,0.35
23.54,14.11,14.49,0.35
23.55,14.11,14.49,0.35
23.55,14.11,14.49,0.35
23.56,14.11,14.49,0.35
23.56,14.11,14.49,0.35
23.57,14.11,14.49,0.35
23.57,14.11,14.49,0.35
23.58,14.11,14.49,0.35
23.58,14.11,14.49,0.35
23.59,14.11,14.49,0.35
23.59,14.11,14.49,0.35
23.59,14.11,14.49,0.35
23.6,14.11,14.49,0.35
23.6,14.11,14.49,0.35
23.61,14.11,14.49,0.35
23.61,14.11,14.49,0.35
23.62,14.11,14.49,0.35
23.62,14.11,14.49,0.35
23.63,14.11,14.49,0.35
23.63,14.11,14.49,0.35
23.63,14.11,14.49,0.35
23.64,14.11,14.49,0.35
23.64,14.11,14.49,0.35
23.65,14.11,14.49,0.35
23.65,14.11,14.49,0.35
23.66,14.11,14.49,0.35
23.66,14.11,14.49,0.35
23.67,14.11,14.49,0.35
23.67,14.11,14.49,0.35
23.68,14.11,14.49,0.35
23.68,14.11,14.49,0.35
23.68,14.11,14.49,0.35
23.69,14.11,14.49,0.35
23.69,14.11,14.49,0.35
23.7,14.11,14.49,0.35
23.7,14.11,14.49,0.35
23.71,14.11,14.49,0.35
23.71,14.11,14.49,0.35
23.72,14.11,14.49,0.35
23.72,14.11,14.49,0.35
23.73,14.11,14.49,0.35
23.73,14.11,14.49,0.35
23.73,14.11,14.49,0.35
23.74,14.11,14.49,0.35
23.74,14.11,14.49,0.35
23.75,14.11,14.49,0.35
23.75,14.11,14.49,0.35
23.76,14.11,14.49,0.35
23.76,14.11,14.49,0.35
23.77,14.11,14.49,0.35
23.77,14.11,14.49,0.35
23.77,14.11,14.48,0.35
23.78,14.11,14.48,0.35
23.78,14.11,14.48,0.35
23.79,14.11,14.48,0.35
23.79,14.11,14.48,0.35
23.8,14.11,14.48,0.35
23.8,14.11,14.48,0.35
23.81,14.11,14.48,0.35
23.81,14.11,14.48,0.35
23.82,14.11,14.48,0.35
23.82,14.11,14.48,0.35
23.83,14.11,14.48,0.35
23.83,14.11,14.48,0.35
23.83,14.11,14.48,0.35
23.84,14.11,14.48,0.35
23.84,14.11,14.48,0.35
23.85,14.11,14.48,0.35
23.85,14.11,14.48,0.35
23.86,14.11,14.48,0.35
23.86,14.11,14.48,0.35
23.87,14.11,14.48,0.35
23.87,14.11,14.48,0.35
23.88,14.11,14.48,0.35
23.88,14.11,14.48,0.35
23.88,14.11,14.48,0.35
23.89,14.11,14.48,0.35
23.89,14.11,14.48,0.35
23.9,14.11,14.48,0.35
23.9,14.11,14.48,0.35
23.91,14.11,14.48,0.35
23.91,14.11,14.48,0.35
23.92,14.11,14.48,0.35
23.92,14.11,14.48,0.35
23.92,14.11,14.48,0.35
23.93,14.11,14.48,0.35
23.93,14.11,14.48,0.35
23.94,14.11,14.48,0.35
23.94,14.11,14.48,0.35
23.95,14.11,14.48,0.35
23.95,14.11,14.48,0.35
23.96,14.11,14.48,0.35
23.96,14.11,14.48,0.35
23.97,14.11,14.48,0.35
23.97,14.11,14.48,0.35
23.97,14.11,14.48,0.35
23.98,14.11,14.48,0.35
23.98,14.11,14.48,0.35
23.99,14.11,14.48,0.35
23.99,14.11,14.48,0.35
24.0,14.11,14.48,0.35
24.0,14.11,14.48,0.35
24.01,14.11,14.48,0.35
24.01,14.11,14.48,0.35
24.02,14.11,14.48,0.35
24.02,14.11,14.48,0.35
24.02,14.11,14.48,0.35
24.03,14.11,14.48,0.35
24.03,14.11,14.48,0.35
24.04,14.11,14.48,0.35
24.04,14.11,14.48,0.35
24.05,14.11,14.48,0.35
24.05,14.11,14.48,0.35
24.06,14.11,14.48,0.35
24.06,14.11,14.48,0.35
24.07,14.11,14.48,0.35
24.07,14.11,14.48,0.35
24.07,14.11,14.48,0.35
24.08,14.11,14.48,0.35
24.08,14.11,14.48,0.35
24.09,14.11,14.48,0.35
24.09,14.11,14.48,0.35
24.1,14.11,14.48,0.35
24.1,14.11,14.48,0.35
24.11,14.11,14.48,0.35
24.11,14.11,14.48,0.35
24.11,14.11,14.48,0.35
24.12,14.11,14.48,0.35
24.12,14.11,14.48,0.35
24.13,14.11,14.48,0.35
24.13,14.11,14.48,0.35
24.14,14.11,14.47,0.35
24.14,14.11,14.47,0.35
24.15,14.11,14.47,0.35
24.15,14.11,14.47,0.35
24.16,14.11,14.47,0.35
24.16,14.11,14.47,0.35
24.16,14.11,14.47,0.35
24.17,14.11,14.47,0.35
24.17,14.11,14.47,0.35
24.18,14.11,14.47,0.35
24.18,14.11,14.47,0.35
24.19,14.11,14.47,0.35
24.19,14.11,14.47,0.35
24.2,14.11,14.47,0.35
24.2,14.11,14.47,0.35
24.21,14.11,14.47,0.35
24.21,14.11,14.47,0.35
24.21,14.11,14.47,0.35
24.22,14.11,14.47,0.35
24.22,14.11,14.47,0.35
24.23,14.11,14.47,0.35
24.23,14.11,14.47,0.35
24.24,14.11,14.47,0.35
24.24,14.11,14.47,0.35
24.25,14.11,14.47,0.35
24.25,14.11,14.47,0.35
24.26,14.11,14.47,0.35
24.26,14.11,14.47,0.35
24.26,14.11,14.47,0.35
24.27,14.11,14.47,0.35
24.27,14.11,14.47,0.35
24.28,14.11,14.47,0.35
24.28,14.11,14.47,0.35
24.29,14.11,14.47,0.35
24.29,14.11,14.47,0.35
24.3,14.11,14.47,0.35
24.3,14.11,14.47,0.35
24.31,14.11,14.47,0.35
24.31,14.11,14.47,0.35
24.31,14.11,14.47,0.35
24.32,14.11,14.47,0.35
24.32,14.11,14.47,0.35
24.33,14.11,14.47,0.35
24.33,14.11,14.47,0.35
24.34,14.11,14.47,0.35
24.34,14.11,14.47,0.35
24.35,14.11,14.47,0.35
24.35,14.11,14.47,0.35
24.36,14.11,14.47,0.35
24.36,14.11,14.47,0.35
24.36,14.11,14.47,0.35
24.37,14.11,14.47,0.35
24.37,14.11,14.47,0.35
24.38,14.11,14.47,0.35
24.38,14.11,14.47,0.35
24.39,14.11,14.47,0.35
24.39,14.11,14.47,0.35
24.4,14.11,14.47,0.35
24.4,14.11,14.47,0.35
24.41,14.11,14.47,0.35
24.41,14.11,14.47,0.35
24.42,14.11,14.47,0.35
24.42,14.11,14.47,0.35
24.43,14.11,14.47,0.35
24.43,14.11,14.47,0.35
24.43,14.11,14.47,0.35
24.44,14.11,14.47,0.35
24.44,14.11,14.47,0.35
24.45,14.11,14.47,0.35
24.45,14.11,14.47,0.35
24.46,14.11,14.47,0.35
24.46,14.11,14.47,0.35
24.47,14.11,14.47,0.35
24.47,14.11,14.47,0.35
24.48,14.11,14.47,0.35
24.48,14.11,14.47,0.35
24.48,14.11,14.47,0.35
24.49,14.11,14.47,0.35
24.49,14.11,14.47,0.35
24.5,14.11,14.47,0.35
24.5,14.11,14.46,0.35
24.51,14.11,14.46,0.35
24.51,14.11,14.46,0.35
24.52,14.11,14.46,0.35
24.52,14.11,14.46,0.35
24.53,14.11,14.46,0.35
24.53,14.11,14.46,0.35
24.53,14.11,14.46,0.35
24.54,14.11,14.46,0.35
24.54,14.11,14.46,0.35
24.55,14.11,14.46,0.35
24.55,14.11,14.46,0.35
24.56,14.11,14.46,0.35
24.56,14.11,14.46,0.35
24.57,14.11,14.46,0.35
24.57,14.11,14.46,0.35
24.58,14.11,14.46,0.35
24.58,14.11,14.46,0.35
24.58,14.11,14.46,0.35
24.59,14.11,14.46,0.35
24.59,14.11,14.46,0.35
24.6,14.11,14.46,0.35
24.6,14.11,14.46,0.35
24.61,14.11,14.46,0.35
24.61,14.11,14.46,0.35
24.62,14.11,14.46,0.35
24.62,14.11,14.46,0.35
24.62,14.11,14.46,0.35
24.63,14.11,14.46,0.35
24.63,14.11,14.46,0.35
24.64,14.11,14.46,0.35
24.64,14.11,14.46,0.35
24.65,14.11,14.46,0.35
24.65,14.11,14.46,0.35
24.66,14.11,14.46,0.35
24.66,14.11,14.46,0.35
24.67,14.11,14.46,0.35
24.67,14.11,14.46,0.35
24.68,14.11,14.46,0.35
24.68,14.11,14.46,0.35
24.68,14.11,14.46,0.35
24.69,14.11,14.46,0.35
24.69,14.11,14.46,0.35
24.7,14.11,14.46,0.35
24.7,14.11,14.46,0.35
24.71,14.11,14.46,0.35
24.71,14.11,14.46,0.35
24.72,14.11,14.46,0.35
24.72,14.11,14.46,0.35
24.72,14.11,14.46,0.35
24.73,14.11,14.46,0.35
24.73,14.11,14.46,0.35
24.74,14.11,14.46,0.35
24.74,14.11,14.46,0.35
24.75,14.11,14.46,0.35
24.75,14.11,14.46,0.35
24.76,14.11,14.46,0.35
24.76,14.11,14.46,0.35
24.77,14.11,14.46,0.35
24.77,14.11,14.46,0.35
24.78,14.11,14.46,0.35
24.78,14.11,14.46,0.35
24.78,14.11,14.46,0.35
24.79,14.11,14.46,0.35
24.79,14.11,14.46,0.35
24.8,14.11,14.46,0.35
24.8,14.11,14.46,0.35
24.81,14.11,14.46,0.35
24.81,14.11,14.46,0.35
24.82,14.11,14.46,0.35
24.82,14.11,14.46,0.35
24.83,14.11,14.46,0.35
24.83,14.11,14.46,0.35
24.83,14.11,14.46,0.35
24.84,14.11,14.46,0.35
24.84,14.11,14.46,0.35
24.85,14.11,14.46,0.35
24.85,14.11,14.46,0.35
24.86,14.11,14.46,0.35
24.86,14.11,14.46,0.35
24.87,14.11,14.45,0.35
24.87,14.11,14.45,0.35
24.88,14.11,14.45,0.35
24.88,14.11,14.45,0.35
24.89,14.11,14.45,0.35
24.89,14.11,14.45,0.35
24.89,14.11,14.45,0.35
24.9,14.11,14.45,0.35
24.9,14.11,14.45,0.35
24.91,14.11,14.45,0.35
24.91,14.11,14.45,0.35
24.92,14.11,14.45,0.35
24.92,14.11,14.45,0.35
24.93,14.11,14.45,0.35
24.93,14.11,14.45,0.35
24.94,14.11,14.45,0.35
24.94,14.11,14.45,0.35
24.94,14.11,14.45,0.35
24.95,14.11,14.45,0.35
24.95,14.11,14.45,0.35
24.96,14.11,14.45,0.35
24.96,14.11,14.45,0.35
24.97,14.11,14.45,0.35
24.97,14.11,14.45,0.35
24.98,14.11,14.45,0.35
24.98,14.11,14.45,0.35
24.99,14.11,14.45,0.35
24.99,14.11,14.45,0.35
24.99,14.11,14.45,0.35
25.0,14.11,14.45,0.35
25.0,14.11,14.45,0.35
25.01,14.11,14.45,0.35
25.01,14.11,14.45,0.35
25.02,14.11,14.45,0.35
25.02,14.11,14.45,0.35
25.03,14.11,14.45,0.35
25.03,14.11,14.45,0.35
25.04,14.11,14.45,0.35
25.04,14.11,14.45,0.35
25.04,14.11,14.45,0.35
25.05,14.11,14.45,0.35
25.05,14.11,14.45,0.35
25.06,14.11,14.45,0.35
25.06,14.11,14.45,0.35
25.07,14.11,14.45,0.35
25.07,14.11,14.45,0.35
25.08,14.11,14.45,0.35
25.08,14.11,14.45,0.35
25.09,14.11,14.45,0.35
25.09,14.11,14.45,0.35
25.09,14.11,14.45,0.35
25.1,14.11,14.45,0.35
25.1,14.11,14.45,0.35
25.11,14.11,14.45,0.35
25.11,14.11,14.45,0.35
25.12,14.11,14.45,0.35
25.12,14.11,14.45,0.35
25.13,14.11,14.45,0.35
25.13,14.11,14.45,0.35
25.13,14.11,14.45,0.35
25.14,14.11,14.45,0.35
25.14,14.11,14.45,0.35
25.15,14.11,14.45,0.35
25.15,14.11,14.45,0.35
25.16,14.11,14.45,0.35
25.16,14.11,14.45,0.35
25.17,14.11,14.45,0.35
25.17,14.11,14.45,0.35
25.18,14.11,14.45,0.35
25.18,14.11,14.45,0.35
25.19,14.11,14.45,0.35
25.19,14.11,14.45,0.35
25.19,14.11,14.45,0.35
25.2,14.11,14.45,0.35
25.2,14.11,14.45,0.35
25.21,14.11,14.45,0.35
25.21,14.11,14.45,0.35
25.22,14.11,14.45,0.35
25.22,14.11,14.45,0.35
25.23,14.11,14.45,0.35
25.23,14.11,14.44,0.35
25.24,14.11,14.44,0.35
25.24,14.11,14.44,0.35
25.25,14.11,14.44,0.35
25.25,14.11,14.44,0.35
25.25,14.11,14.44,0.35
25.26,14.11,14.44,0.35
25.26,14.11,14.44,0.35
25.27,14.11,14.44,0.35
25.27,14.11,14.44,0.35
25.28,14.11,14.44,0.35
25.28,14.11,14.44,0.35
25.29,14.11,14.44,0.35
25.29,14.11,14.44,0.35
25.3,14.11,14.44,0.35
25.3,14.11,14.44,0.35
25.31,14.11,14.44,0.35
25.31,14.11,14.44,0.35
25.32,14.11,14.44,0.35
25.32,14.11,14.44,0.35
25.32,14.11,14.44,0.35
25.33,14.11,14.44,0.35
25.33,14.11,14.44,0.35
25.34,14.11,14.44,0.35
25.34,14.11,14.44,0.35
25.35,14.11,14.44,0.35
25.35,14.11,14.44,0.35
25.36,14.11,14.44,0.35
25.36,14.11,14.44,0.35
25.37,14.11,14.44,0.35
25.37,14.11,14.44,0.35
25.38,14.11,14.44,0.35
25.38,14.11,14.44,0.35
25.39,14.11,14.44,0.35
25.39,14.11,14.44,0.35
25.39,14.11,14.44,0.35
25.4,14.11,14.44,0.35
25.4,14.11,14.44,0.35
25.41,14.11,14.44,0.35
25.41,14.11,14.44,0.35
25.42,14.11,14.44,0.35
25.42,14.11,14.44,0.35
25.43,14.11,14.44,0.35
25.43,14.11,14.44,0.35
25.44,14.11,14.44,0.35
25.44,14.11,14.44,0.35
25.45,14.11,14.44,0.35
25.45,14.11,14.44,0.35
25.46,14.11,14.44,0.35
25.46,14.11,14.44,0.35
25.47,14.11,14.44,0.35
25.47,14.11,14.44,0.35
25.48,14.11,14.44,0.35
25.48,14.11,14.44,0.35
25.48,14.11,14.44,0.35
25.49,14.11,14.44,0.35
25.49,14.11,14.44,0.35
25.5,14.11,14.44,0.35
25.5,14.11,14.44,0.35
25.51,14.11,14.44,0.35
25.51,14.11,14.44,0.35
25.52,14.11,14.44,0.35
25.52,14.11,14.44,0.35
25.53,14.11,14.44,0.35
25.53,14.11,14.44,0.35
25.54,14.11,14.44,0.35
25.54,14.11,14.44,0.35
25.55,14.11,14.44,0.35
25.55,14.11,14.44,0.35
25.56,14.11,14.44,0.35
25.56,14.11,14.44,0.35
25.57,14.11,14.44,0.35
25.57,14.11,14.44,0.35
25.58,14.11,14.44,0.35
25.58,14.11,14.44,0.35
25.59,14.11,14.44,0.35
25.59,14.11,14.44,0.35
25.6,14.11,14.44,0.35
25.6,14.11,14.44,0.35
25.61,14.11,14.44,0.35
25.61,14.11,14.43,0.35
25.62,14.11,14.43,0.35
25.62,14.11,14.43,0.35
25.63,14.11,14.43,0.35
25.63,14.11,14.43,0.35
25.64,14.11,14.43,0.35
25.64,14.11,14.43,0.35
25.64,14.11,14.43,0.35
25.65,14.11,14.43,0.35
25.65,14.11,14.43,0.35
25.66,14.11,14.43,0.35
25.66,14.11,14.43,0.35
25.67,14.11,14.43,0.35
25.67,14.11,14.43,0.35
25.68,14.11,14.43,0.35
25.68,14.11,14.43,0.35
25.69,14.11,14.43,0.35
25.69,14.11,14.43,0.35
25.7,14.11,14.43,0.35
25.71,14.11,14.43,0.35
25.71,14.11,14.43,0.35
25.72,14.11,14.43,0.35
25.72,14.11,14.43,0.35
25.73,14.11,14.43,0.35
25.73,14.11,14.43,0.35
25.74,14.11,14.43,0.35
25.74,14.11,14.43,0.35
25.75,14.11,14.43,0.35
25.75,14.11,14.43,0.35
25.76,14.11,14.43,0.35
25.76,14.11,14.43,0.35
25.77,14.11,14.43,0.35
25.78,14.11,14.43,0.35
25.78,14.11,14.43,0.35
25.79,14.11,14.43,0.35
25.79,14.11,14.43,0.35
25.8,14.11,14.43,0.35
25.8,14.11,14.43,0.35
25.81,14.11,14.43,0.35
25.81,14.11,14.43,0.35
25.82,14.11,14.43,0.35
25.82,14.11,14.43,0.35
25.83,14.11,14.43,0.35
25.83,14.11,14.43,0.35
25.84,14.11,14.43,0.35
25.84,14.11,14.43,0.35
25.85,14.11,14.43,0.35
25.86,14.11,14.43,0.35
25.86,14.11,14.43,0.35
25.87,14.11,14.43,0.35
25.87,14.11,14.43,0.35
25.88,14.11,14.43,0.35
25.89,14.11,14.43,0.35
25.89,14.11,14.43,0.35
25.9,14.11,14.43,0.35
25.9,14.11,14.43,0.35
25.91,14.11,14.43,0.35
25.92,14.11,14.43,0.35
25.92,14.11,14.43,0.35
25.93,14.11,14.43,0.35
25.93,14.11,14.43,0.35
25.94,14.11,14.43,0.35
25.94,14.11,14.43,0.35
25.95,14.11,14.43,0.35
25.95,14.11,14.43,0.35
25.95,14.11,14.43,0.35
25.96,14.11,14.43,0.35
25.96,14.11,14.43,0.35
25.97,14.11,14.43,0.35
25.98,14.11,14.43,0.35
25.98,14.11,14.43,0.35
25.98,14.11,14.43,0.35
25.99,14.11,14.43,0.35
25.99,14.11,14.43,0.35
26.0,14.11,14.43,0.35
26.0,14.11,14.43,0.35
26.01,14.11,14.43,0.35
26.01,14.11,14.43,0.35
26.02,14.11,14.43,0.35
26.02,14.11,14.43,0.35
26.03,14.11,14.42,0.35
26.03,14.11,14.42,0.35
26.04,14.11,14.42,0.35
26.04,14.11,14.42,0.35
26.05,14.11,14.42,0.35
26.05,14.11,14.42,0.35
26.06,14.11,14.42,0.35
26.06,14.11,14.42,0.35
26.07,14.11,14.42,0.35
26.07,14.11,14.42,0.35
26.08,14.11,14.42,0.35
26.08,14.11,14.42,0.35
26.09,14.11,14.42,0.35
26.09,14.11,14.42,0.35
26.1,14.11,14.42,0.35
26.1,14.11,14.42,0.35
26.11,14.11,14.42,0.35
26.11,14.11,14.42,0.35
26.12,14.11,14.42,0.35
26.12,14.11,14.42,0.35
26.13,14.11,14.42,0.35
26.13,14.11,14.42,0.35
26.14,14.11,14.42,0.35
26.14,14.11,14.42,0.35
26.15,14.11,14.42,0.35
26.15,14.11,14.42,0.35
26.16,14.11,14.42,0.35
26.16,14.11,14.42,0.35
26.17,14.11,14.42,0.35
26.17,14.11,14.42,0.35
26.18,14.11,14.42,0.35
26.18,14.11,14.42,0.35
26.19,14.11,14.42,0.35
26.19,14.11,14.42,0.35
26.2,14.11,14.42,0.35
26.2,14.11,14.42,0.35
26.21,14.11,14.42,0.35
26.21,14.11,14.42,0.35
26.22,14.11,14.42,0.35
26.22,14.11,14.42,0.35
26.23,14.11,14.42,0.35
26.23,14.11,14.42,0.35
26.24,14.11,14.42,0.35
26.24,14.11,14.42,0.35
26.25,14.11,14.42,0.35
26.25,14.11,14.42,0.35
26.26,14.11,14.42,0.35
26.26,14.11,14.42,0.35
26.27,14.11,14.42,0.35
26.27,14.11,14.42,0.35
26.28,14.11,14.42,0.35
26.28,14.11,14.42,0.35
26.29,14.11,14.42,0.35
26.29,14.11,14.42,0.35
26.3,14.11,14.42,0.35
26.31,14.11,14.42,0.35
26.31,14.11,14.42,0.35
26.32,14.11,14.42,0.35
26.32,14.11,14.42,0.35
26.33,14.11,14.42,0.35
26.33,14.11,14.42,0.35
26.34,14.11,14.42,0.35
26.34,14.11,14.42,0.35
26.35,14.11,14.42,0.35
26.35,14.11,14.42,0.35
26.36,14.11,14.42,0.35
26.36,14.11,14.42,0.35
26.37,14.11,14.42,0.35
26.37,14.11,14.42,0.35
26.38,14.11,14.42,0.35
26.38,14.11,14.42,0.35
26.39,14.11,14.42,0.35
26.39,14.11,14.42,0.35
26.39,14.11,14.42,0.35
26.4,14.11,14.42,0.35
26.4,14.11,14.42,0.35
26.41,14.11,14.42,0.35
26.41,14.11,14.42,0.35
26.42,14.11,14.42,0.35
26.42,14.11,14.42,0.35
26.43,14.11,14.41,0.35
26.43,14.11,14.41,0.35
26.44,14.11,14.41,0.35
26.44,14.11,14.41,0.35
26.45,14.11,14.41,0.35
26.45,14.11,14.41,0.35
26.46,14.11,14.41,0.35
26.46,14.11,14.41,0.35
26.47,14.11,14.41,0.35
26.47,14.11,14.41,0.35
26.48,14.11,14.41,0.35
26.48,14.11,14.41,0.35
26.49,14.11,14.41,0.35
26.49,14.11,14.41,0.35
26.5,14.11,14.41,0.35
26.5,14.11,14.41,0.35
26.51,14.11,14.41,0.35
26.51,14.11,14.41,0.35
26.52,14.11,14.41,0.35
26.52,14.11,14.41,0.35
26.53,14.11,14.41,0.35
26.53,14.11,14.41,0.35
26.54,14.11,14.41,0.35
26.54,14.11,14.41,0.35
26.55,14.11,14.41,0.35
26.55,14.11,14.41,0.35
26.56,14.11,14.41,0.35
26.56,14.11,14.41,0.35
26.57,14.11,14.41,0.35
26.57,14.11,14.41,0.35
26.58,14.11,14.41,0.35
26.58,14.11,14.41,0.35
26.59,14.11,14.41,0.35
26.59,14.11,14.41,0.35
26.6,14.11,14.41,0.35
26.6,14.11,14.41,0.35
26.61,14.11,14.41,0.35
26.61,14.11,14.41,0.35
26.62,14.11,14.41,0.35
26.62,14.11,14.41,0.35
26.63,14.11,14.41,0.35
26.63,14.11,14.41,0.35
26.64,14.11,14.41,0.35
26.64,14.11,14.41,0.35
26.65,14.11,14.41,0.35
26.65,14.11,14.41,0.35
26.66,14.11,14.41,0.35
26.67,14.11,14.41,0.35
26.67,14.11,14.41,0.35
26.67,14.11,14.41,0.35
26.68,14.11,14.41,0.35
26.69,14.11,14.41,0.35
26.69,14.11,14.41,0.35
26.69,14.11,14.41,0.35
26.7,14.11,14.41,0.35
26.71,14.11,14.41,0.35
26.71,14.11,14.41,0.35
26.72,14.11,14.41,0.35
26.72,14.11,14.41,0.35
26.73,14.11,14.41,0.35
26.73,14.11,14.41,0.35
26.74,14.11,14.41,0.35
26.74,14.11,14.41,0.35
26.75,14.11,14.41,0.35
26.75,14.11,14.41,0.35
26.76,14.11,14.41,0.35
26.76,14.11,14.41,0.35
26.77,14.11,14.41,0.35
26.77,14.11,14.41,0.35
26.78,14.11,14.41,0.35
26.78,14.11,14.41,0.35
26.79,14.11,14.41,0.35
26.8,14.11,14.41,0.35
26.8,14.11,14.41,0.35
26.81,14.11,14.41,0.35
26.81,14.11,14.41,0.35
26.82,14.11,14.41,0.35
26.82,14.11,14.41,0.35
26.82,14.11,14.41,0.35
26.83,14.11,14.41,0.35
26.83,14.11,14.4,0.35
26.84,14.11,14.4,0.35
26.84,14.11,14.4,0.35
26.85,14.11,14.4,0.35
26.85,14.11,14.4,0.35
26.86,14.11,14.4,0.35
26.86,14.11,14.4,0.35
26.87,14.11,14.4,0.35
26.87,14.11,14.4,0.35
26.88,14.11,14.4,0.35
26.88,14.11,14.4,0.35
26.89,14.11,14.4,0.35
26.89,14.11,14.4,0.35
26.9,14.11,14.4,0.35
26.9,14.11,14.4,0.35
26.91,14.11,14.4,0.35
26.91,14.11,14.4,0.35
26.92,14.11,14.4,0.35
26.92,14.11,14.4,0.35
26.93,14.11,14.4,0.35
26.93,14.11,14.4,0.35
26.93,14.11,14.4,0.35
26.94,14.11,14.4,0.35
26.94,14.11,14.4,0.35
26.95,14.11,14.4,0.35
26.95,14.11,14.4,0.35
26.96,14.11,14.4,0.35
26.96,14.11,14.4,0.35
26.97,14.11,14.4,0.35
26.97,14.11,14.4,0.35
26.98,14.11,14.4,0.35
26.98,14.11,14.4,0.35
26.99,14.11,14.4,0.35
26.99,14.11,14.4,0.35
27.0,14.11,14.4,0.35
27.01,14.11,14.4,0.35
27.01,14.11,14.4,0.35
27.02,14.11,14.4,0.35
27.02,14.11,14.4,0.35
27.03,14.11,14.4,0.35
27.03,14.11,14.4,0.35
27.04,14.11,14.4,0.35
27.04,14.11,14.4,0.35
27.05,14.11,14.4,0.35
27.05,14.11,14.4,0.35
27.05,14.11,14.4,0.35
27.06,14.11,14.4,0.35
27.06,14.11,14.4,0.35
27.07,14.11,14.4,0.35
27.08,14.11,14.4,0.35
27.08,14.11,14.4,0.35
27.08,14.11,14.4,0.35
27.09,14.11,14.4,0.35
27.09,14.11,14.4,0.35
27.1,14.11,14.4,0.35
27.1,14.11,14.4,0.35
27.11,14.11,14.4,0.35
27.11,14.11,14.4,0.35
27.12,14.11,14.4,0.35
27.12,14.11,14.4,0.35
27.13,14.11,14.4,0.35
27.13,14.11,14.4,0.35
27.14,14.11,14.4,0.35
27.14,14.11,14.4,0.35
27.15,14.11,14.4,0.35
27.15,14.11,14.4,0.35
27.16,14.11,14.4,0.35
27.16,14.11,14.4,0.35
27.17,14.11,14.4,0.35
27.17,14.11,14.4,0.35
27.18,14.11,14.4,0.35
27.18,14.11,14.4,0.35
27.19,14.11,14.4,0.35
27.19,14.11,14.4,0.35
27.2,14.11,14.4,0.35
27.2,14.11,14.4,0.35
27.21,14.11,14.4,0.35
27.21,14.11,14.4,0.35
27.22,14.11,14.4,0.35
27.22,14.11,14.4,0.35
27.23,14.11,14.39,0.35
27.23,14.11,14.39,0.35
27.24,14.11,14.39,0.35
27.24,14.11,14.39,0.35
27.25,14.11,14.39,0.35
27.25,14.11,14.39,0.35
27.26,14.11,14.39,0.35
27.26,14.11,14.39,0.35
27.27,14.11,14.39,0.35
27.27,14.11,14.39,0.35
27.28,14.11,14.39,0.35
27.28,14.11,14.39,0.35
27.29,14.11,14.39,0.35
27.29,14.11,14.39,0.35
27.3,14.11,14.39,0.35
27.3,14.11,14.39,0.35
27.31,14.11,14.39,0.35
27.31,14.11,14.39,0.35
27.32,14.11,14.39,0.35
27.32,14.11,14.39,0.35
27.33,14.11,14.39,0.35
27.33,14.11,14.39,0.35
27.34,14.11,14.39,0.35
27.34,14.11,14.39,0.35
27.35,14.11,14.39,0.35
27.35,14.11,14.39,0.35
27.36,14.11,14.39,0.35
27.36,14.11,14.39,0.35
27.37,14.11,14.39,0.35
27.37,14.11,14.39,0.35
27.38,14.11,14.39,0.35
27.38,14.11,14.39,0.35
27.39,14.11,14.39,0.35
27.39,14.11,14.39,0.35
27.4,14.11,14.39,0.35
27.4,14.11,14.39,0.35
27.41,14.11,14.39,0.35
27.41,14.11,14.39,0.35
27.42,14.11,14.39,0.35
27.42,14.11,14.39,0.35
27.43,14.11,14.39,0.35
27.43,14.11,14.39,0.35
27.44,14.11,14.39,0.35
27.44,14.11,14.39,0.35
27.45,14.11,14.39,0.35
27.45,14.11,14.39,0.35
27.46,14.11,14.39,0.35
27.46,14.11,14.39,0.35
27.47,14.11,14.39,0.35
27.47,14.11,14.39,0.35
27.48,14.11,14.39,0.35
27.48,14.11,14.39,0.35
27.49,14.11,14.39,0.35
27.49,14.11,14.39,0.35
27.5,14.11,14.39,0.35
27.5,14.11,14.39,0.35
27.51,14.11,14.39,0.35
27.51,14.11,14.39,0.35
27.52,14.11,14.39,0.35
27.52,14.11,14.39,0.35
27.53,14.11,14.39,0.35
27.53,14.11,14.39,0.35
27.54,14.11,14.39,0.35
27.54,14.11,14.39,0.35
27.55,14.11,14.39,0.35
27.55,14.11,14.39,0.35
27.56,14.11,14.39,0.35
27.56,14.11,14.39,0.35
27.57,14.11,14.39,0.35
27.57,14.11,14.39,0.35
27.58,14.11,14.39,0.35
27.58,14.11,14.39,0.35
27.58,14.11,14.39,0.35
27.59,14.11,14.39,0.35
27.59,14.11,14.39,0.35
27.6,14.11,14.39,0.35
27.6,14.11,14.39,0.35
27.61,14.11,14.39,0.35
27.61,14.11,14.39,0.35
27.62,14.11,14.39,0.35
27.62,14.11,14.38,0.35
27.63,14.11,14.38,0.35
27.63,14.11,14.38,0.35
27.64,14.11,14.38,0.35
27.64,14.11,14.38,0.35
27.65,14.11,14.38,0.35
27.65,14.11,14.38,0.35
27.66,14.11,14.38,0.35
27.66,14.11,14.38,0.35
27.67,14.11,14.38,0.35
27.67,14.11,14.38,0.35
27.68,14.11,14.38,0.35
27.68,14.11,14.38,0.35
27.69,14.11,14.38,0.35
27.69,14.11,14.38,0.35
27.69,14.11,14.38,0.35
27.7,14.11,14.38,0.35
27.7,14.11,14.38,0.35
27.71,14.11,14.38,0.35
27.71,14.11,14.38,0.35
27.72,14.11,14.38,0.35
27.72,14.11,14.38,0.35
27.73,14.11,14.38,0.35
27.73,14.11,14.38,0.35
27.74,14.11,14.38,0.35
27.74,14.11,14.38,0.35
27.75,14.11,14.38,0.35
27.75,14.11,14.38,0.35
27.76,14.11,14.38,0.35
27.76,14.11,14.38,0.35
27.77,14.11,14.38,0.35
27.77,14.11,14.38,0.35
27.78,14.11,14.38,0.35
27.78,14.11,14.38,0.35
27.79,14.11,14.38,0.35
27.79,14.11,14.38,0.35
27.8,14.11,14.38,0.35
27.8,14.11,14.38,0.35
27.81,14.11,14.38,0.35
27.81,14.11,14.38,0.35
27.82,14.11,14.38,0.35
27.82,14.11,14.38,0.35
27.82,14.11,14.38,0.35
27.83,14.11,14.38,0.35
27.83,14.11,14.38,0.35
27.84,14.11,14.38,0.35
27.84,14.11,14.38,0.35
27.85,14.11,14.38,0.35
27.85,14.11,14.38,0.35
27.86,14.11,14.38,0.35
27.86,14.11,14.38,0.35
27.86,14.11,14.38,0.35
27.87,14.11,14.38,0.35
27.87,14.11,14.38,0.35
27.88,14.11,14.38,0.35
27.88,14.11,14.38,0.35
27.89,14.11,14.38,0.35
27.89,14.11,14.38,0.35
27.9,14.11,14.38,0.35
27.9,14.11,14.38,0.35
27.91,14.11,14.38,0.35
27.91,14.11,14.38,0.35
27.91,14.11,14.38,0.35
27.92,14.11,14.38,0.35
27.92,14.11,14.38,0.35
27.93,14.11,14.38,0.35
27.93,14.11,14.38,0.35
27.94,14.11,14.38,0.35
27.94,14.11,14.38,0.35
27.95,14.11,14.38,0.35
27.95,14.11,14.38,0.35
27.95,14.11,14.38,0.35
27.96,14.11,14.38,0.35
27.96,14.11,14.38,0.35
27.97,14.11,14.38,0.35
27.97,14.11,14.38,0.35
27.98,14.11,14.38,0.35
27.98,14.11,14.38,0.35
27.99,14.11,14.38,0.35
27.99,14.11,14.38,0.35
28.0,14.11,14.37,0.35
28.0,14.11,14.37,0.35
28.0,14.11,14.37,0.35
28.01,14.11,14.37,0.35
28.01,14.11,14.37,0.35
28.02,14.11,14.37,0.35
28.02,14.11,14.37,0.35
28.03,14.11,14.37,0.35
28.03,14.11,14.37,0.35
28.04,14.11,14.37,0.35
28.04,14.11,14.37,0.35
28.05,14.11,14.37,0.35
28.05,14.11,14.37,0.35
28.05,14.11,14.37,0.35
28.06,14.11,14.37,0.35
28.06,14.11,14.37,0.35
28.07,14.11,14.37,0.35
28.07,14.11,14.37,0.35
28.08,14.11,14.37,0.35
28.08,14.11,14.37,0.35
28.09,14.11,14.37,0.35
28.09,14.11,14.37,0.35
28.09,14.11,14.37,0.35
28.1,14.11,14.37,0.35
28.1,14.11,14.37,0.35
28.11,14.11,14.37,0.35
28.11,14.11,14.37,0.35
28.12,14.11,14.37,0.35
28.12,14.11,14.37,0.35
28.13,14.11,14.37,0.35
28.13,14.11,14.37,0.35
28.14,14.11,14.37,0.35
28.14,14.11,14.37,0.35
28.14,14.11,14.37,0.35
28.15,14.11,14.37,0.35
28.15,14.11,14.37,0.35
28.16,14.11,14.37,0.35
28.16,14.11,14.37,0.35
28.17,14.11,14.37,0.35
28.17,14.11,14.37,0.35
28.18,14.11,14.37,0.35
28.18,14.11,14.37,0.35
28.19,14.11,14.37,0.35
28.19,14.11,14.37,0.35
28.19,14.11,14.37,0.35
28.2,14.11,14.37,0.35
28.2,14.11,14.37,0.35
28.21,14.11,14.37,0.35
28.21,14.11,14.37,0.35
28.22,14.11,14.37,0.35
28.22,14.11,14.37,0.35
28.23,14.11,14.37,0.35
28.23,14.11,14.37,0.35
28.24,14.11,14.37,0.35
28.24,14.11,14.37,0.35
28.24,14.11,14.37,0.35
28.25,14.11,14.37,0.35
28.25,14.11,14.37,0.35
28.26,14.11,14.37,0.35
28.26,14.11,14.37,0.35
28.27,14.11,14.37,0.35
28.27,14.11,14.37,0.35
28.28,14.11,14.37,0.35
28.28,14.11,14.37,0.35
28.28,14.11,14.37,0.35
28.29,14.11,14.37,0.35
28.29,14.11,14.37,0.35
28.3,14.11,14.37,0.35
28.3,14.11,14.37,0.35
28.31,14.11,14.37,0.35
28.31,14.11,14.37,0.35
28.32,14.11,14.37,0.35
28.32,14.11,14.37,0.35
28.33,14.11,14.37,0.35
28.33,14.11,14.37,0.35
28.33,14.11,14.37,0.35
28.34,14.11,14.37,0.35
28.34,14.11,14.37,0.35
28.35,14.11,14.37,0.35
28.35,14.11,14.37,0.35
28.36,14.11,14.36,0.35
28.36,14.11,14.36,0.35
28.37,14.11,14.36,0.35
28.37,14.11,14.36,0.35
28.37,14.11,14.36,0.35
28.38,14.11,14.36,0.35
28.38,14.11,14.36,0.35
28.39,14.11,14.36,0.35
28.39,14.11,14.36,0.35
28.4,14.11,14.36,0.35
28.4,14.11,14.36,0.35
28.41,14.11,14.36,0.35
28.41,14.11,14.36,0.35
28.42,14.11,14.36,0.35
28.42,14.11,14.36,0.35
28.43,14.11,14.36,0.35
28.43,14.11,14.36,0.35
28.43,14.11,14.36,0.35
28.44,14.11,14.36,0.35
28.44,14.11,14.36,0.35
28.45,14.11,14.36,0.35
28.45,14.11,14.36,0.35
28.46,14.11,14.36,0.35
28.46,14.11,14.36,0.35
28.47,14.11,14.36,0.35
28.47,14.11,14.36,0.35
28.48,14.11,14.36,0.35
28.48,14.11,14.36,0.35
28.48,14.11,14.36,0.35
28.49,14.11,14.36,0.35
28.49,14.11,14.36,0.35
28.5,14.11,14.36,0.35
28.5,14.11,14.36,0.35
28.51,14.11,14.36,0.35
28.51,14.11,14.36,0.35
28.52,14.11,14.36,0.35
28.52,14.11,14.36,0.35
28.53,14.11,14.36,0.35
28.53,14.11,14.36,0.35
28.53,14.11,14.36,0.35
28.54,14.11,14.36,0.35
28.54,14.11,14.36,0.35
28.55,14.11,14.36,0.35
28.55,14.11,14.36,0.35
28.56,14.11,14.36,0.35
28.56,14.11,14.36,0.35
28.57,14.11,14.36,0.35
28.57,14.11,14.36,0.35
28.58,14.11,14.36,0.35
28.58,14.11,14.36,0.35
28.58,14.11,14.36,0.35
28.59,14.11,14.36,0.35
28.59,14.11,14.36,0.35
28.6,14.11,14.36,0.35
28.6,14.11,14.36,0.35
28.61,14.11,14.36,0.35
28.61,14.11,14.36,0.35
28.62,14.11,14.36,0.35
28.62,14.11,14.36,0.35
28.63,14.11,14.36,0.35
28.63,14.11,14.36,0.35
28.64,14.11,14.36,0.35
28.64,14.11,14.36,0.35
28.65,14.11,14.36,0.35
28.65,14.11,14.36,0.35
28.65,14.11,14.36,0.35
28.66,14.11,14.36,0.35
28.66,14.11,14.36,0.35
28.67,14.11,14.36,0.35
28.67,14.11,14.36,0.35
28.68,14.11,14.36,0.35
28.68,14.11,14.36,0.35
28.69,14.11,14.36,0.35
28.69,14.11,14.36,0.35
28.7,14.11,14.36,0.35
28.7,14.11,14.36,0.35
28.71,14.11,14.36,0.35
28.71,14.11,14.36,0.35
28.71,14.11,14.36,0.35
28.72,14.11,14.36,0.35
28.72,14.11,14.35,0.35
28.73,14.11,14.35,0.35
28.73,14.11,14.35,0.35
28.74,14.11,14.35,0.35
28.74,14.11,14.35,0.35
28.75,14.11,14.35,0.35
28.75,14.11,14.35,0.35
28.76,14.11,14.35,0.35
28.76,14.11,14.35,0.35
28.77,14.11,14.35,0.35
28.77,14.11,14.35,0.35
28.77,14.11,14.35,0.35
28.78,14.11,14.35,0.35
28.78,14.11,14.35,0.35
28.79,14.11,14.35,0.35
28.79,14.11,14.35,0.35
28.8,14.11,14.35,0.35
28.8,14.11,14.35,0.35
28.81,14.11,14.35,0.35
28.81,14.11,14.35,0.35
28.82,14.11,14.35,0.35
28.82,14.11,14.35,0.35
28.83,14.11,14.35,0.35
28.83,14.11,14.35,0.35
28.84,14.11,14.35,0.35
28.84,14.11,14.35,0.35
28.85,14.11,14.35,0.35
28.85,14.11,14.35,0.35
28.85,14.11,14.35,0.35
28.86,14.11,14.35,0.35
28.86,14.11,14.35,0.35
28.87,14.11,14.35,0.35
28.87,14.11,14.35,0.35
28.88,14.11,14.35,0.35
28.88,14.11,14.35,0.35
28.89,14.11,14.35,0.35
28.89,14.11,14.35,0.35
28.9,14.11,14.35,0.35
28.9,14.11,14.35,0.35
28.91,14.11,14.35,0.35
28.91,14.11,14.35,0.35
28.91,14.11,14.35,0.35
28.92,14.11,14.35,0.35
28.92,14.11,14.35,0.35
28.93,14.11,14.35,0.35
28.93,14.11,14.35,0.35
28.94,14.11,14.35,0.35
28.94,14.11,14.35,0.35
28.95,14.11,14.35,0.35
28.95,14.11,14.35,0.35
28.96,14.11,14.35,0.35
28.96,14.11,14.35,0.35
28.97,14.11,14.35,0.35
28.97,14.11,14.35,0.35
28.98,14.11,14.35,0.35
28.98,14.11,14.35,0.35
28.98,14.11,14.35,0.35
28.99,14.11,14.35,0.35
28.99,14.11,14.35,0.35
29.0,14.11,14.35,0.35
29.0,14.11,14.35,0.35
29.01,14.11,14.35,0.35
29.01,14.11,14.35,0.35
29.02,14.11,14.35,0.35
29.02,14.11,14.35,0.35
29.03,14.11,14.35,0.35
29.03,14.11,14.35,0.35
29.04,14.11,14.35,0.35
29.04,14.11,14.35,0.35
29.04,14.11,14.35,0.35
29.05,14.11,14.35,0.35
29.05,14.11,14.35,0.35
29.06,14.11,14.35,0.35
29.06,14.11,14.35,0.35
29.07,14.11,14.35,0.35
29.07,14.11,14.35,0.35
29.08,14.11,14.35,0.35
29.08,14.11,14.35,0.35
29.09,14.11,14.35,0.35
29.09,14.11,14.35,0.35
29.09,14.11,14.34,0.35
29.1,14.11,14.34,0.35
29.1,14.11,14.34,0.35
29.11,14.11,14.34,0.35
29.11,14.11,14.34,0.35
29.12,14.11,14.34,0.35
29.12,14.11,14.34,0.35
29.13,14.11,14.34,0.35
29.13,14.11,14.34,0.35
29.13,14.11,14.34,0.35
29.14,14.11,14.34,0.35
29.14,14.11,14.34,0.35
29.15,14.11,14.34,0.35
29.15,14.11,14.34,0.35
29.16,14.11,14.34,0.35
29.16,14.11,14.34,0.35
29.17,14.11,14.34,0.35
29.17,14.11,14.34,0.35
29.18,14.11,14.34,0.35
29.18,14.11,14.34,0.35
29.18,14.11,14.34,0.35
29.19,14.11,14.34,0.35
29.19,14.11,14.34,0.35
29.2,14.11,14.34,0.35
29.2,14.11,14.34,0.35
29.21,14.11,14.34,0.35
29.21,14.11,14.34,0.35
29.22,14.11,14.34,0.35
29.22,14.11,14.34,0.35
29.23,14.11,14.34,0.35
29.23,14.11,14.34,0.35
29.23,14.11,14.34,0.35
29.24,14.11,14.34,0.35
29.24,14.11,14.34,0.35
29.25,14.11,14.34,0.35
29.25,14.11,14.34,0.35
29.26,14.11,14.34,0.35
29.26,14.11,14.34,0.35
29.27,14.11,14.34,0.35
29.27,14.11,14.34,0.35
29.28,14.11,14.34,0.35
29.28,14.11,14.34,0.35
29.28,14.11,14.34,0.35
29.29,14.11,14.34,0.35
29.29,14.11,14.34,0.35
29.3,14.11,14.34,0.35
29.3,14.11,14.34,0.35
29.31,14.11,14.34,0.35
29.31,14.11,14.34,0.35
29.32,14.11,14.34,0.35
29.32,14.11,14.34,0.35
29.33,14.11,14.34,0.35
29.33,14.11,14.34,0.35
29.33,14.11,14.34,0.35
29.34,14.11,14.34,0.35
29.34,14.11,14.34,0.35
29.35,14.11,14.34,0.35
29.35,14.11,14.34,0.35
29.36,14.11,14.34,0.35
29.36,14.11,14.34,0.35
29.37,14.11,14.34,0.35
29.37,14.11,14.34,0.35
29.38,14.11,14.34,0.35
29.38,14.11,14.34,0.35
29.38,14.11,14.34,0.35
29.39,14.11,14.34,0.35
29.39,14.11,14.34,0.35
29.4,14.11,14.34,0.35
29.4,14.11,14.34,0.35
29.41,14.11,14.34,0.35
29.41,14.11,14.34,0.35
29.42,14.11,14.34,0.35
29.42,14.11,14.34,0.35
29.43,14.11,14.34,0.35
29.43,14.11,14.34,0.35
29.43,14.11,14.34,0.35
29.44,14.11,14.34,0.35
29.44,14.11,14.34,0.35
29.45,14.11,14.34,0.35
29.45,14.11,14.34,0.35
29.46,14.11,14.33,0.35
29.46,14.11,14.33,0.35
29.47,14.11,14.33,0.35
29.47,14.11,14.33,0.35
29.48,14.11,14.33,0.35
29.48,14.11,14.33,0.35
29.48,14.11,14.33,0.35
29.49,14.11,14.33,0.35
29.49,14.11,14.33,0.35
29.5,14.11,14.33,0.35
29.5,14.11,14.33,0.35
29.51,14.11,14.33,0.35
29.51,14.11,14.33,0.35
29.52,14.11,14.33,0.35
29.52,14.11,14.33,0.35
29.53,14.11,14.33,0.35
29.53,14.11,14.33,0.35
29.53,14.11,14.33,0.35
29.54,14.11,14.33,0.35
29.54,14.11,14.33,0.35
29.55,14.11,14.33,0.35
29.55,14.11,14.33,0.35
29.56,14.11,14.33,0.35
29.56,14.11,14.33,0.35
29.57,14.11,14.33,0.35
29.57,14.11,14.33,0.35
29.58,14.11,14.33,0.35
29.58,14.11,14.33,0.35
29.59,14.11,14.33,0.35
29.59,14.11,14.33,0.35
29.59,14.11,14.33,0.35
29.6,14.11,14.33,0.35
29.6,14.11,14.33,0.35
29.61,14.11,14.33,0.35
29.61,14.11,14.33,0.35
29.62,14.11,14.33,0.35
29.62,14.11,14.33,0.35
29.63,14.11,14.33,0.35
29.63,14.11,14.33,0.35
29.64,14.11,14.33,0.35
29.64,14.11,14.33,0.35
29.64,14.11,14.33,0.35
29.65,14.11,14.33,0.35
29.65,14.11,14.33,0.35
29.66,14.11,14.33,0.35
29.66,14.11,14.33,0.35
29.67,14.11,14.33,0.35
29.67,14.11,14.33,0.35
29.68,14.11,14.33,0.35
29.68,14.11,14.33,0.35
29.69,14.11,14.33,0.35
29.69,14.11,14.33,0.35
29.69,14.11,14.33,0.35
29.7,14.11,14.33,0.35
29.7,14.11,14.33,0.35
29.71,14.11,14.33,0.35
29.71,14.11,14.33,0.35
29.72,14.11,14.33,0.35
29.72,14.11,14.33,0.35
29.73,14.11,14.33,0.35
29.73,14.11,14.33,0.35
29.74,14.11,14.33,0.35
29.74,14.11,14.33,0.35
29.74,14.11,14.33,0.35
29.75,14.11,14.33,0.35
29.75,14.11,14.33,0.35
29.76,14.11,14.33,0.35
29.76,14.11,14.33,0.35
29.77,14.11,14.33,0.35
29.77,14.11,14.33,0.35
29.78,14.11,14.33,0.35
29.78,14.11,14.33,0.35
29.78,14.11,14.33,0.35
29.79,14.11,14.33,0.35
29.79,14.11,14.33,0.35
29.8,14.11,14.33,0.35
29.8,14.11,14.33,0.35
29.81,14.11,14.33,0.35
29.81,14.11,14.33,0.35
29.82,14.11,14.33,0.35
29.82,14.11,14.32,0.35
29.83,14.11,14.32,0.35
29.83,14.11,14.32,0.35
29.83,14.11,14.32,0.35
29.84,14.11,14.32,0.35
29.84,14.11,14.32,0.35
29.85,14.11,14.32,0.35
29.85,14.11,14.32,0.35
29.86,14.11,14.32,0.35
29.86,14.11,14.32,0.35
29.87,14.11,14.32,0.35
29.87,14.11,14.32,0.35
29.88,14.11,14.32,0.35
29.88,14.11,14.32,0.35
29.88,14.11,14.32,0.35
29.89,14.11,14.32,0.35
29.89,14.11,14.32,0.35
29.9,14.11,14.32,0.35
29.9,14.11,14.32,0.35
29.91,14.11,14.32,0.35
29.91,14.11,14.32,0.35
29.92,14.11,14.32,0.35
29.92,14.11,14.32,0.35
29.93,14.11,14.32,0.35
29.93,14.11,14.32,0.35
29.93,14.11,14.32,0.35
29.94,14.11,14.32,0.35
29.94,14.11,14.32,0.35
29.95,14.11,14.32,0.35
29.95,14.11,14.32,0.35
29.96,14.11,14.32,0.35
29.96,14.11,14.32,0.35
29.97,14.11,14.32,0.35
29.97,14.11,14.32,0.35
29.97,14.11,14.32,0.35
29.98,14.11,14.32,0.35
29.98,14.11,14.32,0.35
29.99,14.11,14.32,0.35
29.99,14.11,14.32,0.35
30.0,14.11,14.32,0.35
30.0,14.11,14.32,0.35
30.01,14.11,14.32,0.35
30.01,14.11,14.32,0.35
30.02,14.11,14.32,0.35
30.02,14.11,14.32,0.35
30.02,14.11,14.32,0.35
30.03,14.11,14.32,0.35
30.03,14.11,14.32,0.35
30.04,14.11,14.32,0.35
30.04,14.11,14.32,0.35
30.05,14.11,14.32,0.35
30.05,14.11,14.32,0.35
30.06,14.11,14.32,0.35
30.06,14.11,14.32,0.35
30.06,14.11,14.32,0.35
30.07,14.11,14.32,0.35
30.07,14.11,14.32,0.35
30.08,14.11,14.32,0.35
30.08,14.11,14.32,0.35
30.09,14.11,14.32,0.35
30.09,14.11,14.32,0.35
30.1,14.11,14.32,0.35
30.1,14.11,14.32,0.35
30.11,14.11,14.32,0.35
30.11,14.11,14.32,0.35
30.11,14.11,14.32,0.35
30.12,14.11,14.32,0.35
30.12,14.11,14.32,0.35
30.13,14.11,14.32,0.35
30.13,14.11,14.32,0.35
30.14,14.11,14.32,0.35
30.14,14.11,14.32,0.35
30.15,14.11,14.32,0.35
30.15,14.11,14.32,0.35
30.15,14.11,14.32,0.35
30.16,14.11,14.32,0.35
30.16,14.11,14.32,0.35
30.17,14.11,14.32,0.35
30.17,14.11,14.32,0.35
30.18,14.11,14.32,0.35
30.18,14.11,14.31,0.35
30.19,14.11,14.31,0.35
30.19,14.11,14.31,0.35
30.2,14.11,14.31,0.35
30.2,14.11,14.31,0.35
30.2,14.11,14.31,0.35
30.21,14.11,14.31,0.35
30.21,14.11,14.31,0.35
30.22,14.11,14.31,0.35
30.22,14.11,14.31,0.35
30.23,14.11,14.31,0.35
30.23,14.11,14.31,0.35
30.24,14.11,14.31,0.35
30.24,14.11,14.31,0.35
30.24,14.11,14.31,0.35
30.25,14.11,14.31,0.35
30.25,14.11,14.31,0.35
30.26,14.11,14.31,0.35
30.26,14.11,14.31,0.35
30.27,14.11,14.31,0.35
30.27,14.11,14.31,0.35
30.28,14.11,14.31,0.35
30.28,14.11,14.31,0.35
30.29,14.11,14.31,0.35
30.29,14.11,14.31,0.35
30.29,14.11,14.31,0.35
30.3,14.11,14.31,0.35
30.3,14.11,14.31,0.35
30.31,14.11,14.31,0.35
30.31,14.11,14.31,0.35
30.32,14.11,14.31,0.35
30.32,14.11,14.31,0.35
30.33,14.11,14.31,0.35
30.33,14.11,14.31,0.35
30.34,14.11,14.31,0.35
30.34,14.11,14.31,0.35
30.34,14.11,14.31,0.35
30.35,14.11,14.31,0.35
30.35,14.11,14.31,0.35
30.36,14.11,14.31,0.35
30.36,14.11,14.31,0.35
30.37,14.11,14.31,0.35
30.37,14.11,14.31,0.35
30.38,14.11,14.31,0.35
30.38,14.11,14.31,0.35
30.38,14.11,14.31,0.35
30.39,14.11,14.31,0.35
30.39,14.11,14.31,0.35
30.4,14.11,14.31,0.35
30.4,14.11,14.31,0.35
30.41,14.11,14.31,0.35
30.41,14.11,14.31,0.35
30.42,14.11,14.31,0.35
30.42,14.11,14.31,0.35
30.43,14.11,14.31,0.35
30.43,14.11,14.31,0.35
30.43,14.11,14.31,0.35
30.44,14.11,14.31,0.35
30.44,14.11,14.31,0.35
30.45,14.11,14.31,0.35
30.45,14.11,14.31,0.35
30.46,14.11,14.31,0.35
30.46,14.11,14.31,0.35
30.47,14.11,14.31,0.35
30.47,14.11,14.31,0.35
30.47,14.11,14.31,0.35
30.48,14.11,14.31,0.35
30.48,14.11,14.31,0.35
30.49,14.11,14.31,0.35
30.49,14.11,14.31,0.35
30.5,14.11,14.31,0.35
30.5,14.11,14.31,0.35
30.51,14.11,14.31,0.35
30.51,14.11,14.31,0.35
30.52,14.11,14.31,0.35
30.52,14.11,14.31,0.35
30.52,14.11,14.31,0.35
30.53,14.11,14.31,0.35
30.53,14.11,14.31,0.35
30.54,14.11,14.31,0.35
30.54,14.11,14.3,0.35
30.55,14.11,14.3,0.35
30.55,14.11,14.3,0.35
30.56,14.11,14.3,0.35
30.56,14.11,14.3,0.35
30.56,14.11,14.3,0.35
30.57,14.11,14.3,0.35
30.57,14.11,14.3,0.35
30.58,14.11,14.3,0.35
30.58,14.11,14.3,0.35
30.59,14.11,14.3,0.35
30.59,14.11,14.3,0.35
30.6,14.11,14.3,0.35
30.6,14.11,14.3,0.35
30.61,14.11,14.3,0.35
30.61,14.11,14.3,0.35
30.61,14.11,14.3,0.35
30.62,14.11,14.3,0.35
30.62,14.11,14.3,0.35
30.63,14.11,14.3,0.35
30.63,14.11,14.3,0.35
30.64,14.11,14.3,0.35
30.64,14.11,14.3,0.35
30.65,14.11,14.3,0.35
30.65,14.11,14.3,0.35
30.65,14.11,14.3,0.35
30.66,14.11,14.3,0.35
30.66,14.11,14.3,0.35
30.67,14.11,14.3,0.35
30.67,14.11,14.3,0.35
30.68,14.11,14.3,0.35
30.68,14.11,14.3,0.35
30.69,14.11,14.3,0.35
30.69,14.11,14.3,0.35
30.7,14.11,14.3,0.35
30.7,14.11,14.3,0.35
30.7,14.11,14.3,0.35
30.71,14.11,14.3,0.35
30.71,14.11,14.3,0.35
30.72,14.11,14.3,0.35
30.72,14.11,14.3,0.35
30.73,14.11,14.3,0.35
30.73,14.11,14.3,0.35
30.74,14.11,14.3,0.35
30.74,14.11,14.3,0.35
30.75,14.11,14.3,0.35
30.75,14.11,14.3,0.35
30.75,14.11,14.3,0.35
30.76,14.11,14.3,0.35
30.76,14.11,14.3,0.35
30.77,14.11,14.3,0.35
30.77,14.11,14.3,0.35
30.78,14.11,14.3,0.35
30.78,14.11,14.3,0.35
30.79,14.11,14.3,0.35
30.79,14.11,14.3,0.35
30.8,14.11,14.3,0.35
30.8,14.11,14.3,0.35
30.8,14.11,14.3,0.35
30.81,14.11,14.3,0.35
30.81,14.11,14.3,0.35
30.82,14.11,14.3,0.35
30.82,14.11,14.3,0.35
30.83,14.11,14.3,0.35
30.83,14.11,14.3,0.35
30.84,14.11,14.3,0.35
30.84,14.11,14.3,0.35
30.84,14.11,14.3,0.35
30.85,14.11,14.3,0.35
30.85,14.11,14.3,0.35
30.86,14.11,14.3,0.35
30.86,14.11,14.3,0.35
30.87,14.11,14.3,0.35
30.87,14.11,14.3,0.35
30.88,14.11,14.3,0.35
30.88,14.11,14.3,0.35
30.89,14.11,14.3,0.35
30.89,14.11,14.3,0.35
30.89,14.11,14.3,0.35
30.9,14.11,14.3,0.35
30.9,14.11,14.29,0.35
30.91,14.11,14.29,0.35
30.91,14.11,14.29,0.35
30.92,14.11,14.29,0.35
30.92,14.11,14.29,0.35
30.93,14.11,14.29,0.35
30.93,14.11,14.29,0.35
30.93,14.11,14.29,0.35
30.94,14.11,14.29,0.35
30.94,14.11,14.29,0.35
30.95,14.11,14.29,0.35
30.95,14.11,14.29,0.35
30.96,14.11,14.29,0.35
30.96,14.11,14.29,0.35
30.97,14.11,14.29,0.35
30.97,14.11,14.29,0.35
30.98,14.11,14.29,0.35
30.98,14.11,14.29,0.35
30.98,14.11,14.29,0.35
30.99,14.11,14.29,0.35
30.99,14.11,14.29,0.35
31.0,14.11,14.29,0.35
31.0,14.11,14.29,0.35
31.01,14.11,14.29,0.35
31.01,14.11,14.29,0.35
31.02,14.11,14.29,0.35
31.02,14.11,14.29,0.35
31.02,14.11,14.29,0.35
31.03,14.11,14.29,0.35
31.03,14.11,14.29,0.35
31.04,14.11,14.29,0.35
31.04,14.11,14.29,0.35
31.05,14.11,14.29,0.35
31.05,14.11,14.29,0.35
31.06,14.11,14.29,0.35
31.06,14.11,14.29,0.35
31.07,14.11,14.29,0.35
31.07,14.11,14.29,0.35
31.07,14.11,14.29,0.35
31.08,14.11,14.29,0.35
31.08,14.11,14.29,0.35
31.09,14.11,14.29,0.35
31.09,14.11,14.29,0.35
31.1,14.11,14.29,0.35
31.1,14.11,14.29,0.35
31.11,14.11,14.29,0.35
31.11,14.11,14.29,0.35
31.12,14.11,14.29,0.35
31.12,14.11,14.29,0.35
31.12,14.11,14.29,0.35
31.13,14.11,14.29,0.35
31.13,14.11,14.29,0.35
31.14,14.11,14.29,0.35
31.14,14.11,14.29,0.35
31.15,14.11,14.29,0.35
31.15,14.11,14.29,0.35
31.16,14.11,14.29,0.35
31.16,14.11,14.29,0.35
31.16,14.11,14.29,0.35
31.17,14.11,14.29,0.35
31.17,14.11,14.29,0.35
31.18,14.11,14.29,0.35
31.18,14.11,14.29,0.35
31.19,14.11,14.29,0.35
31.19,14.11,14.29,0.35
31.2,14.11,14.29,0.35
31.2,14.11,14.29,0.35
31.21,14.11,14.29,0.35
31.21,14.11,14.29,0.35
31.21,14.11,14.29,0.35
31.22,14.11,14.29,0.35
31.22,14.11,14.29,0.35
31.23,14.11,14.29,0.35
31.23,14.11,14.29,0.35
31.24,14.11,14.29,0.35
31.24,14.11,14.29,0.35
31.25,14.11,14.29,0.35
31.25,14.11,14.29,0.35
31.26,14.11,14.29,0.35
31.26,14.11,14.29,0.35
31.26,14.11,14.28,0.35
31.27,14.11,14.28,0.35
31.27,14.11,14.28,0.35
31.28,14.11,14.28,0.35
31.28,14.11,14.28,0.35
31.29,14.11,14.28,0.35
31.29,14.11,14.28,0.35
31.3,14.11,14.28,0.35
31.3,14.11,14.28,0.35
31.3,14.11,14.28,0.35
31.31,14.11,14.28,0.35
31.31,14.11,14.28,0.35
31.32,14.11,14.28,0.35
31.32,14.11,14.28,0.35
31.33,14.11,14.28,0.35
31.33,14.11,14.28,0.35
31.34,14.11,14.28,0.35
31.34,14.11,14.28,0.35
31.35,14.11,14.28,0.35
31.35,14.11,14.28,0.35
31.35,14.11,14.28,0.35
31.36,14.11,14.28,0.35
31.36,14.11,14.28,0.35
31.37,14.11,14.28,0.35
31.37,14.11,14.28,0.35
31.38,14.11,14.28,0.35
31.38,14.11,14.28,0.35
31.39,14.11,14.28,0.35
31.39,14.11,14.28,0.35
31.4,14.11,14.28,0.35
31.4,14.11,14.28,0.35
31.4,14.11,14.28,0.35
31.41,14.11,14.28,0.35
31.41,14.11,14.28,0.35
31.42,14.11,14.28,0.35
31.42,14.11,14.28,0.35
31.43,14.11,14.28,0.35
31.43,14.11,14.28,0.35
31.44,14.11,14.28,0.35
31.44,14.11,14.28,0.35
31.45,14.11,14.28,0.35
31.45,14.11,14.28,0.35
31.45,14.11,14.28,0.35
31.46,14.11,14.28,0.35
31.46,14.11,14.28,0.35
31.47,14.11,14.28,0.35
31.47,14.11,14.28,0.35
31.48,14.11,14.28,0.35
31.48,14.11,14.28,0.35
31.49,14.11,14.28,0.35
31.49,14.11,14.28,0.35
31.49,14.11,14.28,0.35
31.5,14.11,14.28,0.35
31.5,14.11,14.28,0.35
31.51,14.11,14.28,0.35
31.51,14.11,14.28,0.35
31.52,14.11,14.28,0.35
31.52,14.11,14.28,0.35
31.53,14.11,14.28,0.35
31.53,14.11,14.28,0.35
31.54,14.11,14.28,0.35
31.54,14.11,14.28,0.35
31.54,14.11,14.28,0.35
31.55,14.11,14.28,0.35
31.55,14.11,14.28,0.35
31.56,14.11,14.28,0.35
31.56,14.11,14.28,0.35
31.57,14.11,14.28,0.35
31.57,14.11,14.28,0.35
31.58,14.11,14.28,0.35
31.58,14.11,14.28,0.35
31.58,14.11,14.28,0.35
31.59,14.11,14.28,0.35
31.59,14.11,14.28,0.35
31.6,14.11,14.28,0.35
31.6,14.11,14.28,0.35
31.61,14.11,14.28,0.35
31.61,14.11,14.28,0.35
31.62,14.11,14.28,0.35
31.62,14.11,14.28,0.35
31.63,14.11,14.27,0.35
31.63,14.11,14.27,0.35
31.63,14.11,14.27,0.35
31.64,14.11,14.27,0.35
31.64,14.11,14.27,0.35
31.65,14.11,14.27,0.35
31.65,14.11,14.27,0.35
31.66,14.11,14.27,0.35
31.66,14.11,14.27,0.35
31.67,14.11,14.27,0.35
31.67,14.11,14.27,0.35
31.68,14.11,14.27,0.35
31.68,14.11,14.27,0.35
31.68,14.11,14.27,0.35
31.69,14.11,14.27,0.35
31.69,14.11,14.27,0.35
31.7,14.11,14.27,0.35
31.7,14.11,14.27,0.35
31.71,14.11,14.27,0.35
31.71,14.11,14.27,0.35
31.72,14.11,14.27,0.35
31.72,14.11,14.27,0.35
31.72,14.11,14.27,0.35
31.73,14.11,14.27,0.35
31.73,14.11,14.27,0.35
31.74,14.11,14.27,0.35
31.74,14.11,14.27,0.35
31.75,14.11,14.27,0.35
31.75,14.11,14.27,0.35
31.76,14.11,14.27,0.35
31.76,14.11,14.27,0.35
31.77,14.11,14.27,0.35
31.77,14.11,14.27,0.35
31.77,14.11,14.27,0.35
31.78,14.11,14.27,0.35
31.78,14.11,14.27,0.35
31.79,14.11,14.27,0.35
31.79,14.11,14.27,0.35
31.8,14.11,14.27,0.35
31.8,14.11,14.27,0.35
31.81,14.11,14.27,0.35
31.81,14.11,14.27,0.35
31.81,14.11,14.27,0.35
31.82,14.11,14.27,0.35
31.82,14.11,14.27,0.35
31.83,14.11,14.27,0.35
31.83,14.11,14.27,0.35
31.84,14.11,14.27,0.35
31.84,14.11,14.27,0.35
31.85,14.11,14.27,0.35
31.85,14.11,14.27,0.35
31.86,14.11,14.27,0.35
31.86,14.11,14.27,0.35
31.86,14.11,14.27,0.35
31.87,14.11,14.27,0.35
31.87,14.11,14.27,0.35
31.88,14.11,14.27,0.35
31.88,14.11,14.27,0.35
31.89,14.11,14.27,0.35
31.89,14.11,14.27,0.35
31.9,14.11,14.27,0.35
31.9,14.11,14.27,0.35
31.9,14.11,14.27,0.35
31.91,14.11,14.27,0.35
31.91,14.11,14.27,0.35
31.92,14.11,14.27,0.35
31.92,14.11,14.27,0.35
31.93,14.11,14.27,0.35
31.93,14.11,14.27,0.35
31.94,14.11,14.27,0.35
31.94,14.11,14.27,0.35
31.94,14.11,14.27,0.35
31.95,14.11,14.27,0.35
31.95,14.11,14.27,0.35
31.96,14.11,14.27,0.35
31.96,14.11,14.27,0.35
31.97,14.11,14.27,0.35
31.97,14.11,14.27,0.35
31.98,14.11,14.27,0.35
31.98,14.11,14.27,0.35
31.99,14.11,14.26,0.35
31.99,14.11,14.26,0.35
31.99,14.11,14.26,0.35
32.0,14.11,14.26,0.35
32.0,14.11,14.26,0.35
32.01,14.11,14.26,0.35
32.01,14.11,14.26,0.35
32.02,14.11,14.26,0.35
32.02,14.11,14.26,0.35
32.03,14.11,14.26,0.35
32.03,14.11,14.26,0.35
32.03,14.11,14.26,0.35
32.04,14.11,14.26,0.35
32.04,14.11,14.26,0.35
32.05,14.11,14.26,0.35
32.05,14.11,14.26,0.35
32.06,14.11,14.26,0.35
32.06,14.11,14.26,0.35
32.07,14.11,14.26,0.35
32.07,14.11,14.26,0.35
32.08,14.11,14.26,0.35
32.08,14.11,14.26,0.35
32.08,14.11,14.26,0.35
32.09,14.11,14.26,0.35
32.09,14.11,14.26,0.35
32.1,14.11,14.26,0.35
32.1,14.11,14.26,0.35
32.11,14.11,14.26,0.35
32.11,14.11,14.26,0.35
32.12,14.11,14.26,0.35
32.12,14.11,14.26,0.35
32.12,14.11,14.26,0.35
32.13,14.11,14.26,0.35
32.13,14.11,14.26,0.35
32.14,14.11,14.26,0.35
32.14,14.11,14.26,0.35
32.15,14.11,14.26,0.35
32.15,14.11,14.26,0.35
32.16,14.11,14.26,0.35
32.16,14.11,14.26,0.35
32.17,14.11,14.26,0.35
32.17,14.11,14.26,0.35
32.17,14.11,14.26,0.35
32.18,14.11,14.26,0.35
32.18,14.11,14.26,0.35
32.19,14.11,14.26,0.35
32.19,14.11,14.26,0.35
32.2,14.11,14.26,0.35
32.2,14.11,14.26,0.35
32.21,14.11,14.26,0.35
32.21,14.11,14.26,0.35
32.22,14.11,14.26,0.35
32.22,14.11,14.26,0.35
32.22,14.11,14.26,0.35
32.23,14.11,14.26,0.35
32.23,14.11,14.26,0.35
32.24,14.11,14.26,0.35
32.24,14.11,14.26,0.35
32.25,14.11,14.26,0.35
32.25,14.11,14.26,0.35
32.26,14.11,14.26,0.35
32.26,14.11,14.26,0.35
32.27,14.11,14.26,0.35
32.27,14.11,14.26,0.35
32.27,14.11,14.26,0.35
32.28,14.11,14.26,0.35
32.28,14.11,14.26,0.35
32.29,14.11,14.26,0.35
32.29,14.11,14.26,0.35
32.3,14.11,14.26,0.35
32.3,14.11,14.26,0.35
32.31,14.11,14.26,0.35
32.31,14.11,14.26,0.35
32.31,14.11,14.26,0.35
32.32,14.11,14.26,0.35
32.32,14.11,14.26,0.35
32.33,14.11,14.26,0.35
32.33,14.11,14.26,0.35
32.34,14.11,14.26,0.35
32.34,14.11,14.26,0.35
32.35,14.11,14.25,0.35
32.35,14.11,14.25,0.35
32.36,14.11,14.25,0.35
32.36,14.11,14.25,0.35
32.36,14.11,14.25,0.35
32.37,14.11,14.25,0.35
32.37,14.11,14.25,0.35
32.38,14.11,14.25,0.35
32.38,14.11,14.25,0.35
32.39,14.11,14.25,0.35
32.39,14.11,14.25,0.35
32.4,14.11,14.25,0.35
32.4,14.11,14.25,0.35
32.4,14.11,14.25,0.35
32.41,14.11,14.25,0.35
32.41,14.11,14.25,0.35
32.42,14.11,14.25,0.35
32.42,14.11,14.25,0.35
32.43,14.11,14.25,0.35
32.43,14.11,14.25,0.35
32.44,14.11,14.25,0.35
32.44,14.11,14.25,0.35
32.45,14.11,14.25,0.35
32.45,14.11,14.25,0.35
32.45,14.11,14.25,0.35
32.46,14.11,14.25,0.35
32.46,14.11,14.25,0.35
32.47,14.11,14.25,0.35
32.47,14.11,14.25,0.35
32.48,14.11,14.25,0.35
32.48,14.11,14.25,0.35
32.49,14.11,14.25,0.35
32.49,14.11,14.25,0.35
32.49,14.11,14.25,0.35
32.5,14.11,14.25,0.35
32.5,14.11,14.25,0.35
32.51,14.11,14.25,0.35
32.51,14.11,14.25,0.35
32.52,14.11,14.25,0.35
32.52,14.11,14.25,0.35
32.53,14.11,14.25,0.35
32.53,14.11,14.25,0.35
32.54,14.11,14.25,0.35
32.54,14.11,14.25,0.35
32.54,14.11,14.25,0.35
32.55,14.11,14.25,0.35
32.55,14.11,14.25,0.35
32.56,14.11,14.25,0.35
32.56,14.11,14.25,0.35
32.57,14.11,14.25,0.35
32.57,14.11,14.25,0.35
32.58,14.11,14.25,0.35
32.58,14.11,14.25,0.35
32.59,14.11,14.25,0.35
32.59,14.11,14.25,0.35
32.59,14.11,14.25,0.35
32.6,14.11,14.25,0.35
32.6,14.11,14.25,0.35
32.61,14.11,14.25,0.35
32.61,14.11,14.25,0.35
32.62,14.11,14.25,0.35
32.62,14.11,14.25,0.35
32.63,14.11,14.25,0.35
32.63,14.11,14.25,0.35
32.63,14.11,14.25,0.35
32.64,14.11,14.25,0.35
32.64,14.11,14.25,0.35
32.65,14.11,14.25,0.35
32.65,14.11,14.25,0.35
32.66,14.11,14.25,0.35
32.66,14.11,14.25,0.35
32.67,14.11,14.25,0.35
32.67,14.11,14.25,0.35
32.68,14.11,14.25,0.35
32.68,14.11,14.25,0.35
32.68,14.11,14.25,0.35
32.69,14.11,14.25,0.35
32.69,14.11,14.25,0.35
32.7,14.11,14.25,0.35
32.7,14.11,14.25,0.35
32.71,14.11,14.24,0.35
32.71,14.11,14.24,0.35
32.72,14.11,14.24,0.35
32.72,14.11,14.24,0.35
32.72,14.11,14.24,0.35
32.73,14.11,14.24,0.35
32.73,14.11,14.24,0.35
32.74,14.11,14.24,0.35
32.74,14.11,14.24,0.35
32.75,14.11,14.24,0.35
32.75,14.11,14.24,0.35
32.76,14.11,14.24,0.35
32.76,14.11,14.24,0.35
32.77,14.11,14.24,0.35
32.77,14.11,14.24,0.35
32.77,14.11,14.24,0.35
32.78,14.11,14.24,0.35
32.78,14.11,14.24,0.35
32.79,14.11,14.24,0.35
32.79,14.11,14.24,0.35
32.8,14.11,14.24,0.35
32.8,14.11,14.24,0.35
32.81,14.11,14.24,0.35
32.81,14.11,14.24,0.35
32.81,14.11,14.24,0.35
32.82,14.11,14.24,0.35
32.82,14.11,14.24,0.35
32.83,14.11,14.24,0.35
32.83,14.11,14.24,0.35
32.84,14.11,14.24,0.35
32.84,14.11,14.24,0.35
32.85,14.11,14.24,0.35
32.85,14.11,14.24,0.35
32.86,14.11,14.24,0.35
32.86,14.11,14.24,0.35
32.86,14.11,14.24,0.35
32.87,14.11,14.24,0.35
32.87,14.11,14.24,0.35
32.88,14.11,14.24,0.35
32.88,14.11,14.24,0.35
32.89,14.11,14.24,0.35
32.89,14.11,14.24,0.35
32.9,14.11,14.24,0.35
32.9,14.11,14.24,0.35
32.91,14.11,14.24,0.35
32.91,14.11,14.24,0.35
32.91,14.11,14.24,0.35
32.92,14.11,14.24,0.35
32.92,14.11,14.24,0.35
32.93,14.11,14.24,0.35
32.93,14.11,14.24,0.35
32.94,14.11,14.24,0.35
32.94,14.11,14.24,0.35
32.95,14.11,14.24,0.35
32.95,14.11,14.24,0.35
32.95,14.11,14.24,0.35
32.96,14.11,14.24,0.35
32.96,14.11,14.24,0.35
32.97,14.11,14.24,0.35
32.97,14.11,14.24,0.35
32.98,14.11,14.24,0.35
32.98,14.11,14.24,0.35
32.99,14.11,14.24,0.35
32.99,14.11,14.24,0.35
32.99,14.11,14.24,0.35
33.0,14.11,14.24,0.35
33.0,14.11,14.24,0.35
33.01,14.11,14.24,0.35
33.01,14.11,14.24,0.35
33.02,14.11,14.24,0.35
33.02,14.11,14.24,0.35
33.03,14.11,14.24,0.35
33.03,14.11,14.24,0.35
33.04,14.11,14.24,0.35
33.04,14.11,14.24,0.35
33.04,14.11,14.24,0.35
33.05,14.11,14.24,0.35
33.05,14.11,14.24,0.35
33.06,14.11,14.24,0.35
33.06,14.11,14.24,0.35
33.07,14.11,14.23,0.35
33.07,14.11,14.23,0.35
33.08,14.11,14.23,0.35
33.08,14.11,14.23,0.35
33.08,14.11,14.23,0.35
33.09,14.11,14.23,0.35
33.09,14.11,14.23,0.35
33.1,14.11,14.23,0.35
33.1,14.11,14.23,0.35
33.11,14.11,14.23,0.35
33.11,14.11,14.23,0.35
33.12,14.11,14.23,0.35
33.12,14.11,14.23,0.35
33.12,14.11,14.23,0.35
33.13,14.11,14.23,0.35
33.13,14.11,14.23,0.35
33.14,14.11,14.23,0.35
33.14,14.11,14.23,0.35
33.15,14.11,14.23,0.35
33.15,14.11,14.23,0.35
33.16,14.11,14.23,0.35
33.16,14.11,14.23,0.35
33.17,14.11,14.23,0.35
33.17,14.11,14.23,0.35
33.17,14.11,14.23,0.35
33.18,14.11,14.23,0.35
33.18,14.11,14.23,0.35
33.19,14.11,14.23,0.35
33.19,14.11,14.23,0.35
33.2,14.11,14.23,0.35
33.2,14.11,14.23,0.35
33.21,14.11,14.23,0.35
33.21,14.11,14.23,0.35
33.22,14.11,14.23,0.35
33.22,14.11,14.23,0.35
33.22,14.11,14.23,0.35
33.23,14.11,14.23,0.35
33.23,14.11,14.23,0.35
33.24,14.11,14.23,0.35
33.24,14.11,14.23,0.35
33.25,14.11,14.23,0.35
33.25,14.11,14.23,0.35
33.26,14.11,14.23,0.35
33.26,14.11,14.23,0.35
33.27,14.11,14.23,0.35
33.27,14.11,14.23,0.35
33.27,14.11,14.23,0.35
33.28,14.11,14.23,0.35
33.28,14.11,14.23,0.35
33.29,14.11,14.23,0.35
33.29,14.11,14.23,0.35
33.3,14.11,14.23,0.35
33.3,14.11,14.23,0.35
33.31,14.11,14.23,0.35
33.31,14.11,14.23,0.35
33.32,14.11,14.23,0.35
33.32,14.11,14.23,0.35
33.32,14.11,14.23,0.35
33.33,14.11,14.23,0.35
33.33,14.11,14.23,0.35
33.34,14.11,14.23,0.35
33.34,14.11,14.23,0.35
33.35,14.11,14.23,0.35
33.35,14.11,14.23,0.35
33.36,14.11,14.23,0.35
33.36,14.11,14.23,0.35
33.37,14.11,14.23,0.35
33.37,14.11,14.23,0.35
33.38,14.11,14.23,0.35
33.38,14.11,14.23,0.35
33.38,14.11,14.23,0.35
33.39,14.11,14.23,0.35
33.39,14.11,14.23,0.35
33.4,14.11,14.23,0.35
33.4,14.11,14.23,0.35
33.41,14.11,14.23,0.35
33.41,14.11,14.23,0.35
33.42,14.11,14.23,0.35
33.42,14.11,14.23,0.35
33.43,14.11,14.23,0.35
33.43,14.11,14.22,0.35
33.43,14.11,14.22,0.35
33.44,14.11,14.22,0.35
33.44,14.11,14.22,0.35
33.45,14.11,14.22,0.35
33.45,14.11,14.22,0.35
33.46,14.11,14.22,0.35
33.46,14.11,14.22,0.35
33.47,14.11,14.22,0.35
33.47,14.11,14.22,0.35
33.48,14.11,14.22,0.35
33.48,14.11,14.22,0.35
33.49,14.11,14.22,0.35
33.49,14.11,14.22,0.35
33.49,14.11,14.22,0.35
33.5,14.11,14.22,0.35
33.5,14.11,14.22,0.35
33.51,14.11,14.22,0.35
33.51,14.11,14.22,0.35
33.52,14.11,14.22,0.35
33.52,14.11,14.22,0.35
33.53,14.11,14.22,0.35
33.53,14.11,14.22,0.35
33.54,14.11,14.22,0.35
33.54,14.11,14.22,0.35
33.55,14.11,14.22,0.35
33.55,14.11,14.22,0.35
33.55,14.11,14.22,0.35
33.56,14.11,14.22,0.35
33.56,14.11,14.22,0.35
33.57,14.11,14.22,0.35
33.57,14.11,14.22,0.35
33.58,14.11,14.22,0.35
33.58,14.11,14.22,0.35
33.59,14.11,14.22,0.35
33.59,14.11,14.22,0.35
33.6,14.11,14.22,0.35
33.6,14.11,14.22,0.35
33.61,14.11,14.22,0.35
33.61,14.11,14.22,0.35
33.61,14.11,14.22,0.35
33.62,14.11,14.22,0.35
33.62,14.11,14.22,0.35
33.63,14.11,14.22,0.35
33.63,14.11,14.22,0.35
33.64,14.11,14.22,0.35
33.64,14.11,14.22,0.35
33.65,14.11,14.22,0.35
33.65,14.11,14.22,0.35
33.66,14.11,14.22,0.35
33.66,14.11,14.22,0.35
33.67,14.11,14.22,0.35
33.67,14.11,14.22,0.35
33.67,14.11,14.22,0.35
33.68,14.11,14.22,0.35
33.68,14.11,14.22,0.35
33.69,14.11,14.22,0.35
33.69,14.11,14.22,0.35
33.7,14.11,14.22,0.35
33.7,14.11,14.22,0.35
33.71,14.11,14.22,0.35
33.71,14.11,14.22,0.35
33.72,14.11,14.22,0.35
33.72,14.11,14.22,0.35
33.73,14.11,14.22,0.35
33.73,14.11,14.22,0.35
33.74,14.11,14.22,0.35
33.74,14.11,14.22,0.35
33.74,14.11,14.22,0.35
33.75,14.11,14.22,0.35
33.75,14.11,14.22,0.35
33.76,14.11,14.22,0.35
33.76,14.11,14.22,0.35
33.77,14.11,14.22,0.35
33.77,14.11,14.22,0.35
33.78,14.11,14.22,0.35
33.78,14.11,14.22,0.35
33.79,14.11,14.22,0.35
33.79,14.11,14.22,0.35
33.8,14.11,14.22,0.35
33.8,14.11,14.21,0.35
33.81,14.11,14.21,0.35
33.81,14.11,14.21,0.35
33.81,14.11,14.21,0.35
33.82,14.11,14.21,0.35
33.82,14.11,14.21,0.35
33.83,14.11,14.21,0.35
33.83,14.11,14.21,0.35
33.84,14.11,14.21,0.35
33.84,14.11,14.21,0.35
33.85,14.11,14.21,0.35
33.85,14.11,14.21,0.35
33.86,14.11,14.21,0.35
33.86,14.11,14.21,0.35
33.87,14.11,14.21,0.35
33.87,14.11,14.21,0.35
33.88,14.11,14.21,0.35
33.88,14.11,14.21,0.35
33.89,14.11,14.21,0.35
33.89,14.11,14.21,0.35
33.89,14.11,14.21,0.35
33.9,14.11,14.21,0.35
33.9,14.11,14.21,0.35
33.91,14.11,14.21,0.35
33.91,14.11,14.21,0.35
33.92,14.11,14.21,0.35
33.92,14.11,14.21,0.35
33.93,14.11,14.21,0.35
33.93,14.11,14.21,0.35
33.94,14.11,14.21,0.35
33.94,14.11,14.21,0.35
33.95,14.11,14.21,0.35
33.95,14.11,14.21,0.35
33.96,14.11,14.21,0.35
33.96,14.11,14.21,0.35
33.97,14.11,14.21,0.35
33.97,14.11,14.21,0.35
33.98,14.11,14.21,0.35
33.98,14.11,14.21,0.35
33.98,14.11,14.21,0.35
33.99,14.11,14.21,0.35
33.99,14.11,14.21,0.35
34.0,14.11,14.21,0.35
34.0,14.11,14.21,0.35
34.01,14.11,14.21,0.35
34.01,14.11,14.21,0.35
34.02,14.11,14.21,0.35
34.02,14.11,14.21,0.35
34.03,14.11,14.21,0.35
34.03,14.11,14.21,0.35
34.04,14.11,14.21,0.35
34.04,14.11,14.21,0.35
34.05,14.11,14.21,0.35
34.05,14.11,14.21,0.35
34.06,14.11,14.21,0.35
34.06,14.11,14.21,0.35
34.06,14.11,14.21,0.35
34.07,14.11,14.21,0.35
34.07,14.11,14.21,0.35
34.08,14.11,14.21,0.35
34.08,14.11,14.21,0.35
34.09,14.11,14.21,0.35
34.09,14.11,14.21,0.35
34.1,14.11,14.21,0.35
34.1,14.11,14.21,0.35
34.11,14.11,14.21,0.35
34.11,14.11,14.21,0.35
34.12,14.11,14.21,0.35
34.12,14.11,14.21,0.35
34.12,14.11,14.21,0.35
34.13,14.11,14.21,0.35
34.13,14.11,14.21,0.35
34.14,14.11,14.21,0.35
34.14,14.11,14.21,0.35
34.15,14.11,14.21,0.35
34.15,14.11,14.21,0.35
34.16,14.11,14.21,0.35
34.16,14.11,14.21,0.35
34.16,14.11,14.21,0.35
34.17,14.11,14.21,0.35
34.17,14.11,14.2,0.35
34.18,14.11,14.2,0.35
34.18,14.11,14.2,0.35
34.19,14.11,14.2,0.35
34.19,14.11,14.2,0.35
34.2,14.11,14.2,0.35
34.2,14.11,14.2,0.35
34.21,14.11,14.2,0.35
34.21,14.11,14.2,0.35
34.21,14.11,14.2,0.35
34.22,14.11,14.2,0.35
34.22,14.11,14.2,0.35
34.23,14.11,14.2,0.35
34.23,14.11,14.2,0.35
34.24,14.11,14.2,0.35
34.24,14.11,14.2,0.35
34.25,14.11,14.2,0.35
34.25,14.11,14.2,0.35
34.25,14.11,14.2,0.35
34.26,14.11,14.2,0.35
34.26,14.11,14.2,0.35
34.27,14.11,14.2,0.35
34.27,14.11,14.2,0.35
34.28,14.11,14.2,0.35
34.28,14.11,14.2,0.35
34.29,14.11,14.2,0.35
34.29,14.11,14.2,0.35
34.29,14.11,14.2,0.35
34.3,14.11,14.2,0.35
34.3,14.11,14.2,0.35
34.31,14.11,14.2,0.35
34.31,14.11,14.2,0.35
34.32,14.11,14.2,0.35
34.32,14.11,14.2,0.35
34.33,14.11,14.2,0.35
34.33,14.11,14.2,0.35
34.34,14.11,14.2,0.35
34.34,14.11,14.2,0.35
34.34,14.11,14.2,0.35
34.35,14.11,14.2,0.35
34.35,14.11,14.2,0.35
34.36,14.11,14.2,0.35
34.36,14.11,14.2,0.35
34.37,14.11,14.2,0.35
34.37,14.11,14.2,0.35
34.38,14.11,14.2,0.35
34.38,14.11,14.2,0.35
34.38,14.11,14.2,0.35
34.39,14.11,14.2,0.35
34.39,14.11,14.2,0.35
34.4,14.11,14.2,0.35
34.4,14.11,14.2,0.35
34.41,14.11,14.2,0.35
34.41,14.11,14.2,0.35
34.42,14.11,14.2,0.35
34.42,14.11,14.2,0.35
34.42,14.11,14.2,0.35
34.43,14.11,14.2,0.35
34.43,14.11,14.2,0.35
34.44,14.11,14.2,0.35
34.44,14.11,14.2,0.35
34.45,14.11,14.2,0.35
34.45,14.11,14.2,0.35
34.46,14.11,14.2,0.35
34.46,14.11,14.2,0.35
34.47,14.11,14.2,0.35
34.47,14.11,14.2,0.35
34.47,14.11,14.2,0.35
34.48,14.11,14.2,0.35
34.48,14.11,14.2,0.35
34.49,14.11,14.2,0.35
34.49,14.11,14.2,0.35
34.5,14.11,14.2,0.35
34.5,14.11,14.2,0.35
34.51,14.11,14.2,0.35
34.51,14.11,14.2,0.35
34.51,14.11,14.2,0.35
34.52,14.11,14.2,0.35
34.52,14.11,14.2,0.35
34.53,14.11,14.2,0.35
34.53,14.11,14.19,0.35
34.54,14.11,14.19,0.35
34.54,14.11,14.19,0.35
34.55,14.11,14.19,0.35
34.55,14.11,14.19,0.35
34.55,14.11,14.19,0.35
34.56,14.11,14.19,0.35
34.56,14.11,14.19,0.35
34.57,14.11,14.19,0.35
34.57,14.11,14.19,0.35
34.58,14.11,14.19,0.35
34.58,14.11,14.19,0.35
34.59,14.11,14.19,0.35
34.59,14.11,14.19,0.35
34.6,14.11,14.19,0.35
34.6,14.11,14.19,0.35
34.6,14.11,14.19,0.35
34.61,14.11,14.19,0.35
34.61,14.11,14.19,0.35
34.62,14.11,14.19,0.35
34.62,14.11,14.19,0.35
34.63,14.11,14.19,0.35
34.63,14.11,14.19,0.35
34.64,14.11,14.19,0.35
34.64,14.11,14.19,0.35
34.65,14.11,14.19,0.35
34.65,14.11,14.19,0.35
34.65,14.11,14.19,0.35
34.66,14.11,14.19,0.35
34.66,14.11,14.19,0.35
34.67,14.11,14.19,0.35
34.67,14.11,14.19,0.35
34.68,14.11,14.19,0.35
34.68,14.11,14.19,0.35
34.69,14.11,14.19,0.35
34.69,14.11,14.19,0.35
34.7,14.11,14.19,0.35
34.7,14.11,14.19,0.35
34.71,14.11,14.19,0.35
34.71,14.11,14.19,0.35
34.71,14.11,14.19,0.35
34.72,14.11,14.19,0.35
34.72,14.11,14.19,0.35
34.73,14.11,14.19,0.35
34.73,14.11,14.19,0.35
34.74,14.11,14.19,0.35
34.74,14.11,14.19,0.35
34.75,14.11,14.19,0.35
34.75,14.11,14.19,0.35
34.76,14.11,14.19,0.35
34.76,14.11,14.19,0.35
34.76,14.11,14.19,0.35
34.77,14.11,14.19,0.35
34.77,14.11,14.19,0.35
34.78,14.11,14.19,0.35
34.78,14.11,14.19,0.35
34.79,14.11,14.19,0.35
34.79,14.11,14.19,0.35
34.8,14.11,14.19,0.35
34.8,14.11,14.19,0.35
34.81,14.11,14.19,0.35
34.81,14.11,14.19,0.35
34.81,14.11,14.19,0.35
34.82,14.11,14.19,0.35
34.82,14.11,14.19,0.35
34.83,14.11,14.19,0.35
34.83,14.11,14.19,0.35
34.84,14.11,14.19,0.35
34.84,14.11,14.19,0.35
34.85,14.11,14.19,0.35
34.85,14.11,14.19,0.35
34.85,14.11,14.19,0.35
34.86,14.11,14.19,0.35
34.86,14.11,14.19,0.35
34.87,14.11,14.19,0.35
34.87,14.11,14.19,0.35
34.88,14.11,14.19,0.35
34.88,14.11,14.19,0.35
34.89,14.11,14.19,0.35
34.89,14.11,14.19,0.35
34.9,14.11,14.18,0.35
34.9,14.11,14.18,0.35
34.9,14.11,14.18,0.35
34.91,14.11,14.18,0.35
34.91,14.11,14.18,0.35
34.92,14.11,14.18,0.35
34.92,14.11,14.18,0.35
34.93,14.11,14.18,0.35
34.93,14.11,14.18,0.35
34.94,14.11,14.18,0.35
34.94,14.11,14.18,0.35
34.95,14.11,14.18,0.35
34.95,14.11,14.18,0.35
34.95,14.11,14.18,0.35
34.96,14.11,14.18,0.35
34.96,14.11,14.18,0.35
34.97,14.11,14.18,0.35
34.97,14.11,14.18,0.35
34.98,14.11,14.18,0.35
34.98,14.11,14.18,0.35
34.99,14.11,14.18,0.35
34.99,14.11,14.18,0.35
34.99,14.11,14.18,0.35
35.0,14.11,14.18,0.35
35.0,14.11,14.18,0.35
35.01,14.11,14.18,0.35
35.01,14.11,14.18,0.35
35.02,14.11,14.18,0.35
35.02,14.11,14.18,0.35
35.03,14.11,14.18,0.35
35.03,14.11,14.18,0.35
35.04,14.11,14.18,0.35
35.04,14.11,14.18,0.35
35.04,14.11,14.18,0.35
35.05,14.11,14.18,0.35
35.05,14.11,14.18,0.35
35.06,14.11,14.18,0.35
35.06,14.11,14.18,0.35
35.07,14.11,14.18,0.35
35.07,14.11,14.18,0.35
35.08,14.11,14.18,0.35
35.08,14.11,14.18,0.35
35.08,14.11,14.18,0.35
35.09,14.11,14.18,0.35
35.09,14.11,14.18,0.35
35.1,14.11,14.18,0.35
35.1,14.11,14.18,0.35
35.11,14.11,14.18,0.35
35.11,14.11,14.18,0.35
35.12,14.11,14.18,0.35
35.12,14.11,14.18,0.35
35.12,14.11,14.18,0.35
35.13,14.11,14.18,0.35
35.13,14.11,14.18,0.35
35.14,14.11,14.18,0.35
35.14,14.11,14.18,0.35
35.15,14.11,14.18,0.35
35.15,14.11,14.18,0.35
35.16,14.11,14.18,0.35
35.16,14.11,14.18,0.35
35.17,14.11,14.18,0.35
35.17,14.11,14.18,0.35
35.17,14.11,14.18,0.35
35.18,14.11,14.18,0.35
35.18,14.11,14.18,0.35
35.19,14.11,14.18,0.35
35.19,14.11,14.18,0.35
35.2,14.11,14.18,0.35
35.2,14.11,14.18,0.35
35.21,14.11,14.18,0.35
35.21,14.11,14.18,0.35
35.21,14.11,14.18,0.35
35.22,14.11,14.18,0.35
35.22,14.11,14.18,0.35
35.23,14.11,14.18,0.35
35.23,14.11,14.18,0.35
35.24,14.11,14.18,0.35
35.24,14.11,14.18,0.35
35.25,14.11,14.18,0.35
35.25,14.11,14.18,0.35
35.25,14.11,14.17,0.35
35.26,14.11,14.17,0.35
35.26,14.11,14.17,0.35
35.27,14.11,14.17,0.35
35.27,14.11,14.17,0.35
35.28,14.11,14.17,0.35
35.28,14.11,14.17,0.35
35.29,14.11,14.17,0.35
35.29,14.11,14.17,0.35
35.29,14.11,14.17,0.35
35.3,14.11,14.17,0.35
35.3,14.11,14.17,0.35
35.31,14.11,14.17,0.35
35.31,14.11,14.17,0.35
35.32,14.11,14.17,0.35
35.32,14.11,14.17,0.35
35.33,14.11,14.17,0.35
35.33,14.11,14.17,0.35
35.34,14.11,14.17,0.35
35.34,14.11,14.17,0.35
35.34,14.11,14.17,0.35
35.35,14.11,14.17,0.35
35.35,14.11,14.17,0.35
35.36,14.11,14.17,0.35
35.36,14.11,14.17,0.35
35.37,14.11,14.17,0.35
35.37,14.11,14.17,0.35
35.38,14.11,14.17,0.35
35.38,14.11,14.17,0.35
35.38,14.11,14.17,0.35
35.39,14.11,14.17,0.35
35.39,14.11,14.17,0.35
35.4,14.11,14.17,0.35
35.4,14.11,14.17,0.35
35.41,14.11,14.17,0.35
35.41,14.11,14.17,0.35
35.42,14.11,14.17,0.35
35.42,14.11,14.17,0.35
35.42,14.11,14.17,0.35
35.43,14.11,14.17,0.35
35.43,14.11,14.17,0.35
35.44,14.11,14.17,0.35
35.44,14.11,14.17,0.35
35.45,14.11,14.17,0.35
35.45,14.11,14.17,0.35
35.46,14.11,14.17,0.35
35.46,14.11,14.17,0.35
35.47,14.11,14.17,0.35
35.47,14.11,14.17,0.35
35.47,14.11,14.17,0.35
35.48,14.11,14.17,0.35
35.48,14.11,14.17,0.35
35.49,14.11,14.17,0.35
35.49,14.11,14.17,0.35
35.5,14.11,14.17,0.35
35.5,14.11,14.17,0.35
35.51,14.11,14.17,0.35
35.51,14.11,14.17,0.35
35.51,14.11,14.17,0.35
35.52,14.11,14.17,0.35
35.52,14.11,14.17,0.35
35.53,14.11,14.17,0.35
35.53,14.11,14.17,0.35
35.54,14.11,14.17,0.35
35.54,14.11,14.17,0.35
35.55,14.11,14.17,0.35
35.55,14.11,14.17,0.35
35.55,14.11,14.17,0.35
35.56,14.11,14.17,0.35
35.56,14.11,14.17,0.35
35.57,14.11,14.17,0.35
35.57,14.11,14.17,0.35
35.58,14.11,14.17,0.35
35.58,14.11,14.17,0.35
35.59,14.11,14.17,0.35
35.59,14.11,14.17,0.35
35.59,14.11,14.17,0.35
35.6,14.11,14.17,0.35
35.6,14.11,14.17,0.35
35.61,14.11,14.17,0.35
35.61,14.11,14.16,0.35
35.62,14.11,14.16,0.35
35.62,14.11,14.16,0.35
35.63,14.11,14.16,0.35
35.63,14.11,14.16,0.35
35.64,14.11,14.16,0.35
35.64,14.11,14.16,0.35
35.64,14.11,14.16,0.35
35.65,14.11,14.16,0.35
35.65,14.11,14.16,0.35
35.66,14.11,14.16,0.35
35.66,14.11,14.16,0.35
35.67,14.11,14.16,0.35
35.67,14.11,14.16,0.35
35.68,14.11,14.16,0.35
35.68,14.11,14.16,0.35
35.68,14.11,14.16,0.35
35.69,14.11,14.16,0.35
35.69,14.11,14.16,0.35
35.7,14.11,14.16,0.35
35.7,14.11,14.16,0.35
35.71,14.11,14.16,0.35
35.71,14.11,14.16,0.35
35.72,14.11,14.16,0.35
35.72,14.11,14.16,0.35
35.73,14.11,14.16,0.35
35.73,14.11,14.16,0.35
35.73,14.11,14.16,0.35
35.74,14.11,14.16,0.35
35.74,14.11,14.16,0.35
35.75,14.11,14.16,0.35
35.75,14.11,14.16,0.35
35.76,14.11,14.16,0.35
35.76,14.11,14.16,0.35
35.77,14.11,14.16,0.35
35.77,14.11,14.16,0.35
35.77,14.11,14.16,0.35
35.78,14.11,14.16,0.35
35.78,14.11,14.16,0.35
35.79,14.11,14.16,0.35
35.79,14.11,14.16,0.35
35.8,14.11,14.16,0.35
35.8,14.11,14.16,0.35
35.81,14.11,14.16,0.35
35.81,14.11,14.16,0.35
35.82,14.11,14.16,0.35
35.82,14.11,14.16,0.35
35.82,14.11,14.16,0.35
35.83,14.11,14.16,0.35
35.83,14.11,14.16,0.35
35.84,14.11,14.16,0.35
35.84,14.11,14.16,0.35
35.85,14.11,14.16,0.35
35.85,14.11,14.16,0.35
35.86,14.11,14.16,0.35
35.86,14.11,14.16,0.35
35.86,14.11,14.16,0.35
35.87,14.11,14.16,0.35
35.87,14.11,14.16,0.35
35.88,14.11,14.16,0.35
35.88,14.11,14.16,0.35
35.89,14.11,14.16,0.35
35.89,14.11,14.16,0.35
35.9,14.11,14.16,0.35
35.9,14.11,14.16,0.35
35.91,14.11,14.16,0.35
35.91,14.11,14.16,0.35
35.91,14.11,14.16,0.35
35.92,14.11,14.16,0.35
35.92,14.11,14.16,0.35
35.93,14.11,14.16,0.35
35.93,14.11,14.16,0.35
35.94,14.11,14.16,0.35
35.94,14.11,14.16,0.35
35.95,14.11,14.16,0.35
35.95,14.11,14.16,0.35
35.95,14.11,14.16,0.35
35.96,14.11,14.16,0.35
35.96,14.11,14.16,0.35
35.97,14.11,14.16,0.35
35.97,14.11,14.15,0.35
35.98,14.11,14.15,0.35
35.98,14.11,14.15,0.35
35.99,14.11,14.15,0.35
35.99,14.11,14.15,0.35
35.99,14.11,14.15,0.35
36.0,14.11,14.15,0.35
36.0,14.11,14.15,0.35
36.01,14.11,14.15,0.35
36.01,14.11,14.15,0.35
36.02,14.11,14.15,0.35
36.02,14.11,14.15,0.35
36.03,14.11,14.15,0.35
36.03,14.11,14.15,0.35
36.03,14.11,14.15,0.35
36.04,14.11,14.15,0.35
36.04,14.11,14.15,0.35
36.05,14.11,14.15,0.35
36.05,14.11,14.15,0.35
36.06,14.11,14.15,0.35
36.06,14.11,14.15,0.35
36.07,14.11,14.15,0.35
36.07,14.11,14.15,0.35
36.08,14.11,14.15,0.35
36.08,14.11,14.15,0.35
36.08,14.11,14.15,0.35
36.09,14.11,14.15,0.35
36.09,14.11,14.15,0.35
36.1,14.11,14.15,0.35
36.1,14.11,14.15,0.35
36.11,14.11,14.15,0.35
36.11,14.11,14.15,0.35
36.12,14.11,14.15,0.35
36.12,14.11,14.15,0.35
36.12,14.11,14.15,0.35
36.13,14.11,14.15,0.35
36.13,14.11,14.15,0.35
36.14,14.11,14.15,0.35
36.14,14.11,14.15,0.35
36.15,14.11,14.15,0.35
36.15,14.11,14.15,0.35
36.16,14.11,14.15,0.35
36.16,14.11,14.15,0.35
36.17,14.11,14.15,0.35
36.17,14.11,14.15,0.35
36.17,14.11,14.15,0.35
36.18,14.11,14.15,0.35
36.18,14.11,14.15,0.35
36.19,14.11,14.15,0.35
36.19,14.11,14.15,0.35
36.2,14.11,14.15,0.35
36.2,14.11,14.15,0.35
36.21,14.11,14.15,0.35
36.21,14.11,14.15,0.35
36.21,14.11,14.15,0.35
36.22,14.11,14.15,0.35
36.22,14.11,14.15,0.35
36.23,14.11,14.15,0.35
36.23,14.11,14.15,0.35
36.24,14.11,14.15,0.35
36.24,14.11,14.15,0.35
36.25,14.11,14.15,0.35
36.25,14.11,14.15,0.35
36.26,14.11,14.15,0.35
36.26,14.11,14.15,0.35
36.26,14.11,14.15,0.35
36.27,14.11,14.15,0.35
36.27,14.11,14.15,0.35
36.28,14.11,14.15,0.35
36.28,14.11,14.15,0.35
36.29,14.11,14.15,0.35
36.29,14.11,14.15,0.35
36.3,14.11,14.15,0.35
36.3,14.11,14.15,0.35
36.3,14.11,14.15,0.35
36.31,14.11,14.15,0.35
36.31,14.11,14.15,0.35
36.32,14.11,14.15,0.35
36.32,14.11,14.15,0.35
36.33,14.11,14.15,0.35
36.33,14.11,14.14,0.35
36.34,14.11,14.14,0.35
36.34,14.11,14.14,0.35
36.35,14.11,14.14,0.35
36.35,14.11,14.14,0.35
36.35,14.11,14.14,0.35
36.36,14.11,14.14,0.35
36.36,14.11,14.14,0.35
36.37,14.11,14.14,0.35
36.37,14.11,14.14,0.35
36.38,14.11,14.14,0.35
36.38,14.11,14.14,0.35
36.39,14.11,14.14,0.35
36.39,14.11,14.14,0.35
36.39,14.11,14.14,0.35
36.4,14.11,14.14,0.35
36.4,14.11,14.14,0.35
36.41,14.11,14.14,0.35
36.41,14.11,14.14,0.35
36.42,14.11,14.14,0.35
36.42,14.11,14.14,0.35
36.43,14.11,14.14,0.35
36.43,14.11,14.14,0.35
36.43,14.11,14.14,0.35
36.44,14.11,14.14,0.35
36.44,14.11,14.14,0.35
36.45,14.11,14.14,0.35
36.45,14.11,14.14,0.35
36.46,14.11,14.14,0.35
36.46,14.11,14.14,0.35
36.47,14.11,14.14,0.35
36.47,14.11,14.14,0.35
36.48,14.11,14.14,0.35
36.48,14.11,14.14,0.35
36.48,14.11,14.14,0.35
36.49,14.11,14.14,0.35
36.49,14.11,14.14,0.35
36.5,14.11,14.14,0.35
36.5,14.11,14.14,0.35
36.51,14.11,14.14,0.35
36.51,14.11,14.14,0.35
36.52,14.11,14.14,0.35
36.52,14.11,14.14,0.35
36.52,14.11,14.14,0.35
36.53,14.11,14.14,0.35
36.53,14.11,14.14,0.35
36.54,14.11,14.14,0.35
36.54,14.11,14.14,0.35
36.55,14.11,14.14,0.35
36.55,14.11,14.14,0.35
36.56,14.11,14.14,0.35
36.56,14.11,14.14,0.35
36.56,14.11,14.14,0.35
36.57,14.11,14.14,0.35
36.58,14.11,14.14,0.35
36.58,14.11,14.14,0.35
36.59,14.11,14.14,0.35
36.59,14.11,14.14,0.35
36.6,14.11,14.14,0.35
36.6,14.11,14.14,0.35
36.6,14.11,14.14,0.35
36.61,14.11,14.14,0.35
36.61,14.11,14.14,0.35
36.62,14.11,14.14,0.35
36.62,14.11,14.14,0.35
36.63,14.11,14.14,0.35
36.63,14.11,14.14,0.35
36.64,14.11,14.14,0.35
36.64,14.11,14.14,0.35
36.64,14.11,14.14,0.35
36.65,14.11,14.14,0.35
36.65,14.11,14.14,0.35
36.66,14.11,14.14,0.35
36.66,14.11,14.14,0.35
36.67,14.11,14.14,0.35
36.67,14.11,14.14,0.35
36.68,14.11,14.14,0.35
36.68,14.11,14.14,0.35
36.68,14.11,14.14,0.35
36.69,14.11,14.14,0.35
36.69,14.11,14.13,0.35
36.7,14.11,14.13,0.35
36.7,14.11,14.13,0.35
36.71,14.11,14.13,0.35
36.71,14.11,14.13,0.35
36.72,14.11,14.13,0.35
36.72,14.11,14.13,0.35
36.72,14.11,14.13,0.35
36.73,14.11,14.13,0.35
36.73,14.11,14.13,0.35
36.74,14.11,14.13,0.35
36.74,14.11,14.13,0.35
36.75,14.11,14.13,0.35
36.75,14.11,14.13,0.35
36.76,14.11,14.13,0.35
36.76,14.11,14.13,0.35
36.77,14.11,14.13,0.35
36.77,14.11,14.13,0.35
36.77,14.11,14.13,0.35
36.78,14.11,14.13,0.35
36.78,14.11,14.13,0.35
36.79,14.11,14.13,0.35
36.79,14.11,14.13,0.35
36.8,14.11,14.13,0.35
36.8,14.11,14.13,0.35
36.81,14.11,14.13,0.35
36.81,14.11,14.13,0.35
36.81,14.11,14.13,0.35
36.82,14.11,14.13,0.35
36.82,14.11,14.13,0.35
36.83,14.11,14.13,0.35
36.83,14.11,14.13,0.35
36.84,14.11,14.13,0.35
36.84,14.11,14.13,0.35
36.85,14.11,14.13,0.35
36.85,14.11,14.13,0.35
36.85,14.11,14.13,0.35
36.86,14.11,14.13,0.35
36.86,14.11,14.13,0.35
36.87,14.11,14.13,0.35
36.87,14.11,14.13,0.35
36.88,14.11,14.13,0.35
36.88,14.11,14.13,0.35
36.89,14.11,14.13,0.35
36.89,14.11,14.13,0.35
36.9,14.11,14.13,0.35
36.9,14.11,14.13,0.35
36.9,14.11,14.13,0.35
36.91,14.11,14.13,0.35
36.91,14.11,14.13,0.35
36.92,14.11,14.13,0.35
36.92,14.11,14.13,0.35
36.93,14.11,14.13,0.35
36.93,14.11,14.13,0.35
36.94,14.11,14.13,0.35
36.94,14.11,14.13,0.35
36.94,14.11,14.13,0.35
36.95,14.11,14.13,0.35
36.95,14.11,14.13,0.35
36.96,14.11,14.13,0.35
36.96,14.11,14.13,0.35
36.97,14.11,14.13,0.35
36.97,14.11,14.13,0.35
36.98,14.11,14.13,0.35
36.98,14.11,14.13,0.35
36.98,14.11,14.13,0.35
36.99,14.11,14.13,0.35
36.99,14.11,14.13,0.35
37.0,14.11,14.13,0.35
37.0,14.11,14.13,0.35
37.01,14.11,14.13,0.35
37.01,14.11,14.13,0.35
37.02,14.11,14.13,0.35
37.02,14.11,14.13,0.35
37.03,14.11,14.13,0.35
37.03,14.11,14.13,0.35
37.03,14.11,14.13,0.35
37.04,14.11,14.13,0.35
37.04,14.11,14.13,0.35
37.05,14.11,14.13,0.35
37.05,14.11,14.12,0.35
37.06,14.11,14.12,0.35
37.06,14.11,14.12,0.35
37.07,14.11,14.12,0.35
37.07,14.11,14.12,0.35
37.07,14.11,14.12,0.35
37.08,14.11,14.12,0.35
37.08,14.11,14.12,0.35
37.09,14.11,14.12,0.35
37.09,14.11,14.12,0.35
37.1,14.11,14.12,0.35
37.1,14.11,14.12,0.35
37.11,14.11,14.12,0.35
37.11,14.11,14.12,0.35
37.12,14.11,14.12,0.35
37.12,14.11,14.12,0.35
37.12,14.11,14.12,0.35
37.13,14.11,14.12,0.35
37.13,14.11,14.12,0.35
37.14,14.11,14.12,0.35
37.14,14.11,14.12,0.35
37.15,14.11,14.12,0.35
37.15,14.11,14.12,0.35
37.16,14.11,14.12,0.35
37.16,14.11,14.12,0.35
37.16,14.11,14.12,0.35
37.17,14.11,14.12,0.35
37.17,14.11,14.12,0.35
37.18,14.11,14.12,0.35
37.18,14.11,14.12,0.35
37.19,14.11,14.12,0.35
37.19,14.11,14.12,0.35
37.2,14.11,14.12,0.35
37.2,14.11,14.12,0.35
37.21,14.11,14.12,0.35
37.21,14.11,14.12,0.35
37.21,14.11,14.12,0.35
37.22,14.11,14.12,0.35
37.22,14.11,14.12,0.35
37.23,14.11,14.12,0.35
37.23,14.11,14.12,0.35
37.24,14.11,14.12,0.35
37.24,14.11,14.12,0.35
37.25,14.11,14.12,0.35
37.25,14.11,14.12,0.35
37.25,14.11,14.12,0.35
37.26,14.11,14.12,0.35
37.26,14.11,14.12,0.35
37.27,14.11,14.12,0.35
37.27,14.11,14.12,0.35
37.28,14.11,14.12,0.35
37.28,14.11,14.12,0.35
37.29,14.11,14.12,0.35
37.29,14.11,14.12,0.35
37.3,14.11,14.12,0.35
37.3,14.11,14.12,0.35
37.3,14.11,14.12,0.35
37.31,14.11,14.12,0.35
37.31,14.11,14.12,0.35
37.32,14.11,14.12,0.35
37.32,14.11,14.12,0.35
37.33,14.11,14.12,0.35
37.33,14.11,14.12,0.35
37.34,14.11,14.12,0.35
37.34,14.11,14.12,0.35
37.34,14.11,14.12,0.35
37.35,14.11,14.12,0.35
37.35,14.11,14.12,0.35
37.36,14.11,14.12,0.35
37.36,14.11,14.12,0.35
37.37,14.11,14.12,0.35
37.37,14.11,14.12,0.35
37.38,14.11,14.12,0.35
37.38,14.11,14.12,0.35
37.38,14.11,14.12,0.35
37.39,14.11,14.12,0.35
37.39,14.11,14.12,0.35
37.4,14.11,14.12,0.35
37.4,14.11,14.12,0.35
37.41,14.11,14.12,0.35
37.41,14.11,14.11,0.35
37.42,14.11,14.11,0.35
37.42,14.11,14.11,0.35
37.43,14.11,14.11,0.35
37.43,14.11,14.11,0.35
37.43,14.11,14.11,0.35
37.44,14.11,14.11,0.35
37.44,14.11,14.11,0.35
37.45,14.11,14.11,0.35
37.45,14.11,14.11,0.35
37.46,14.11,14.11,0.35
37.46,14.11,14.11,0.35
37.47,14.11,14.11,0.35
37.47,14.11,14.11,0.35
37.47,14.11,14.11,0.35
37.48,14.11,14.11,0.35
37.48,14.11,14.11,0.35
37.49,14.11,14.11,0.35
37.49,14.11,14.11,0.35
37.5,14.11,14.11,0.35
37.5,14.11,14.11,0.35
37.51,14.11,14.11,0.35
37.51,14.11,14.11,0.35
37.52,14.11,14.11,0.35
37.52,14.11,14.11,0.35
37.52,14.11,14.11,0.35
37.53,14.11,14.11,0.35
37.53,14.11,14.11,0.35
37.54,14.11,14.11,0.35
37.54,14.11,14.11,0.35
37.55,14.11,14.11,0.35
37.55,14.11,14.11,0.35
37.56,14.11,14.11,0.35
37.56,14.11,14.11,0.35
37.56,14.11,14.11,0.35
37.57,14.11,14.11,0.35
37.57,14.11,14.11,0.35
37.58,14.11,14.11,0.35
37.58,14.11,14.11,0.35
37.59,14.11,14.11,0.35
37.59,14.11,14.11,0.35
37.6,14.11,14.11,0.35
37.6,14.11,14.11,0.35
37.61,14.11,14.11,0.35
37.61,14.11,14.11,0.35
37.61,14.11,14.11,0.35
37.62,14.11,14.11,0.35
37.62,14.11,14.11,0.35
37.63,14.11,14.11,0.35
37.63,14.11,14.11,0.35
37.64,14.11,14.11,0.35
37.64,14.11,14.11,0.35
37.65,14.11,14.11,0.35
37.65,14.11,14.11,0.35
37.65,14.11,14.11,0.35
37.66,14.11,14.11,0.35
37.66,14.11,14.11,0.35
37.67,14.11,14.11,0.35
37.67,14.11,14.11,0.35
37.68,14.11,14.11,0.35
37.68,14.11,14.11,0.35
37.69,14.11,14.11,0.35
37.69,14.11,14.11,0.35
37.69,14.11,14.11,0.35
37.7,14.11,14.11,0.35
37.7,14.11,14.11,0.35
37.71,14.11,14.11,0.35
37.71,14.11,14.11,0.35
37.72,14.11,14.11,0.35
37.72,14.11,14.11,0.35
37.73,14.11,14.11,0.35
37.73,14.11,14.11,0.35
37.74,14.11,14.11,0.35
37.74,14.11,14.11,0.35
37.74,14.11,14.11,0.35
37.75,14.11,14.11,0.35
37.75,14.11,14.11,0.35
37.76,14.11,14.11,0.35
37.76,14.11,14.11,0.35
37.77,14.11,14.11,0.35
37.77,14.11,14.1,0.35
37.78,14.11,14.1,0.35
37.78,14.11,14.1,0.35
37.78,14.11,14.1,0.35
37.79,14.11,14.1,0.35
37.79,14.11,14.1,0.35
37.8,14.11,14.1,0.35
37.8,14.11,14.1,0.35
37.81,14.11,14.1,0.35
37.81,14.11,14.1,0.35
37.82,14.11,14.1,0.35
37.82,14.11,14.1,0.35
37.83,14.11,14.1,0.35
37.83,14.11,14.1,0.35
37.83,14.11,14.1,0.35
37.84,14.11,14.1,0.35
37.84,14.11,14.1,0.35
37.85,14.11,14.1,0.35
37.85,14.11,14.1,0.35
37.86,14.11,14.1,0.35
37.86,14.11,14.1,0.35
37.87,14.11,14.1,0.35
37.87,14.11,14.1,0.35
37.87,14.11,14.1,0.35
37.88,14.11,14.1,0.35
37.88,14.11,14.1,0.35
37.89,14.11,14.1,0.35
37.89,14.11,14.1,0.35
37.9,14.11,14.1,0.35
37.9,14.11,14.1,0.35
37.91,14.11,14.1,0.35
37.91,14.11,14.1,0.35
37.92,14.11,14.1,0.35
37.92,14.11,14.1,0.35
37.92,14.11,14.1,0.35
37.93,14.11,14.1,0.35
37.93,14.11,14.1,0.35
37.94,14.11,14.1,0.35
37.94,14.11,14.1,0.35
37.95,14.11,14.1,0.35
37.95,14.11,14.1,0.35
37.96,14.11,14.1,0.35
37.96,14.11,14.1,0.35
37.96,14.11,14.1,0.35
37.97,14.11,14.1,0.35
37.97,14.11,14.1,0.35
37.98,14.11,14.1,0.35
37.98,14.11,14.1,0.35
37.99,14.11,14.1,0.35
37.99,14.11,14.1,0.35
38.0,14.11,14.1,0.35
38.0,14.11,14.1,0.35
38.01,14.11,14.1,0.35
38.01,14.11,14.1,0.35
38.01,14.11,14.1,0.35
38.02,14.11,14.1,0.35
38.02,14.11,14.1,0.35
38.03,14.11,14.1,0.35
38.03,14.11,14.1,0.35
38.04,14.11,14.1,0.35
38.04,14.11,14.1,0.35
38.05,14.11,14.1,0.35
38.05,14.11,14.1,0.35
38.05,14.11,14.1,0.35
38.06,14.11,14.1,0.35
38.06,14.11,14.1,0.35
38.07,14.11,14.1,0.35
38.07,14.11,14.1,0.35
38.08,14.11,14.1,0.35
38.08,14.11,14.1,0.35
38.09,14.11,14.1,0.35
38.09,14.11,14.1,0.35
38.1,14.11,14.1,0.35
38.1,14.11,14.1,0.35
38.1,14.11,14.1,0.35
38.11,14.11,14.1,0.35
38.11,14.11,14.1,0.35
38.12,14.11,14.1,0.35
38.12,14.11,14.1,0.35
38.13,14.11,14.1,0.35
38.13,14.11,14.09,0.35
38.14,14.11,14.09,0.35
38.14,14.11,14.09,0.35
38.14,14.11,14.09,0.35
38.15,14.11,14.09,0.35
38.15,14.11,14.09,0.35
38.16,14.11,14.09,0.35
38.16,14.11,14.09,0.35
38.17,14.11,14.09,0.35
38.17,14.11,14.09,0.35
38.18,14.11,14.09,0.35
38.18,14.11,14.09,0.35
38.19,14.11,14.09,0.35
38.19,14.11,14.09,0.35
38.19,14.11,14.09,0.35
38.2,14.11,14.09,0.35
38.2,14.11,14.09,0.35
38.21,14.11,14.09,0.35
38.21,14.11,14.09,0.35
38.22,14.11,14.09,0.35
38.22,14.11,14.09,0.35
38.23,14.11,14.09,0.35
38.23,14.11,14.09,0.35
38.23,14.11,14.09,0.35
38.24,14.11,14.09,0.35
38.24,14.11,14.09,0.35
38.25,14.11,14.09,0.35
38.25,14.11,14.09,0.35
38.26,14.11,14.09,0.35
38.26,14.11,14.09,0.35
38.27,14.11,14.09,0.35
38.27,14.11,14.09,0.35
38.28,14.11,14.09,0.35
38.28,14.11,14.09,0.35
38.28,14.11,14.09,0.35
38.29,14.11,14.09,0.35
38.29,14.11,14.09,0.35
38.3,14.11,14.09,0.35
38.3,14.11,14.09,0.35
38.31,14.11,14.09,0.35
38.31,14.11,14.09,0.35
38.32,14.11,14.09,0.35
38.32,14.11,14.09,0.35
38.32,14.11,14.09,0.35
38.33,14.11,14.09,0.35
38.33,14.11,14.09,0.35
38.34,14.11,14.09,0.35
38.34,14.11,14.09,0.35
38.35,14.11,14.09,0.35
38.35,14.11,14.09,0.35
38.36,14.11,14.09,0.35
38.36,14.11,14.09,0.35
38.37,14.11,14.09,0.35
38.37,14.11,14.09,0.35
38.37,14.11,14.09,0.35
38.38,14.11,14.09,0.35
38.38,14.11,14.09,0.35
38.39,14.11,14.09,0.35
38.39,14.11,14.09,0.35
38.4,14.11,14.09,0.35
38.4,14.11,14.09,0.35
38.41,14.11,14.09,0.35
38.41,14.11,14.09,0.35
38.42,14.11,14.09,0.35
38.42,14.11,14.09,0.35
38.42,14.11,14.09,0.35
38.43,14.11,14.09,0.35
38.43,14.11,14.09,0.35
38.44,14.11,14.09,0.35
38.44,14.11,14.09,0.35
38.45,14.11,14.09,0.35
38.45,14.11,14.09,0.35
38.46,14.11,14.09,0.35
38.46,14.11,14.09,0.35
38.47,14.11,14.09,0.35
38.47,14.11,14.09,0.35
38.47,14.11,14.09,0.35
38.48,14.11,14.09,0.35
38.48,14.11,14.09,0.35
38.49,14.11,14.09,0.35
38.49,14.11,14.08,0.35
38.5,14.11,14.08,0.35
38.5,14.11,14.08,0.35
38.51,14.11,14.08,0.35
38.51,14.11,14.08,0.35
38.51,14.11,14.08,0.35
38.52,14.11,14.08,0.35
38.52,14.11,14.08,0.35
38.53,14.11,14.08,0.35
38.53,14.11,14.08,0.35
38.54,14.11,14.08,0.35
38.54,14.11,14.08,0.35
38.55,14.11,14.08,0.35
38.55,14.11,14.08,0.35
38.56,14.11,14.08,0.35
38.56,14.11,14.08,0.35
38.56,14.11,14.08,0.35
38.57,14.11,14.08,0.35
38.57,14.11,14.08,0.35
38.58,14.11,14.08,0.35
38.58,14.11,14.08,0.35
38.59,14.11,14.08,0.35
38.59,14.11,14.08,0.35
38.6,14.11,14.08,0.35
38.6,14.11,14.08,0.35
38.61,14.11,14.08,0.35
38.61,14.11,14.08,0.35
38.61,14.11,14.08,0.35
38.62,14.11,14.08,0.35
38.62,14.11,14.08,0.35
38.63,14.11,14.08,0.35
38.63,14.11,14.08,0.35
38.64,14.11,14.08,0.35
38.64,14.11,14.08,0.35
38.65,14.11,14.08,0.35
38.65,14.11,14.08,0.35
38.66,14.11,14.08,0.35
38.66,14.11,14.08,0.35
38.67,14.11,14.08,0.35
38.67,14.11,14.08,0.35
38.67,14.11,14.08,0.35
38.68,14.11,14.08,0.35
38.68,14.11,14.08,0.35
38.69,14.11,14.08,0.35
38.69,14.11,14.08,0.35
38.7,14.11,14.08,0.35
38.7,14.11,14.08,0.35
38.71,14.11,14.08,0.35
38.71,14.11,14.08,0.35
38.72,14.11,14.08,0.35
38.72,14.11,14.08,0.35
38.72,14.11,14.08,0.35
38.73,14.11,14.08,0.35
38.73,14.11,14.08,0.35
38.74,14.11,14.08,0.35
38.74,14.11,14.08,0.35
38.75,14.11,14.08,0.35
38.75,14.11,14.08,0.35
38.76,14.11,14.08,0.35
38.76,14.11,14.08,0.35
38.77,14.11,14.08,0.35
38.77,14.11,14.08,0.35
38.77,14.11,14.08,0.35
38.78,14.11,14.08,0.35
38.78,14.11,14.08,0.35
38.79,14.11,14.08,0.35
38.79,14.11,14.08,0.35
38.8,14.11,14.08,0.35
38.8,14.11,14.08,0.35
38.81,14.11,14.08,0.35
38.81,14.11,14.08,0.35
38.82,14.11,14.08,0.35
38.82,14.11,14.08,0.35
38.83,14.11,14.08,0.35
38.83,14.11,14.08,0.35
38.83,14.11,14.08,0.35
38.84,14.11,14.08,0.35
38.84,14.11,14.08,0.35
38.85,14.11,14.08,0.35
38.85,14.11,14.08,0.35
38.86,14.11,14.07,0.35
38.86,14.11,14.07,0.35
38.87,14.11,14.07,0.35
38.87,14.11,14.07,0.35
38.88,14.11,14.07,0.35
38.88,14.11,14.07,0.35
38.89,14.11,14.07,0.35
38.89,14.11,14.07,0.35
38.9,14.11,14.07,0.35
38.9,14.11,14.07,0.35
38.9,14.11,14.07,0.35
38.91,14.11,14.07,0.35
38.91,14.11,14.07,0.35
38.92,14.11,14.07,0.35
38.92,14.11,14.07,0.35
38.93,14.11,14.07,0.35
38.93,14.11,14.07,0.35
38.94,14.11,14.07,0.35
38.94,14.11,14.07,0.35
38.95,14.11,14.07,0.35
38.95,14.11,14.07,0.35
38.96,14.11,14.07,0.35
38.96,14.11,14.07,0.35
38.97,14.11,14.07,0.35
38.97,14.11,14.07,0.35
38.97,14.11,14.07,0.35
38.98,14.11,14.07,0.35
38.98,14.11,14.07,0.35
38.99,14.11,14.07,0.35
38.99,14.11,14.07,0.35
39.0,14.11,14.07,0.35
39.0,14.11,14.07,0.35
39.01,14.11,14.07,0.35
39.01,14.11,14.07,0.35
39.02,14.11,14.07,0.35
39.02,14.11,14.07,0.35
39.03,14.11,14.07,0.35
39.03,14.11,14.07,0.35
39.04,14.11,14.07,0.35
39.04,14.11,14.07,0.35
39.05,14.11,14.07,0.35
39.05,14.11,14.07,0.35
39.06,14.11,14.07,0.35
39.06,14.11,14.07,0.35
39.06,14.11,14.07,0.35
39.07,14.11,14.07,0.35
39.07,14.11,14.07,0.35
39.08,14.11,14.07,0.35
39.08,14.11,14.07,0.35
39.09,14.11,14.07,0.35
39.09,14.11,14.07,0.35
39.1,14.11,14.07,0.35
39.1,14.11,14.07,0.35
39.11,14.11,14.07,0.35
39.11,14.11,14.07,0.35
39.12,14.11,14.07,0.35
39.12,14.11,14.07,0.35
39.13,14.11,14.07,0.35
39.13,14.11,14.07,0.35
39.14,14.11,14.07,0.35
39.14,14.11,14.07,0.35
39.14,14.11,14.07,0.35
39.15,14.11,14.07,0.35
39.15,14.11,14.07,0.35
39.16,14.11,14.07,0.35
39.16,14.11,14.07,0.35
39.17,14.11,14.07,0.35
39.17,14.11,14.07,0.35
39.18,14.11,14.07,0.35
39.18,14.11,14.07,0.35
39.19,14.11,14.07,0.35
39.19,14.11,14.07,0.35
39.19,14.11,14.07,0.35
39.2,14.11,14.07,0.35
39.2,14.11,14.07,0.35
39.21,14.11,14.07,0.35
39.21,14.11,14.07,0.35
39.22,14.11,14.07,0.35
39.22,14.11,14.07,0.35
39.23,14.11,14.07,0.35
39.23,14.11,14.06,0.35
39.24,14.11,14.06,0.35
39.24,14.11,14.06,0.35
39.24,14.11,14.06,0.35
39.25,14.11,14.06,0.35
39.25,14.11,14.06,0.35
39.26,14.11,14.06,0.35
39.26,14.11,14.06,0.35
39.27,14.11,14.06,0.35
39.27,14.11,14.06,0.35
39.28,14.11,14.06,0.35
39.28,14.11,14.06,0.35
39.28,14.11,14.06,0.35
39.29,14.11,14.06,0.35
39.29,14.11,14.06,0.35
39.3,14.11,14.06,0.35
39.3,14.11,14.06,0.35
39.31,14.11,14.06,0.35
39.31,14.11,14.06,0.35
39.32,14.11,14.06,0.35
39.32,14.11,14.06,0.35
39.33,14.11,14.06,0.35
39.33,14.11,14.06,0.35
39.33,14.11,14.06,0.35
39.34,14.11,14.06,0.35
39.34,14.11,14.06,0.35
39.35,14.11,14.06,0.35
39.35,14.11,14.06,0.35
39.36,14.11,14.06,0.35
39.36,14.11,14.06,0.35
39.37,14.11,14.06,0.35
39.37,14.11,14.06,0.35
39.37,14.11,14.06,0.35
39.38,14.11,14.06,0.35
39.38,14.11,14.06,0.35
39.39,14.11,14.06,0.35
39.39,14.11,14.06,0.35
39.4,14.11,14.06,0.35
39.4,14.11,14.06,0.35
39.41,14.11,14.06,0.35
39.41,14.11,14.06,0.35
39.42,14.11,14.06,0.35
39.42,14.11,14.06,0.35
39.42,14.11,14.06,0.35
39.43,14.11,14.06,0.35
39.43,14.11,14.06,0.35
39.44,14.11,14.06,0.35
39.44,14.11,14.06,0.35
39.45,14.11,14.06,0.35
39.45,14.11,14.06,0.35
39.46,14.11,14.06,0.35
39.46,14.11,14.06,0.35
39.47,14.11,14.06,0.35
39.47,14.11,14.06,0.35
39.47,14.11,14.06,0.35
39.48,14.11,14.06,0.35
39.48,14.11,14.06,0.35
39.49,14.11,14.06,0.35
39.49,14.11,14.06,0.35
39.5,14.11,14.06,0.35
39.5,14.11,14.06,0.35
39.51,14.11,14.06,0.35
39.51,14.11,14.06,0.35
39.52,14.11,14.06,0.35
39.52,14.11,14.06,0.35
39.52,14.11,14.06,0.35
39.53,14.11,14.06,0.35
39.53,14.11,14.06,0.35
39.54,14.11,14.06,0.35
39.54,14.11,14.06,0.35
39.55,14.11,14.06,0.35
39.55,14.11,14.06,0.35
39.56,14.11,14.06,0.35
39.56,14.11,14.06,0.35
39.56,14.11,14.06,0.35
39.57,14.11,14.06,0.35
39.57,14.11,14.06,0.35
39.58,14.11,14.06,0.35
39.58,14.11,14.06,0.35
39.59,14.11,14.06,0.35
39.59,14.11,14.05,0.35
39.6,14.11,14.05,0.35
39.6,14.11,14.05,0.35
39.61,14.11,14.05,0.35
39.61,14.11,14.05,0.35
39.61,14.11,14.05,0.35
39.62,14.11,14.05,0.35
39.62,14.11,14.05,0.35
39.63,14.11,14.05,0.35
39.63,14.11,14.05,0.35
39.64,14.11,14.05,0.35
39.64,14.11,14.05,0.35
39.65,14.11,14.05,0.35
39.65,14.11,14.05,0.35
39.65,14.11,14.05,0.35
39.66,14.11,14.05,0.35
39.66,14.11,14.05,0.35
39.67,14.11,14.05,0.35
39.67,14.11,14.05,0.35
39.68,14.11,14.05,0.35
39.68,14.11,14.05,0.35
39.69,14.11,14.05,0.35
39.69,14.11,14.05,0.35
39.7,14.11,14.05,0.35
39.7,14.11,14.05,0.35
39.7,14.11,14.05,0.35
39.71,14.11,14.05,0.35
39.71,14.11,14.05,0.35
39.72,14.11,14.05,0.35
39.72,14.11,14.05,0.35
39.73,14.11,14.05,0.35
39.73,14.11,14.05,0.35
39.74,14.11,14.05,0.35
39.74,14.11,14.05,0.35
39.75,14.11,14.05,0.35
39.75,14.11,14.05,0.35
39.75,14.11,14.05,0.35
39.76,14.11,14.05,0.35
39.76,14.11,14.05,0.35
39.77,14.11,14.05,0.35
39.77,14.11,14.05,0.35
39.78,14.11,14.05,0.35
39.78,14.11,14.05,0.35
39.79,14.11,14.05,0.35
39.79,14.11,14.05,0.35
39.8,14.11,14.05,0.35
39.8,14.11,14.05,0.35
39.8,14.11,14.05,0.35
39.81,14.11,14.05,0.35
39.81,14.11,14.05,0.35
39.82,14.11,14.05,0.35
39.82,14.11,14.05,0.35
39.83,14.11,14.05,0.35
39.83,14.11,14.05,0.35
39.84,14.11,14.05,0.35
39.84,14.11,14.05,0.35
39.85,14.11,14.05,0.35
39.85,14.11,14.05,0.35
39.85,14.11,14.05,0.35
39.86,14.11,14.05,0.35
39.86,14.11,14.05,0.35
39.87,14.11,14.05,0.35
39.87,14.11,14.05,0.35
39.88,14.11,14.05,0.35
39.88,14.11,14.05,0.35
39.89,14.11,14.05,0.35
39.89,14.11,14.05,0.35
39.9,14.11,14.05,0.35
39.9,14.11,14.05,0.35
39.9,14.11,14.05,0.35
39.91,14.11,14.05,0.35
39.91,14.11,14.05,0.35
39.92,14.11,14.05,0.35
39.92,14.11,14.05,0.35
39.93,14.11,14.05,0.35
39.93,14.11,14.05,0.35
39.94,14.11,14.05,0.35
39.94,14.11,14.05,0.35
39.95,14.11,14.05,0.35
39.95,14.11,14.05,0.35
39.96,14.11,14.04,0.35
39.96,14.11,14.04,0.35
39.96,14.11,14.04,0.35
39.97,14.11,14.04,0.35
39.97,14.11,14.04,0.35
39.98,14.11,14.04,0.35
39.98,14.11,14.04,0.35
39.99,14.11,14.04,0.35
39.99,14.11,14.04,0.35
40.0,14.11,14.04,0.35
40.0,14.11,14.04,0.35
40.0,14.11,14.04,0.35
40.01,14.11,14.04,0.35
40.01,14.11,14.04,0.35
40.02,14.11,14.04,0.35
40.02,14.11,14.04,0.35
40.03,14.11,14.04,0.35
40.03,14.11,14.04,0.35
40.04,14.11,14.04,0.35
40.04,14.11,14.04,0.35
40.04,14.11,14.04,0.35
40.05,14.11,14.04,0.35
40.05,14.11,14.04,0.35
40.06,14.11,14.04,0.35
40.06,14.11,14.04,0.35
40.07,14.11,14.04,0.35
40.07,14.11,14.04,0.35
40.08,14.11,14.04,0.35
40.08,14.11,14.04,0.35
40.08,14.11,14.04,0.35
40.09,14.11,14.04,0.35
40.09,14.11,14.04,0.35
40.1,14.11,14.04,0.35
40.1,14.11,14.04,0.35
40.11,14.11,14.04,0.35
40.11,14.11,14.04,0.35
40.12,14.11,14.04,0.35
40.12,14.11,14.04,0.35
40.13,14.11,14.04,0.35
40.13,14.11,14.04,0.35
40.13,14.11,14.04,0.35
40.14,14.11,14.04,0.35
40.14,14.11,14.04,0.35
40.15,14.11,14.04,0.35
40.15,14.11,14.04,0.35
40.16,14.11,14.04,0.35
40.16,14.11,14.04,0.35
40.17,14.11,14.04,0.35
40.17,14.11,14.04,0.35
40.17,14.11,14.04,0.35
40.18,14.11,14.04,0.35
40.18,14.11,14.04,0.35
40.19,14.11,14.04,0.35
40.19,14.11,14.04,0.35
40.2,14.11,14.04,0.35
40.2,14.11,14.04,0.35
40.21,14.11,14.04,0.35
40.21,14.11,14.04,0.35
40.22,14.11,14.04,0.35
40.22,14.11,14.04,0.35
40.22,14.11,14.04,0.35
40.23,14.11,14.04,0.35
40.23,14.11,14.04,0.35
40.24,14.11,14.04,0.35
40.24,14.11,14.04,0.35
40.25,14.11,14.04,0.35
40.25,14.11,14.04,0.35
40.26,14.11,14.04,0.35
40.26,14.11,14.04,0.35
40.26,14.11,14.04,0.35
40.27,14.11,14.04,0.35
40.27,14.11,14.04,0.35
40.28,14.11,14.04,0.35
40.28,14.11,14.04,0.35
40.29,14.11,14.04,0.35
40.29,14.11,14.04,0.35
40.3,14.11,14.04,0.35
40.3,14.11,14.04,0.35
40.31,14.11,14.04,0.35
40.31,14.11,14.04,0.35
40.31,14.11,14.03,0.35
40.32,14.11,14.03,0.35
40.32,14.11,14.03,0.35
40.33,14.11,14.03,0.35
40.33,14.11,14.03,0.35
40.34,14.11,14.03,0.35
40.34,14.11,14.03,0.35
40.35,14.11,14.03,0.35
40.35,14.11,14.03,0.35
40.35,14.11,14.03,0.35
40.36,14.11,14.03,0.35
40.36,14.11,14.03,0.35
40.37,14.11,14.03,0.35
40.37,14.11,14.03,0.35
40.38,14.11,14.03,0.35
40.38,14.11,14.03,0.35
40.39,14.11,14.03,0.35
40.39,14.11,14.03,0.35
40.4,14.11,14.03,0.35
40.4,14.11,14.03,0.35
40.4,14.11,14.03,0.35
40.41,14.11,14.03,0.35
40.41,14.11,14.03,0.35
40.42,14.11,14.03,0.35
40.42,14.11,14.03,0.35
40.43,14.11,14.03,0.35
40.43,14.11,14.03,0.35
40.44,14.11,14.03,0.35
40.44,14.11,14.03,0.35
40.44,14.11,14.03,0.35
40.45,14.11,14.03,0.35
40.45,14.11,14.03,0.35
40.46,14.11,14.03,0.35
40.46,14.11,14.03,0.35
40.47,14.11,14.03,0.35
40.47,14.11,14.03,0.35
40.48,14.11,14.03,0.35
40.48,14.11,14.03,0.35
40.49,14.11,14.03,0.35
40.49,14.11,14.03,0.35
40.49,14.11,14.03,0.35
40.5,14.11,14.03,0.35
40.5,14.11,14.03,0.35
40.51,14.11,14.03,0.35
40.51,14.11,14.03,0.35
40.52,14.11,14.03,0.35
40.52,14.11,14.03,0.35
40.53,14.11,14.03,0.35
40.53,14.11,14.03,0.35
40.53,14.11,14.03,0.35
40.54,14.11,14.03,0.35
40.54,14.11,14.03,0.35
40.55,14.11,14.03,0.35
40.55,14.11,14.03,0.35
40.56,14.11,14.03,0.35
40.56,14.11,14.03,0.35
40.57,14.11,14.03,0.35
40.57,14.11,14.03,0.35
40.58,14.11,14.03,0.35
40.58,14.11,14.03,0.35
40.58,14.11,14.03,0.35
40.59,14.11,14.03,0.35
40.59,14.11,14.03,0.35
40.6,14.11,14.03,0.35
40.6,14.11,14.03,0.35
40.61,14.11,14.03,0.35
40.61,14.11,14.03,0.35
40.62,14.11,14.03,0.35
40.62,14.11,14.03,0.35
40.62,14.11,14.03,0.35
40.63,14.11,14.03,0.35
40.63,14.11,14.03,0.35
40.64,14.11,14.03,0.35
40.64,14.11,14.03,0.35
40.65,14.11,14.03,0.35
40.65,14.11,14.03,0.35
40.66,14.11,14.03,0.35
40.66,14.11,14.03,0.35
40.67,14.11,14.03,0.35
40.67,14.11,14.03,0.35
40.67,14.11,14.02,0.35
40.68,14.11,14.02,0.35
40.68,14.11,14.02,0.35
40.69,14.11,14.02,0.35
40.69,14.11,14.02,0.35
40.7,14.11,14.02,0.35
40.7,14.11,14.02,0.35
40.71,14.11,14.02,0.35
40.71,14.11,14.02,0.35
40.71,14.11,14.02,0.35
40.72,14.11,14.02,0.35
40.72,14.11,14.02,0.35
40.73,14.11,14.02,0.35
40.73,14.11,14.02,0.35
40.74,14.11,14.02,0.35
40.74,14.11,14.02,0.35
40.75,14.11,14.02,0.35
40.75,14.11,14.02,0.35
40.76,14.11,14.02,0.35
40.76,14.11,14.02,0.35
40.76,14.11,14.02,0.35
40.77,14.11,14.02,0.35
40.77,14.11,14.02,0.35
40.78,14.11,14.02,0.35
40.78,14.11,14.02,0.35
40.79,14.11,14.02,0.35
40.79,14.11,14.02,0.35
40.8,14.11,14.02,0.35
40.8,14.11,14.02,0.35
40.8,14.11,14.02,0.35
40.81,14.11,14.02,0.35
40.81,14.11,14.02,0.35
40.82,14.11,14.02,0.35
40.82,14.11,14.02,0.35
40.83,14.11,14.02,0.35
40.83,14.11,14.02,0.35
40.84,14.11,14.02,0.35
40.84,14.11,14.02,0.35
40.85,14.11,14.02,0.35
40.85,14.11,14.02,0.35
40.85,14.11,14.02,0.35
40.86,14.11,14.02,0.35
40.86,14.11,14.02,0.35
40.87,14.11,14.02,0.35
40.87,14.11,14.02,0.35
40.88,14.11,14.02,0.35
40.88,14.11,14.02,0.35
40.89,14.11,14.02,0.35
40.89,14.11,14.02,0.35
40.89,14.11,14.02,0.35
40.9,14.11,14.02,0.35
40.9,14.11,14.02,0.35
40.91,14.11,14.02,0.35
40.91,14.11,14.02,0.35
40.92,14.11,14.02,0.35
40.92,14.11,14.02,0.35
40.93,14.11,14.02,0.35
40.93,14.11,14.02,0.35
40.93,14.11,14.02,0.35
40.94,14.11,14.02,0.35
40.94,14.11,14.02,0.35
40.95,14.11,14.02,0.35
40.95,14.11,14.02,0.35
40.96,14.11,14.02,0.35
40.96,14.11,14.02,0.35
40.97,14.11,14.02,0.35
40.97,14.11,14.02,0.35
40.97,14.11,14.02,0.35
40.98,14.11,14.02,0.35
40.98,14.11,14.02,0.35
40.99,14.11,14.02,0.35
40.99,14.11,14.02,0.35
41.0,14.11,14.02,0.35
41.0,14.11,14.02,0.35
41.01,14.11,14.02,0.35
41.01,14.11,14.02,0.35
41.02,14.11,14.02,0.35
41.02,14.11,14.02,0.35
41.02,14.11,14.02,0.35
41.03,14.11,14.02,0.35
41.03,14.11,14.01,0.35
41.04,14.11,14.01,0.35
41.04,14.11,14.01,0.35
41.05,14.11,14.01,0.35
41.05,14.11,14.01,0.35
41.06,14.11,14.01,0.35
41.06,14.11,14.01,0.35
41.06,14.11,14.01,0.35
41.07,14.11,14.01,0.35
41.07,14.11,14.01,0.35
41.08,14.11,14.01,0.35
41.08,14.11,14.01,0.35
41.09,14.11,14.01,0.35
41.09,14.11,14.01,0.35
41.1,14.11,14.01,0.35
41.1,14.11,14.01,0.35
41.11,14.11,14.01,0.35
41.11,14.11,14.01,0.35
41.11,14.11,14.01,0.35
41.12,14.11,14.01,0.35
41.12,14.11,14.01,0.35
41.13,14.11,14.01,0.35
41.13,14.11,14.01,0.35
41.14,14.11,14.01,0.35
41.14,14.11,14.01,0.35
41.15,14.11,14.01,0.35
41.15,14.11,14.01,0.35
41.16,14.11,14.01,0.35
41.16,14.11,14.01,0.35
41.16,14.11,14.01,0.35
41.17,14.11,14.01,0.35
41.17,14.11,14.01,0.35
41.18,14.11,14.01,0.35
41.18,14.11,14.01,0.35
41.19,14.11,14.01,0.35
41.19,14.11,14.01,0.35
41.2,14.11,14.01,0.35
41.2,14.11,14.01,0.35
41.2,14.11,14.01,0.35
41.21,14.11,14.01,0.35
41.21,14.11,14.01,0.35
41.22,14.11,14.01,0.35
41.22,14.11,14.01,0.35
41.23,14.11,14.01,0.35
41.23,14.11,14.01,0.35
41.24,14.11,14.01,0.35
41.24,14.11,14.01,0.35
41.25,14.11,14.01,0.35
41.25,14.11,14.01,0.35
41.25,14.11,14.01,0.35
41.26,14.11,14.01,0.35
41.26,14.11,14.01,0.35
41.27,14.11,14.01,0.35
41.27,14.11,14.01,0.35
41.28,14.11,14.01,0.35
41.28,14.11,14.01,0.35
41.29,14.11,14.01,0.35
41.29,14.11,14.01,0.35
41.29,14.11,14.01,0.35
41.3,14.11,14.01,0.35
41.3,14.11,14.01,0.35
41.31,14.11,14.01,0.35
41.31,14.11,14.01,0.35
41.32,14.11,14.01,0.35
41.32,14.11,14.01,0.35
41.33,14.11,14.01,0.35
41.33,14.11,14.01,0.35
41.33,14.11,14.01,0.35
41.34,14.11,14.01,0.35
41.34,14.11,14.01,0.35
41.35,14.11,14.01,0.35
41.35,14.11,14.01,0.35
41.36,14.11,14.01,0.35
41.36,14.11,14.01,0.35
41.37,14.11,14.01,0.35
41.37,14.11,14.01,0.35
41.38,14.11,14.01,0.35
41.38,14.11,14.01,0.35
41.38,14.11,14.01,0.35
41.39,14.11,14.01,0.35
41.39,14.11,14.0,0.35
41.4,14.11,14.0,0.35
41.4,14.11,14.0,0.35
41.41,14.11,14.0,0.35
41.41,14.11,14.0,0.35
41.42,14.11,14.0,0.35
41.42,14.11,14.0,0.35
41.42,14.11,14.0,0.35
41.43,14.11,14.0,0.35
41.43,14.11,14.0,0.35
41.44,14.11,14.0,0.35
41.44,14.11,14.0,0.35
41.45,14.11,14.0,0.35
41.45,14.11,14.0,0.35
41.46,14.11,14.0,0.35
41.46,14.11,14.0,0.35
41.46,14.11,14.0,0.35
41.47,14.11,14.0,0.35
41.47,14.11,14.0,0.35
41.48,14.11,14.0,0.35
41.48,14.11,14.0,0.35
41.49,14.11,14.0,0.35
41.49,14.11,14.0,0.35
41.5,14.11,14.0,0.35
41.5,14.11,14.0,0.35
41.51,14.11,14.0,0.35
41.51,14.11,14.0,0.35
41.51,14.11,14.0,0.35
41.52,14.11,14.0,0.35
41.52,14.11,14.0,0.35
41.53,14.11,14.0,0.35
41.53,14.11,14.0,0.35
41.54,14.11,14.0,0.35
41.54,14.11,14.0,0.35
41.55,14.11,14.0,0.35
41.55,14.11,14.0,0.35
41.56,14.11,14.0,0.35
41.56,14.11,14.0,0.35
41.56,14.11,14.0,0.35
41.57,14.11,14.0,0.35
41.57,14.11,14.0,0.35
41.58,14.11,14.0,0.35
41.58,14.11,14.0,0.35
41.59,14.11,14.0,0.35
41.59,14.11,14.0,0.35
41.6,14.11,14.0,0.35
41.6,14.11,14.0,0.35
41.6,14.11,14.0,0.35
41.61,14.11,14.0,0.35
41.61,14.11,14.0,0.35
41.62,14.11,14.0,0.35
41.62,14.11,14.0,0.35
41.63,14.11,14.0,0.35
41.63,14.11,14.0,0.35
41.64,14.11,14.0,0.35
41.64,14.11,14.0,0.35
41.65,14.11,14.0,0.35
41.65,14.11,14.0,0.35
41.65,14.11,14.0,0.35
41.66,14.11,14.0,0.35
41.66,14.11,14.0,0.35
41.67,14.11,14.0,0.35
41.67,14.11,14.0,0.35
41.68,14.11,14.0,0.35
41.68,14.11,14.0,0.35
41.69,14.11,14.0,0.35
41.69,14.11,14.0,0.35
41.69,14.11,14.0,0.35
41.7,14.11,14.0,0.35
41.7,14.11,14.0,0.35
41.71,14.11,14.0,0.35
41.71,14.11,14.0,0.35
41.72,14.11,14.0,0.35
41.72,14.11,14.0,0.35
41.73,14.11,14.0,0.35
41.73,14.11,14.0,0.35
41.73,14.11,14.0,0.35
41.74,14.11,14.0,0.35
41.74,14.11,14.0,0.35
41.75,14.11,14.0,0.35
41.75,14.11,13.99,0.35
41.76,14.11,13.99,0.35
41.76,14.11,13.99,0.35
41.77,14.11,13.99,0.35
41.77,14.11,13.99,0.35
41.78,14.11,13.99,0.35
41.78,14.11,13.99,0.35
41.78,14.11,13.99,0.35
41.79,14.11,13.99,0.35
41.79,14.11,13.99,0.35
41.8,14.11,13.99,0.35
41.8,14.11,13.99,0.35
41.81,14.11,13.99,0.35
41.81,14.11,13.99,0.35
41.82,14.11,13.99,0.35
41.82,14.11,13.99,0.35
41.82,14.11,13.99,0.35
41.83,14.11,13.99,0.35
41.83,14.11,13.99,0.35
41.84,14.11,13.99,0.35
41.84,14.11,13.99,0.35
41.85,14.11,13.99,0.35
41.85,14.11,13.99,0.35
41.86,14.11,13.99,0.35
41.86,14.11,13.99,0.35
41.87,14.11,13.99,0.35
41.87,14.11,13.99,0.35
41.87,14.11,13.99,0.35
41.88,14.11,13.99,0.35
41.88,14.11,13.99,0.35
41.89,14.11,13.99,0.35
41.89,14.11,13.99,0.35
41.9,14.11,13.99,0.35
41.9,14.11,13.99,0.35
41.91,14.11,13.99,0.35
41.91,14.11,13.99,0.35
41.91,14.11,13.99,0.35
41.92,14.11,13.99,0.35
41.92,14.11,13.99,0.35
41.93,14.11,13.99,0.35
41.93,14.11,13.99,0.35
41.94,14.11,13.99,0.35
41.94,14.11,13.99,0.35
41.95,14.11,13.99,0.35
41.95,14.11,13.99,0.35
41.95,14.11,13.99,0.35
41.96,14.11,13.99,0.35
41.96,14.11,13.99,0.35
41.97,14.11,13.99,0.35
41.97,14.11,13.99,0.35
41.98,14.11,13.99,0.35
41.98,14.11,13.99,0.35
41.99,14.11,13.99,0.35
41.99,14.11,13.99,0.35
42.0,14.11,13.99,0.35
42.0,14.11,13.99,0.35
42.0,14.11,13.99,0.35
42.01,14.11,13.99,0.35
42.01,14.11,13.99,0.35
42.02,14.11,13.99,0.35
42.02,14.11,13.99,0.35
42.03,14.11,13.99,0.35
42.03,14.11,13.99,0.35
42.04,14.11,13.99,0.35
42.04,14.11,13.99,0.35
42.04,14.11,13.99,0.35
42.05,14.11,13.99,0.35
42.05,14.11,13.99,0.35
42.06,14.11,13.99,0.35
42.06,14.11,13.99,0.35
42.07,14.11,13.99,0.35
42.07,14.11,13.99,0.35
42.08,14.11,13.99,0.35
42.08,14.11,13.99,0.35
42.09,14.11,13.99,0.35
42.09,14.11,13.99,0.35
42.09,14.11,13.99,0.35
42.1,14.11,13.99,0.35
42.1,14.11,13.99,0.35
42.11,14.11,13.99,0.35
42.11,14.11,13.98,0.35
42.12,14.11,13.98,0.35
42.12,14.11,13.98,0.35
42.13,14.11,13.98,0.35
42.13,14.11,13.98,0.35
42.13,14.11,13.98,0.35
42.14,14.11,13.98,0.35
42.14,14.11,13.98,0.35
42.15,14.11,13.98,0.35
42.15,14.11,13.98,0.35
42.16,14.11,13.98,0.35
42.16,14.11,13.98,0.35
42.17,14.11,13.98,0.35
42.17,14.11,13.98,0.35
42.17,14.11,13.98,0.35
42.18,14.11,13.98,0.35
42.18,14.11,13.98,0.35
42.19,14.11,13.98,0.35
42.19,14.11,13.98,0.35
42.2,14.11,13.98,0.35
42.2,14.11,13.98,0.35
42.21,14.11,13.98,0.35
42.21,14.11,13.98,0.35
42.22,14.11,13.98,0.35
42.22,14.11,13.98,0.35
42.22,14.11,13.98,0.35
42.23,14.11,13.98,0.35
42.23,14.11,13.98,0.35
42.24,14.11,13.98,0.35
42.24,14.11,13.98,0.35
42.25,14.11,13.98,0.35
42.25,14.11,13.98,0.35
42.26,14.11,13.98,0.35
42.26,14.11,13.98,0.35
42.27,14.11,13.98,0.35
42.27,14.11,13.98,0.35
42.27,14.11,13.98,0.35
42.28,14.11,13.98,0.35
42.28,14.11,13.98,0.35
42.29,14.11,13.98,0.35
42.29,14.11,13.98,0.35
42.3,14.11,13.98,0.35
42.3,14.11,13.98,0.35
42.31,14.11,13.98,0.35
42.31,14.11,13.98,0.35
42.31,14.11,13.98,0.35
42.32,14.11,13.98,0.35
42.32,14.11,13.98,0.35
42.33,14.11,13.98,0.35
42.33,14.11,13.98,0.35
42.34,14.11,13.98,0.35
42.34,14.11,13.98,0.35
42.35,14.11,13.98,0.35
42.35,14.11,13.98,0.35
42.35,14.11,13.98,0.35
42.36,14.11,13.98,0.35
42.36,14.11,13.98,0.35
42.37,14.11,13.98,0.35
42.37,14.11,13.98,0.35
42.38,14.11,13.98,0.35
42.38,14.11,13.98,0.35
42.39,14.11,13.98,0.35
42.39,14.11,13.98,0.35
42.4,14.11,13.98,0.35
42.4,14.11,13.98,0.35
42.4,14.11,13.98,0.35
42.41,14.11,13.98,0.35
42.41,14.11,13.98,0.35
42.42,14.11,13.98,0.35
42.42,14.11,13.98,0.35
42.43,14.11,13.98,0.35
42.43,14.11,13.98,0.35
42.44,14.11,13.98,0.35
42.44,14.11,13.98,0.35
42.44,14.11,13.98,0.35
42.45,14.11,13.98,0.35
42.45,14.11,13.98,0.35
42.46,14.11,13.98,0.35
42.46,14.11,13.98,0.35
42.47,14.11,13.98,0.35
42.47,14.11,13.97,0.35
42.48,14.11,13.97,0.35
42.48,14.11,13.97,0.35
42.49,14.11,13.97,0.35
42.49,14.11,13.97,0.35
42.49,14.11,13.97,0.35
42.5,14.11,13.97,0.35
42.5,14.11,13.97,0.35
42.51,14.11,13.97,0.35
42.51,14.11,13.97,0.35
42.52,14.11,13.97,0.35
42.52,14.11,13.97,0.35
42.53,14.11,13.97,0.35
42.53,14.11,13.97,0.35
42.53,14.11,13.97,0.35
42.54,14.11,13.97,0.35
42.54,14.11,13.97,0.35
42.55,14.11,13.97,0.35
42.55,14.11,13.97,0.35
42.56,14.11,13.97,0.35
42.56,14.11,13.97,0.35
42.57,14.11,13.97,0.35
42.57,14.11,13.97,0.35
42.57,14.11,13.97,0.35
42.58,14.11,13.97,0.35
42.58,14.11,13.97,0.35
42.59,14.11,13.97,0.35
42.59,14.11,13.97,0.35
42.6,14.11,13.97,0.35
42.6,14.11,13.97,0.35
42.61,14.11,13.97,0.35
42.61,14.11,13.97,0.35
42.62,14.11,13.97,0.35
42.62,14.11,13.97,0.35
42.62,14.11,13.97,0.35
42.63,14.11,13.97,0.35
42.63,14.11,13.97,0.35
42.64,14.11,13.97,0.35
42.64,14.11,13.97,0.35
42.65,14.11,13.97,0.35
42.65,14.11,13.97,0.35
42.66,14.11,13.97,0.35
42.66,14.11,13.97,0.35
42.66,14.11,13.97,0.35
42.67,14.11,13.97,0.35
42.67,14.11,13.97,0.35
42.68,14.11,13.97,0.35
42.68,14.11,13.97,0.35
42.69,14.11,13.97,0.35
42.69,14.11,13.97,0.35
42.7,14.11,13.97,0.35
42.7,14.11,13.97,0.35
42.7,14.11,13.97,0.35
42.71,14.11,13.97,0.35
42.71,14.11,13.97,0.35
42.72,14.11,13.97,0.35
42.72,14.11,13.97,0.35
42.73,14.11,13.97,0.35
42.73,14.11,13.97,0.35
42.74,14.11,13.97,0.35
42.74,14.11,13.97,0.35
42.75,14.11,13.97,0.35
42.75,14.11,13.97,0.35
42.75,14.11,13.97,0.35
42.76,14.11,13.97,0.35
42.76,14.11,13.97,0.35
42.77,14.11,13.97,0.35
42.77,14.11,13.97,0.35
42.78,14.11,13.97,0.35
42.78,14.11,13.97,0.35
42.79,14.11,13.97,0.35
42.79,14.11,13.97,0.35
42.79,14.11,13.97,0.35
42.8,14.11,13.97,0.35
42.8,14.11,13.97,0.35
42.81,14.11,13.97,0.35
42.81,14.11,13.97,0.35
42.82,14.11,13.97,0.35
42.82,14.11,13.97,0.35
42.83,14.11,13.97,0.35
42.83,14.11,13.96,0.35
42.84,14.11,13.96,0.35
42.84,14.11,13.96,0.35
42.84,14.11,13.96,0.35
42.85,14.11,13.96,0.35
42.85,14.11,13.96,0.35
42.86,14.11,13.96,0.35
42.86,14.11,13.96,0.35
42.87,14.11,13.96,0.35
42.87,14.11,13.96,0.35
42.88,14.11,13.96,0.35
42.88,14.11,13.96,0.35
42.88,14.11,13.96,0.35
42.89,14.11,13.96,0.35
42.89,14.11,13.96,0.35
42.9,14.11,13.96,0.35
42.9,14.11,13.96,0.35
42.91,14.11,13.96,0.35
42.91,14.11,13.96,0.35
42.92,14.11,13.96,0.35
42.92,14.11,13.96,0.35
42.92,14.11,13.96,0.35
42.93,14.11,13.96,0.35
42.93,14.11,13.96,0.35
42.94,14.11,13.96,0.35
42.94,14.11,13.96,0.35
42.95,14.11,13.96,0.35
42.95,14.11,13.96,0.35
42.96,14.11,13.96,0.35
42.96,14.11,13.96,0.35
42.97,14.11,13.96,0.35
42.97,14.11,13.96,0.35
42.97,14.11,13.96,0.35
42.98,14.11,13.96,0.35
42.98,14.11,13.96,0.35
42.99,14.11,13.96,0.35
42.99,14.11,13.96,0.35
43.0,14.11,13.96,0.35
43.0,14.11,13.96,0.35
43.01,14.11,13.96,0.35
43.01,14.11,13.96,0.35
43.01,14.11,13.96,0.35
43.02,14.11,13.96,0.35
43.02,14.11,13.96,0.35
43.03,14.11,13.96,0.35
43.03,14.11,13.96,0.35
43.04,14.11,13.96,0.35
43.04,14.11,13.96,0.35
43.05,14.11,13.96,0.35
43.05,14.11,13.96,0.35
43.06,14.11,13.96,0.35
43.06,14.11,13.96,0.35
43.06,14.11,13.96,0.35
43.07,14.11,13.96,0.35
43.07,14.11,13.96,0.35
43.08,14.11,13.96,0.35
43.08,14.11,13.96,0.35
43.09,14.11,13.96,0.35
43.09,14.11,13.96,0.35
43.1,14.11,13.96,0.35
43.1,14.11,13.96,0.35
43.11,14.11,13.96,0.35
43.11,14.11,13.96,0.35
43.11,14.11,13.96,0.35
43.12,14.11,13.96,0.35
43.12,14.11,13.96,0.35
43.13,14.11,13.96,0.35
43.13,14.11,13.96,0.35
43.14,14.11,13.96,0.35
43.14,14.11,13.96,0.35
43.15,14.11,13.96,0.35
43.15,14.11,13.96,0.35
43.16,14.11,13.96,0.35
43.16,14.11,13.96,0.35
43.17,14.11,13.96,0.35
43.17,14.11,13.96,0.35
43.18,14.11,13.96,0.35
43.18,14.11,13.96,0.35
43.19,14.11,13.96,0.35
43.19,14.11,13.96,0.35
43.2,14.11,13.95,0.35
43.2,14.11,13.95,0.35
43.2,14.11,13.95,0.35
43.21,14.11,13.95,0.35
43.22,14.11,13.95,0.35
43.22,14.11,13.95,0.35
43.23,14.11,13.95,0.35
43.23,14.11,13.95,0.35
43.24,14.11,13.95,0.35
43.24,14.11,13.95,0.35
43.24,14.11,13.95,0.35
43.25,14.11,13.95,0.35
43.26,14.11,13.95,0.35
43.26,14.11,13.95,0.35
43.27,14.11,13.95,0.35
43.27,14.11,13.95,0.35
43.28,14.11,13.95,0.35
43.28,14.11,13.95,0.35
43.29,14.11,13.95,0.35
43.29,14.11,13.95,0.35
43.3,14.11,13.95,0.35
43.3,14.11,13.95,0.35
43.31,14.11,13.95,0.35
43.31,14.11,13.95,0.35
43.32,14.11,13.95,0.35
43.32,14.11,13.95,0.35
43.33,14.11,13.95,0.35
43.33,14.11,13.95,0.35
43.34,14.11,13.95,0.35
43.34,14.11,13.95,0.35
43.35,14.11,13.95,0.35
43.35,14.11,13.95,0.35
43.36,14.11,13.95,0.35
43.36,14.11,13.95,0.35
43.37,14.11,13.95,0.35
43.37,14.11,13.95,0.35
43.38,14.11,13.95,0.35
43.38,14.11,13.95,0.35
43.39,14.11,13.95,0.35
43.39,14.11,13.95,0.35
43.4,14.11,13.95,0.35
43.4,14.11,13.95,0.35
43.41,14.11,13.95,0.35
43.41,14.11,13.95,0.35
43.42,14.11,13.95,0.35
43.43,14.11,13.95,0.35
43.43,14.11,13.95,0.35
43.44,14.11,13.95,0.35
43.44,14.11,13.95,0.35
43.45,14.11,13.95,0.35
43.46,14.11,13.95,0.35
43.46,14.11,13.95,0.35
43.47,14.11,13.95,0.35
43.47,14.11,13.95,0.35
43.48,14.11,13.95,0.35
43.48,14.11,13.95,0.35
43.49,14.11,13.95,0.35
43.49,14.11,13.95,0.35
43.5,14.11,13.95,0.35
43.5,14.11,13.95,0.35
43.51,14.11,13.95,0.35
43.52,14.11,13.95,0.35
43.52,14.11,13.95,0.35
43.53,14.11,13.95,0.35
43.53,14.11,13.95,0.35
43.54,14.11,13.95,0.35
43.54,14.11,13.95,0.35
43.55,14.11,13.95,0.35
43.55,14.11,13.95,0.35
43.56,14.11,13.95,0.35
43.56,14.11,13.95,0.35
43.57,14.11,13.95,0.35
43.57,14.11,13.95,0.35
43.58,14.11,13.95,0.35
43.58,14.11,13.95,0.35
43.59,14.11,13.95,0.35
43.6,14.11,13.95,0.35
43.6,14.11,13.95,0.35
43.61,14.11,13.95,0.35
43.62,14.11,13.95,0.35
43.62,14.11,13.94,0.35
43.63,14.11,13.94,0.35
43.63,14.11,13.94,0.35
43.64,14.11,13.94,0.35
43.64,14.11,13.94,0.35
43.65,14.11,13.94,0.35
43.65,14.11,13.94,0.35
43.66,14.11,13.94,0.35
43.67,14.11,13.94,0.35
43.67,14.11,13.94,0.35
43.68,14.11,13.94,0.35
43.68,14.11,13.94,0.35
43.69,14.11,13.94,0.35
43.7,14.11,13.94,0.35
43.7,14.11,13.94,0.35
43.71,14.11,13.94,0.35
43.71,14.11,13.94,0.35
43.72,14.11,13.94,0.35
43.73,14.11,13.94,0.35
43.74,14.11,13.94,0.35
43.75,14.11,13.94,0.35
43.76,14.11,13.94,0.35
43.76,14.11,13.94,0.35
43.77,14.11,13.94,0.35
43.78,14.11,13.94,0.35
43.78,14.11,13.94,0.35
43.79,14.11,13.94,0.35
43.79,14.11,13.94,0.35
43.8,14.11,13.94,0.35
43.8,14.11,13.94,0.35
43.81,14.11,13.94,0.35
43.82,14.11,13.94,0.35
43.82,14.11,13.94,0.35
43.83,14.11,13.94,0.35
43.83,14.11,13.94,0.35
43.84,14.11,13.94,0.35
43.84,14.11,13.94,0.35
43.85,14.11,13.94,0.35
43.86,14.11,13.94,0.35
43.86,14.11,13.94,0.35
43.87,14.11,13.94,0.35
43.87,14.11,13.94,0.35
43.88,14.11,13.94,0.35
43.88,14.11,13.94,0.35
43.89,14.11,13.94,0.35
43.9,14.11,13.94,0.35
43.9,14.11,13.94,0.35
43.91,14.11,13.94,0.35
43.91,14.11,13.94,0.35
43.92,14.11,13.94,0.35
43.93,14.11,13.94,0.35
43.93,14.11,13.94,0.35
43.94,14.11,13.94,0.35
43.95,14.11,13.94,0.35
43.96,14.11,13.94,0.35
43.96,14.11,13.94,0.35
43.97,14.11,13.94,0.35
43.97,14.11,13.94,0.35
43.98,14.11,13.94,0.35
43.99,14.11,13.94,0.35
43.99,14.11,13.94,0.35
44.0,14.11,13.94,0.35
44.0,14.11,13.94,0.35
44.01,14.11,13.94,0.35
44.02,14.11,13.94,0.35
44.02,14.11,13.94,0.35
44.03,14.11,13.94,0.35
44.04,14.11,13.94,0.35
44.04,14.11,13.94,0.35
44.05,14.11,13.94,0.35
44.06,14.11,13.94,0.35
44.06,14.11,13.94,0.35
44.07,14.11,13.94,0.35
44.08,14.11,13.94,0.35
44.09,14.11,13.94,0.35
44.09,14.11,13.94,0.35
44.1,14.11,13.94,0.35
44.11,14.11,13.94,0.35
44.11,14.11,13.94,0.35
44.12,14.11,13.94,0.35
44.13,14.11,13.93,0.35
44.13,14.11,13.93,0.35
44.14,14.11,13.93,0.35
44.15,14.11,13.93,0.35
44.21,14.11,13.93,0.35
44.22,14.11,13.93,0.35
44.22,14.11,13.93,0.35
44.23,14.11,13.93,0.35
44.23,14.11,13.93,0.35
44.24,14.11,13.93,0.35
44.24,14.11,13.93,0.35
44.25,14.11,13.93,0.35
44.25,14.11,13.93,0.35
44.26,14.11,13.93,0.35
44.26,14.11,13.93,0.35
44.27,14.11,13.93,0.35
44.28,14.11,13.93,0.35
44.28,14.11,13.93,0.35
44.29,14.11,13.93,0.35
44.29,14.11,13.93,0.35
44.3,14.11,13.93,0.35
44.3,14.11,13.93,0.35
44.31,14.11,13.93,0.35
44.31,14.11,13.93,0.35
44.32,14.11,13.93,0.35
44.32,14.11,13.93,0.35
44.33,14.11,13.93,0.35
44.33,14.11,13.93,0.35
44.34,14.11,13.93,0.35
44.34,14.11,13.93,0.35
44.35,14.11,13.93,0.35
44.35,14.11,13.93,0.35
44.36,14.11,13.93,0.35
44.36,14.11,13.93,0.35
44.37,14.11,13.93,0.35
44.37,14.11,13.93,0.35
44.38,14.11,13.93,0.35
44.38,14.11,13.93,0.35
44.39,14.11,13.93,0.35
44.39,14.11,13.93,0.35
44.4,14.11,13.93,0.35
44.4,14.11,13.93,0.35
44.41,14.11,13.93,0.35
44.41,14.11,13.93,0.35
44.42,14.11,13.93,0.35
44.42,14.11,13.93,0.35
44.43,14.11,13.93,0.35
44.43,14.11,13.93,0.35
44.44,14.11,13.93,0.35
44.44,14.11,13.93,0.35
44.45,14.11,13.93,0.35
44.45,14.11,13.93,0.35
44.46,14.11,13.93,0.35
44.46,14.11,13.93,0.35
44.47,14.11,13.93,0.35
44.47,14.11,13.93,0.35
44.48,14.11,13.93,0.35
44.48,14.11,13.93,0.35
44.49,14.11,13.93,0.35
44.49,14.11,13.93,0.35
44.5,14.11,13.93,0.35
44.5,14.11,13.93,0.35
44.51,14.11,13.93,0.35
44.51,14.11,13.93,0.35
44.52,14.11,13.93,0.35
44.52,14.11,13.93,0.35
44.53,14.11,13.93,0.35
44.53,14.11,13.93,0.35
44.54,14.11,13.93,0.35
44.54,14.11,13.93,0.35
44.54,14.11,13.93,0.35
44.55,14.11,13.93,0.35
44.55,14.11,13.93,0.35
44.56,14.11,13.93,0.35
44.56,14.11,13.93,0.35
44.57,14.11,13.93,0.35
44.57,14.11,13.93,0.35
44.58,14.11,13.93,0.35
44.58,14.11,13.93,0.35
44.59,14.11,13.93,0.35
44.59,14.11,13.92,0.35
44.6,14.11,13.92,0.35
44.6,14.11,13.92,0.35
44.61,14.11,13.92,0.35
44.61,14.11,13.92,0.35
44.62,14.11,13.92,0.35
44.62,14.11,13.92,0.35
44.63,14.11,13.92,0.35
44.63,14.11,13.92,0.35
44.64,14.11,13.92,0.35
44.64,14.11,13.92,0.35
44.65,14.11,13.92,0.35
44.65,14.11,13.92,0.35
44.66,14.11,13.92,0.35
44.66,14.11,13.92,0.35
44.66,14.11,13.92,0.35
44.67,14.11,13.92,0.35
44.67,14.11,13.92,0.35
44.68,14.11,13.92,0.35
44.69,14.11,13.92,0.35
44.69,14.11,13.92,0.35
44.69,14.11,13.92,0.35
44.7,14.11,13.92,0.35
44.7,14.11,13.92,0.35
44.71,14.11,13.92,0.35
44.71,14.11,13.92,0.35
44.72,14.11,13.92,0.35
44.72,14.11,13.92,0.35
44.73,14.11,13.92,0.35
44.73,14.11,13.92,0.35
44.74,14.11,13.92,0.35
44.74,14.11,13.92,0.35
44.75,14.11,13.92,0.35
44.75,14.11,13.92,0.35
44.76,14.11,13.92,0.35
44.76,14.11,13.92,0.35
44.77,14.11,13.92,0.35
44.77,14.11,13.92,0.35
44.78,14.11,13.92,0.35
44.78,14.11,13.92,0.35
44.79,14.11,13.92,0.35
44.79,14.11,13.92,0.35
44.8,14.11,13.92,0.35
44.8,14.11,13.92,0.35
44.81,14.11,13.92,0.35
44.81,14.11,13.92,0.35
44.81,14.11,13.92,0.35
44.82,14.11,13.92,0.35
44.82,14.11,13.92,0.35
44.83,14.11,13.92,0.35
44.83,14.11,13.92,0.35
44.84,14.11,13.92,0.35
44.84,14.11,13.92,0.35
44.85,14.11,13.92,0.35
44.85,14.11,13.92,0.35
44.86,14.11,13.92,0.35
44.86,14.11,13.92,0.35
44.87,14.11,13.92,0.35
44.87,14.11,13.92,0.35
44.88,14.11,13.92,0.35
44.88,14.11,13.92,0.35
44.89,14.11,13.92,0.35
44.89,14.11,13.92,0.35
44.9,14.11,13.92,0.35
44.9,14.11,13.92,0.35
44.91,14.11,13.92,0.35
44.91,14.11,13.92,0.35
44.92,14.11,13.92,0.35
44.92,14.11,13.92,0.35
44.92,14.11,13.92,0.35
44.93,14.11,13.92,0.35
44.93,14.11,13.92,0.35
44.94,14.11,13.92,0.35
44.94,14.11,13.92,0.35
44.95,14.11,13.92,0.35
44.95,14.11,13.92,0.35
44.96,14.11,13.92,0.35
44.96,14.11,13.92,0.35
44.97,14.11,13.92,0.35
44.97,14.11,13.92,0.35
44.98,14.11,13.91,0.35
44.98,14.11,13.91,0.35
44.99,14.11,13.91,0.35
44.99,14.11,13.91,0.35
45.0,14.11,13.91,0.35
45.0,14.11,13.91,0.35
45.01,14.11,13.91,0.35
45.01,14.11,13.91,0.35
45.02,14.11,13.91,0.35
45.02,14.11,13.91,0.35
45.03,14.11,13.91,0.35
45.04,14.11,13.91,0.35
45.04,14.11,13.91,0.35
45.05,14.11,13.91,0.35
45.05,14.11,13.91,0.35
45.06,14.11,13.91,0.35
45.06,14.11,13.91,0.35
45.06,14.11,13.91,0.35
45.07,14.11,13.91,0.35
45.08,14.11,13.91,0.35
45.08,14.11,13.91,0.35
45.08,14.11,13.91,0.35
45.09,14.11,13.91,0.35
45.09,14.11,13.91,0.35
45.1,14.11,13.91,0.35
45.1,14.11,13.91,0.35
45.11,14.11,13.91,0.35
45.11,14.11,13.91,0.35
45.12,14.11,13.91,0.35
45.12,14.11,13.91,0.35
45.13,14.11,13.91,0.35
45.13,14.11,13.91,0.35
45.14,14.11,13.91,0.35
45.14,14.11,13.91,0.35
45.15,14.11,13.91,0.35
45.15,14.11,13.91,0.35
45.16,14.11,13.91,0.35
45.16,14.11,13.91,0.35
45.17,14.11,13.91,0.35
45.17,14.11,13.91,0.35
45.18,14.11,13.91,0.35
45.18,14.11,13.91,0.35
45.19,14.11,13.91,0.35
45.19,14.11,13.91,0.35
45.2,14.11,13.91,0.35
45.2,14.11,13.91,0.35
45.21,14.11,13.91,0.35
45.21,14.11,13.91,0.35
45.22,14.11,13.91,0.35
45.22,14.11,13.91,0.35
45.23,14.11,13.91,0.35
45.23,14.11,13.91,0.35
45.24,14.11,13.91,0.35
45.24,14.11,13.91,0.35
45.25,14.11,13.91,0.35
45.25,14.11,13.91,0.35
45.26,14.11,13.91,0.35
45.26,14.11,13.91,0.35
45.27,14.11,13.91,0.35
45.27,14.11,13.91,0.35
45.28,14.11,13.91,0.35
45.29,14.11,13.91,0.35
45.29,14.11,13.91,0.35
45.29,14.11,13.91,0.35
45.3,14.11,13.91,0.35
45.3,14.11,13.91,0.35
45.31,14.11,13.91,0.35
45.31,14.11,13.91,0.35
45.32,14.11,13.91,0.35
45.32,14.11,13.91,0.35
45.33,14.11,13.91,0.35
45.33,14.11,13.91,0.35
45.34,14.11,13.91,0.35
45.34,14.11,13.91,0.35
45.35,14.11,13.91,0.35
45.35,14.11,13.91,0.35
45.36,14.11,13.91,0.35
45.36,14.11,13.91,0.35
45.37,14.11,13.91,0.35
45.37,14.11,13.91,0.35
45.38,14.11,13.9,0.35
45.38,14.11,13.9,0.35
45.39,14.11,13.9,0.35
45.39,14.11,13.9,0.35
45.4,14.11,13.9,0.35
45.4,14.11,13.9,0.35
45.41,14.11,13.9,0.35
45.41,14.11,13.9,0.35
45.42,14.11,13.9,0.35
45.42,14.11,13.9,0.35
45.43,14.11,13.9,0.35
45.43,14.11,13.9,0.35
45.44,14.11,13.9,0.35
45.44,14.11,13.9,0.35
45.45,14.11,13.9,0.35
45.45,14.11,13.9,0.35
45.46,14.11,13.9,0.35
45.46,14.11,13.9,0.35
45.47,14.11,13.9,0.35
45.47,14.11,13.9,0.35
45.48,14.11,13.9,0.35
45.48,14.11,13.9,0.35
45.49,14.11,13.9,0.35
45.49,14.11,13.9,0.35
45.5,14.11,13.9,0.35
45.5,14.11,13.9,0.35
45.51,14.11,13.9,0.35
45.51,14.11,13.9,0.35
45.52,14.11,13.9,0.35
45.53,14.11,13.9,0.35
45.53,14.11,13.9,0.35
45.54,14.11,13.9,0.35
45.54,14.11,13.9,0.35
45.55,14.11,13.9,0.35
45.55,14.11,13.9,0.35
45.56,14.11,13.9,0.35
45.56,14.11,13.9,0.35
45.57,14.11,13.9,0.35
45.58,14.11,13.9,0.35
45.58,14.11,13.9,0.35
45.59,14.11,13.9,0.35
45.59,14.11,13.9,0.35
45.6,14.11,13.9,0.35
45.6,14.11,13.9,0.35
45.61,14.11,13.9,0.35
45.61,14.11,13.9,0.35
45.62,14.11,13.9,0.35
45.62,14.11,13.9,0.35
45.63,14.11,13.9,0.35
45.63,14.11,13.9,0.35
45.64,14.11,13.9,0.35
45.65,14.11,13.9,0.35
45.65,14.11,13.9,0.35
45.66,14.11,13.9,0.35
45.66,14.11,13.9,0.35
45.67,14.11,13.9,0.35
45.67,14.11,13.9,0.35
45.68,14.11,13.9,0.35
45.68,14.11,13.9,0.35
45.69,14.11,13.9,0.35
45.69,14.11,13.9,0.35
45.7,14.11,13.9,0.35
45.7,14.11,13.9,0.35
45.71,14.11,13.9,0.35
45.71,14.11,13.9,0.35
45.72,14.11,13.9,0.35
45.72,14.11,13.9,0.35
45.73,14.11,13.9,0.35
45.73,14.11,13.9,0.35
45.74,14.11,13.9,0.35
45.74,14.11,13.9,0.35
45.75,14.11,13.9,0.35
45.76,14.11,13.9,0.35
45.76,14.11,13.9,0.35
45.77,14.11,13.9,0.35
45.77,14.11,13.9,0.35
45.78,14.11,13.9,0.35
45.78,14.11,13.9,0.35
45.79,14.11,13.9,0.35
45.79,14.11,13.9,0.35
45.8,14.11,13.89,0.35
45.8,14.11,13.89,0.35
45.81,14.11,13.89,0.35
45.82,14.11,13.89,0.35
45.82,14.11,13.89,0.35
45.83,14.11,13.89,0.35
45.83,14.11,13.89,0.35
45.84,14.11,13.89,0.35
45.84,14.11,13.89,0.35
45.85,14.11,13.89,0.35
45.85,14.11,13.89,0.35
45.86,14.11,13.89,0.35
45.87,14.11,13.89,0.35
45.87,14.11,13.89,0.35
45.88,14.11,13.89,0.35
45.89,14.11,13.89,0.35
45.89,14.11,13.89,0.35
45.9,14.11,13.89,0.35
45.9,14.11,13.89,0.35
45.91,14.11,13.89,0.35
45.91,14.11,13.89,0.35
45.92,14.11,13.89,0.35
45.92,14.11,13.89,0.35
45.93,14.11,13.89,0.35
45.94,14.11,13.89,0.35
45.94,14.11,13.89,0.35
45.95,14.11,13.89,0.35
45.96,14.11,13.89,0.35
45.97,14.11,13.89,0.35
45.97,14.11,13.89,0.35
45.98,14.11,13.89,0.35
45.99,14.11,13.89,0.35
45.99,14.11,13.89,0.35
46.0,14.11,13.89,0.35
46.0,14.11,13.89,0.35
46.01,14.11,13.89,0.35
46.02,14.11,13.89,0.35
46.02,14.11,13.89,0.35
46.03,14.11,13.89,0.35
46.04,14.11,13.89,0.35
46.04,14.11,13.89,0.35
46.05,14.11,13.89,0.35
46.06,14.11,13.89,0.35
46.06,14.11,13.89,0.35
46.07,14.11,13.89,0.35
46.08,14.11,13.89,0.35
46.08,14.11,13.89,0.35
46.09,14.11,13.89,0.35
46.09,14.11,13.89,0.35
46.1,14.11,13.89,0.35
46.1,14.11,13.89,0.35
46.11,14.11,13.89,0.35
46.12,14.11,13.89,0.35
46.13,14.11,13.89,0.35
46.13,14.11,13.89,0.35
46.14,14.11,13.89,0.35
46.18,14.11,13.89,0.35
46.18,14.11,13.89,0.35
46.19,14.11,13.89,0.35
46.19,14.11,13.89,0.35
46.2,14.11,13.89,0.35
46.21,14.11,13.89,0.35
46.21,14.11,13.89,0.35
46.22,14.11,13.89,0.35
46.22,14.11,13.89,0.35
46.23,14.11,13.89,0.35
46.24,14.11,13.89,0.35
46.24,14.11,13.89,0.35
46.25,14.11,13.89,0.35
46.26,14.11,13.89,0.35
46.26,14.11,13.89,0.35
46.27,14.11,13.89,0.35
46.28,14.11,13.89,0.35
46.28,14.11,13.89,0.35
46.29,14.11,13.89,0.35
46.29,14.11,13.89,0.35
46.3,14.11,13.89,0.35
46.3,14.11,13.89,0.35
46.31,14.11,13.89,0.35
46.31,14.11,13.89,0.35
46.32,14.11,13.88,0.35
46.33,14.11,13.88,0.35
46.33,14.11,13.88,0.35
46.34,14.11,13.88,0.35
46.34,14.11,13.88,0.35
46.35,14.11,13.88,0.35
46.35,14.11,13.88,0.35
46.35,14.11,13.88,0.35
46.36,14.11,13.88,0.35
46.36,14.11,13.88,0.35
46.37,14.11,13.88,0.35
46.37,14.11,13.88,0.35
46.38,14.11,13.88,0.35
46.38,14.11,13.88,0.35
46.39,14.11,13.88,0.35
46.39,14.11,13.88,0.35
46.4,14.11,13.88,0.35
46.4,14.11,13.88,0.35
46.41,14.11,13.88,0.35
46.41,14.11,13.88,0.35
46.42,14.11,13.88,0.35
46.42,14.11,13.88,0.35
46.42,14.11,13.88,0.35
46.43,14.11,13.88,0.35
46.43,14.11,13.88,0.35
46.44,14.11,13.88,0.35
46.44,14.11,13.88,0.35
46.45,14.11,13.88,0.35
46.45,14.11,13.88,0.35
46.46,14.11,13.88,0.35
46.46,14.11,13.88,0.35
46.47,14.11,13.88,0.35
46.47,14.11,13.88,0.35
46.47,14.11,13.88,0.35
46.48,14.11,13.88,0.35
46.48,14.11,13.88,0.35
46.49,14.11,13.88,0.35
46.49,14.11,13.88,0.35
46.5,14.11,13.88,0.35
46.5,14.11,13.88,0.35
46.51,14.11,13.88,0.35
46.51,14.11,13.88,0.35
46.51,14.11,13.88,0.35
46.52,14.11,13.88,0.35
46.52,14.11,13.88,0.35
46.53,14.11,13.88,0.35
46.53,14.11,13.88,0.35
46.54,14.11,13.88,0.35
46.54,14.11,13.88,0.35
46.55,14.11,13.88,0.35
46.55,14.11,13.88,0.35
46.56,14.11,13.88,0.35
46.56,14.11,13.88,0.35
46.56,14.11,13.88,0.35
46.57,14.11,13.88,0.35
46.57,14.11,13.88,0.35
46.58,14.11,13.88,0.35
46.58,14.11,13.88,0.35
46.59,14.11,13.88,0.35
46.59,14.11,13.88,0.35
46.6,14.11,13.88,0.35
46.6,14.11,13.88,0.35
46.61,14.11,13.88,0.35
46.61,14.11,13.88,0.35
46.61,14.11,13.88,0.35
46.62,14.11,13.88,0.35
46.62,14.11,13.88,0.35
46.63,14.11,13.88,0.35
46.63,14.11,13.88,0.35
46.64,14.11,13.88,0.35
46.64,14.11,13.88,0.35
46.65,14.11,13.88,0.35
46.65,14.11,13.88,0.35
46.65,14.11,13.88,0.35
46.66,14.11,13.88,0.35
46.66,14.11,13.88,0.35
46.67,14.11,13.88,0.35
46.67,14.11,13.88,0.35
46.68,14.11,13.88,0.35
46.68,14.11,13.88,0.35
46.69,14.11,13.87,0.35
46.69,14.11,13.87,0.35
46.7,14.11,13.87,0.35
46.7,14.11,13.87,0.35
46.7,14.11,13.87,0.35
46.71,14.11,13.87,0.35
46.71,14.11,13.87,0.35
46.72,14.11,13.87,0.35
46.72,14.11,13.87,0.35
46.73,14.11,13.87,0.35
46.73,14.11,13.87,0.35
46.74,14.11,13.87,0.35
46.74,14.11,13.87,0.35
46.74,14.11,13.87,0.35
46.75,14.11,13.87,0.35
46.75,14.11,13.87,0.35
46.76,14.11,13.87,0.35
46.76,14.11,13.87,0.35
46.77,14.11,13.87,0.35
46.77,14.11,13.87,0.35
46.78,14.11,13.87,0.35
46.78,14.11,13.87,0.35
46.78,14.11,13.87,0.35
46.79,14.11,13.87,0.35
46.79,14.11,13.87,0.35
46.8,14.11,13.87,0.35
46.8,14.11,13.87,0.35
46.81,14.11,13.87,0.35
46.81,14.11,13.87,0.35
46.82,14.11,13.87,0.35
46.82,14.11,13.87,0.35
46.83,14.11,13.87,0.35
46.83,14.11,13.87,0.35
46.83,14.11,13.87,0.35
46.84,14.11,13.87,0.35
46.84,14.11,13.87,0.35
46.85,14.11,13.87,0.35
46.85,14.11,13.87,0.35
46.86,14.11,13.87,0.35
46.86,14.11,13.87,0.35
46.87,14.11,13.87,0.35
46.87,14.11,13.87,0.35
46.87,14.11,13.87,0.35
46.88,14.11,13.87,0.35
46.88,14.11,13.87,0.35
46.89,14.11,13.87,0.35
46.89,14.11,13.87,0.35
46.9,14.11,13.87,0.35
46.9,14.11,13.87,0.35
46.91,14.11,13.87,0.35
46.91,14.11,13.87,0.35
46.92,14.11,13.87,0.35
46.92,14.11,13.87,0.35
46.92,14.11,13.87,0.35
46.93,14.11,13.87,0.35
46.93,14.11,13.87,0.35
46.94,14.11,13.87,0.35
46.94,14.11,13.87,0.35
46.95,14.11,13.87,0.35
46.95,14.11,13.87,0.35
46.96,14.11,13.87,0.35
46.96,14.11,13.87,0.35
46.96,14.11,13.87,0.35
46.97,14.11,13.87,0.35
46.97,14.11,13.87,0.35
46.98,14.11,13.87,0.35
46.98,14.11,13.87,0.35
46.99,14.11,13.87,0.35
46.99,14.11,13.87,0.35
47.0,14.11,13.87,0.35
47.0,14.11,13.87,0.35
47.0,14.11,13.87,0.35
47.01,14.11,13.87,0.35
47.01,14.11,13.87,0.35
47.02,14.11,13.87,0.35
47.02,14.11,13.87,0.35
47.03,14.11,13.87,0.35
47.03,14.11,13.87,0.35
47.04,14.11,13.87,0.35
47.04,14.11,13.87,0.35
47.05,14.11,13.86,0.35
47.05,14.11,13.86,0.35
47.05,14.11,13.86,0.35
47.06,14.11,13.86,0.35
47.06,14.11,13.86,0.35
47.07,14.11,13.86,0.35
47.07,14.11,13.86,0.35
47.08,14.11,13.86,0.35
47.08,14.11,13.86,0.35
47.09,14.11,13.86,0.35
47.09,14.11,13.86,0.35
47.09,14.11,13.86,0.35
47.1,14.11,13.86,0.35
47.1,14.11,13.86,0.35
47.11,14.11,13.86,0.35
47.11,14.11,13.86,0.35
47.12,14.11,13.86,0.35
47.12,14.11,13.86,0.35
47.13,14.11,13.86,0.35
47.13,14.11,13.86,0.35
47.13,14.11,13.86,0.35
47.14,14.11,13.86,0.35
47.14,14.11,13.86,0.35
47.15,14.11,13.86,0.35
47.15,14.11,13.86,0.35
47.16,14.11,13.86,0.35
47.16,14.11,13.86,0.35
47.17,14.11,13.86,0.35
47.17,14.11,13.86,0.35
47.18,14.11,13.86,0.35
47.18,14.11,13.86,0.35
47.18,14.11,13.86,0.35
47.19,14.11,13.86,0.35
47.19,14.11,13.86,0.35
47.2,14.11,13.86,0.35
47.2,14.11,13.86,0.35
47.21,14.11,13.86,0.35
47.21,14.11,13.86,0.35
47.22,14.11,13.86,0.35
47.22,14.11,13.86,0.35
47.22,14.11,13.86,0.35
47.23,14.11,13.86,0.35
47.23,14.11,13.86,0.35
47.24,14.11,13.86,0.35
47.24,14.11,13.86,0.35
47.25,14.11,13.86,0.35
47.25,14.11,13.86,0.35
47.26,14.11,13.86,0.35
47.26,14.11,13.86,0.35
47.27,14.11,13.86,0.35
47.27,14.11,13.86,0.35
47.27,14.11,13.86,0.35
47.28,14.11,13.86,0.35
47.28,14.11,13.86,0.35
47.29,14.11,13.86,0.35
47.29,14.11,13.86,0.35
47.3,14.11,13.86,0.35
47.3,14.11,13.86,0.35
47.31,14.11,13.86,0.35
47.31,14.11,13.86,0.35
47.32,14.11,13.86,0.35
47.32,14.11,13.86,0.35
47.32,14.11,13.86,0.35
47.33,14.11,13.86,0.35
47.33,14.11,13.86,0.35
47.34,14.11,13.86,0.35
47.34,14.11,13.86,0.35
47.35,14.11,13.86,0.35
47.35,14.11,13.86,0.35
47.36,14.11,13.86,0.35
47.36,14.11,13.86,0.35
47.36,14.11,13.86,0.35
47.37,14.11,13.86,0.35
47.37,14.11,13.86,0.35
47.38,14.11,13.86,0.35
47.38,14.11,13.86,0.35
47.39,14.11,13.86,0.35
47.39,14.11,13.86,0.35
47.4,14.11,13.86,0.35
47.4,14.11,13.86,0.35
47.4,14.11,13.85,0.35
47.41,14.11,13.85,0.35
47.41,14.11,13.85,0.35
47.42,14.11,13.85,0.35
47.42,14.11,13.85,0.35
47.43,14.11,13.85,0.35
47.43,14.11,13.85,0.35
47.44,14.11,13.85,0.35
47.44,14.11,13.85,0.35
47.45,14.11,13.85,0.35
47.45,14.11,13.85,0.35
47.45,14.11,13.85,0.35
47.46,14.11,13.85,0.35
47.46,14.11,13.85,0.35
47.47,14.11,13.85,0.35
47.47,14.11,13.85,0.35
47.48,14.11,13.85,0.35
47.48,14.11,13.85,0.35
47.49,14.11,13.85,0.35
47.49,14.11,13.85,0.35
47.49,14.11,13.85,0.35
47.5,14.11,13.85,0.35
47.5,14.11,13.85,0.35
47.51,14.11,13.85,0.35
47.51,14.11,13.85,0.35
47.52,14.11,13.85,0.35
47.52,14.11,13.85,0.35
47.53,14.11,13.85,0.35
47.53,14.11,13.85,0.35
47.53,14.11,13.85,0.35
47.54,14.11,13.85,0.35
47.54,14.11,13.85,0.35
47.55,14.11,13.85,0.35
47.55,14.11,13.85,0.35
47.56,14.11,13.85,0.35
47.56,14.11,13.85,0.35
47.57,14.11,13.85,0.35
47.57,14.11,13.85,0.35
47.58,14.11,13.85,0.35
47.58,14.11,13.85,0.35
47.58,14.11,13.85,0.35
47.59,14.11,13.85,0.35
47.59,14.11,13.85,0.35
47.6,14.11,13.85,0.35
47.6,14.11,13.85,0.35
47.61,14.11,13.85,0.35
47.61,14.11,13.85,0.35
47.62,14.11,13.85,0.35
47.62,14.11,13.85,0.35
47.62,14.11,13.85,0.35
47.63,14.11,13.85,0.35
47.63,14.11,13.85,0.35
47.64,14.11,13.85,0.35
47.64,14.11,13.85,0.35
47.65,14.11,13.85,0.35
47.65,14.11,13.85,0.35
47.66,14.11,13.85,0.35
47.66,14.11,13.85,0.35
47.67,14.11,13.85,0.35
47.67,14.11,13.85,0.35
47.67,14.11,13.85,0.35
47.68,14.11,13.85,0.35
47.68,14.11,13.85,0.35
47.69,14.11,13.85,0.35
47.69,14.11,13.85,0.35
47.7,14.11,13.85,0.35
47.7,14.11,13.85,0.35
47.71,14.11,13.85,0.35
47.71,14.11,13.85,0.35
47.72,14.11,13.85,0.35
47.72,14.11,13.85,0.35
47.72,14.11,13.85,0.35
47.73,14.11,13.85,0.35
47.73,14.11,13.85,0.35
47.74,14.11,13.85,0.35
47.74,14.11,13.85,0.35
47.75,14.11,13.85,0.35
47.75,14.11,13.85,0.35
47.76,14.11,13.85,0.35
47.76,14.11,13.85,0.35
47.77,14.11,13.84,0.35
47.77,14.11,13.84,0.35
47.77,14.11,13.84,0.35
47.78,14.11,13.84,0.35
47.78,14.11,13.84,0.35
47.79,14.11,13.84,0.35
47.79,14.11,13.84,0.35
47.8,14.11,13.84,0.35
47.8,14.11,13.84,0.35
47.81,14.11,13.84,0.35
47.81,14.11,13.84,0.35
47.81,14.11,13.84,0.35
47.82,14.11,13.84,0.35
47.82,14.11,13.84,0.35
47.83,14.11,13.84,0.35
47.83,14.11,13.84,0.35
47.84,14.11,13.84,0.35
47.84,14.11,13.84,0.35
47.85,14.11,13.84,0.35
47.85,14.11,13.84,0.35
47.86,14.11,13.84,0.35
47.86,14.11,13.84,0.35
47.86,14.11,13.84,0.35
47.87,14.11,13.84,0.35
47.87,14.11,13.84,0.35
47.88,14.11,13.84,0.35
47.88,14.11,13.84,0.35
47.89,14.11,13.84,0.35
47.89,14.11,13.84,0.35
47.9,14.11,13.84,0.35
47.9,14.11,13.84,0.35
47.91,14.11,13.84,0.35
47.91,14.11,13.84,0.35
47.91,14.11,13.84,0.35
47.92,14.11,13.84,0.35
47.92,14.11,13.84,0.35
47.93,14.11,13.84,0.35
47.93,14.11,13.84,0.35
47.94,14.11,13.84,0.35
47.94,14.11,13.84,0.35
47.95,14.11,13.84,0.35
47.95,14.11,13.84,0.35
47.95,14.11,13.84,0.35
47.96,14.11,13.84,0.35
47.96,14.11,13.84,0.35
47.97,14.11,13.84,0.35
47.97,14.11,13.84,0.35
47.98,14.11,13.84,0.35
47.98,14.11,13.84,0.35
47.99,14.11,13.84,0.35
47.99,14.11,13.84,0.35
48.0,14.11,13.84,0.35
48.0,14.11,13.84,0.35
48.0,14.11,13.84,0.35
48.01,14.11,13.84,0.35
48.01,14.11,13.84,0.35
48.02,14.11,13.84,0.35
48.02,14.11,13.84,0.35
48.03,14.11,13.84,0.35
48.03,14.11,13.84,0.35
48.04,14.11,13.84,0.35
48.04,14.11,13.84,0.35
48.04,14.11,13.84,0.35
48.05,14.11,13.84,0.35
48.05,14.11,13.84,0.35
48.06,14.11,13.84,0.35
48.06,14.11,13.84,0.35
48.07,14.11,13.84,0.35
48.07,14.11,13.84,0.35
48.08,14.11,13.84,0.35
48.08,14.11,13.84,0.35
48.09,14.11,13.84,0.35
48.09,14.11,13.84,0.35
48.09,14.11,13.84,0.35
48.1,14.11,13.84,0.35
48.1,14.11,13.84,0.35
48.11,14.11,13.84,0.35
48.11,14.11,13.84,0.35
48.12,14.11,13.84,0.35
48.12,14.11,13.84,0.35
48.13,14.11,13.83,0.35
48.13,14.11,13.83,0.35
48.14,14.11,13.83,0.35
48.14,14.11,13.83,0.35
48.14,14.11,13.83,0.35
48.15,14.11,13.83,0.35
48.15,14.11,13.83,0.35
48.16,14.11,13.83,0.35
48.16,14.11,13.83,0.35
48.17,14.11,13.83,0.35
48.17,14.11,13.83,0.35
48.18,14.11,13.83,0.35
48.18,14.11,13.83,0.35
48.19,14.11,13.83,0.35
48.19,14.11,13.83,0.35
48.19,14.11,13.83,0.35
48.2,14.11,13.83,0.35
48.2,14.11,13.83,0.35
48.21,14.11,13.83,0.35
48.21,14.11,13.83,0.35
48.22,14.11,13.83,0.35
48.22,14.11,13.83,0.35
48.23,14.11,13.83,0.35
48.23,14.11,13.83,0.35
48.23,14.11,13.83,0.35
48.24,14.11,13.83,0.35
48.24,14.11,13.83,0.35
48.25,14.11,13.83,0.35
48.25,14.11,13.83,0.35
48.26,14.11,13.83,0.35
48.26,14.11,13.83,0.35
48.27,14.11,13.83,0.35
48.27,14.11,13.83,0.35
48.28,14.11,13.83,0.35
48.28,14.11,13.83,0.35
48.28,14.11,13.83,0.35
48.29,14.11,13.83,0.35
48.29,14.11,13.83,0.35
48.3,14.11,13.83,0.35
48.3,14.11,13.83,0.35
48.31,14.11,13.83,0.35
48.31,14.11,13.83,0.35
48.32,14.11,13.83,0.35
48.32,14.11,13.83,0.35
48.33,14.11,13.83,0.35
48.33,14.11,13.83,0.35
48.33,14.11,13.83,0.35
48.34,14.11,13.83,0.35
48.34,14.11,13.83,0.35
48.35,14.11,13.83,0.35
48.35,14.11,13.83,0.35
48.36,14.11,13.83,0.35
48.36,14.11,13.83,0.35
48.37,14.11,13.83,0.35
48.37,14.11,13.83,0.35
48.37,14.11,13.83,0.35
48.38,14.11,13.83,0.35
48.38,14.11,13.83,0.35
48.39,14.11,13.83,0.35
48.39,14.11,13.83,0.35
48.4,14.11,13.83,0.35
48.4,14.11,13.83,0.35
48.41,14.11,13.83,0.35
48.41,14.11,13.83,0.35
48.42,14.11,13.83,0.35
48.42,14.11,13.83,0.35
48.42,14.11,13.83,0.35
48.43,14.11,13.83,0.35
48.43,14.11,13.83,0.35
48.44,14.11,13.83,0.35
48.44,14.11,13.83,0.35
48.45,14.11,13.83,0.35
48.45,14.11,13.83,0.35
48.46,14.11,13.83,0.35
48.46,14.11,13.83,0.35
48.47,14.11,13.83,0.35
48.47,14.11,13.83,0.35
48.47,14.11,13.83,0.35
48.48,14.11,13.83,0.35
48.48,14.11,13.83,0.35
48.49,14.11,13.82,0.35
48.49,14.11,13.82,0.35
48.5,14.11,13.82,0.35
48.5,14.11,13.82,0.35
48.51,14.11,13.82,0.35
48.51,14.11,13.82,0.35
48.52,14.11,13.82,0.35
48.52,14.11,13.82,0.35
48.52,14.11,13.82,0.35
48.53,14.11,13.82,0.35
48.53,14.11,13.82,0.35
48.54,14.11,13.82,0.35
48.54,14.11,13.82,0.35
48.55,14.11,13.82,0.35
48.55,14.11,13.82,0.35
48.56,14.11,13.82,0.35
48.56,14.11,13.82,0.35
48.56,14.11,13.82,0.35
48.57,14.11,13.82,0.35
48.57,14.11,13.82,0.35
48.58,14.11,13.82,0.35
48.58,14.11,13.82,0.35
48.59,14.11,13.82,0.35
48.59,14.11,13.82,0.35
48.6,14.11,13.82,0.35
48.6,14.11,13.82,0.35
48.61,14.11,13.82,0.35
48.61,14.11,13.82,0.35
48.61,14.11,13.82,0.35
48.62,14.11,13.82,0.35
48.62,14.11,13.82,0.35
48.63,14.11,13.82,0.35
48.63,14.11,13.82,0.35
48.64,14.11,13.82,0.35
48.64,14.11,13.82,0.35
48.65,14.11,13.82,0.35
48.65,14.11,13.82,0.35
48.65,14.11,13.82,0.35
48.66,14.11,13.82,0.35
48.66,14.11,13.82,0.35
48.67,14.11,13.82,0.35
48.67,14.11,13.82,0.35
48.68,14.11,13.82,0.35
48.68,14.11,13.82,0.35
48.69,14.11,13.82,0.35
48.69,14.11,13.82,0.35
48.7,14.11,13.82,0.35
48.7,14.11,13.82,0.35
48.7,14.11,13.82,0.35
48.71,14.11,13.82,0.35
48.71,14.11,13.82,0.35
48.72,14.11,13.82,0.35
48.72,14.11,13.82,0.35
48.73,14.11,13.82,0.35
48.73,14.11,13.82,0.35
48.74,14.11,13.82,0.35
48.74,14.11,13.82,0.35
48.75,14.11,13.82,0.35
48.75,14.11,13.82,0.35
48.75,14.11,13.82,0.35
48.76,14.11,13.82,0.35
48.76,14.11,13.82,0.35
48.77,14.11,13.82,0.35
48.77,14.11,13.82,0.35
48.78,14.11,13.82,0.35
48.78,14.11,13.82,0.35
48.79,14.11,13.82,0.35
48.79,14.11,13.82,0.35
48.79,14.11,13.82,0.35
48.8,14.11,13.82,0.35
48.8,14.11,13.82,0.35
48.81,14.11,13.82,0.35
48.81,14.11,13.82,0.35
48.82,14.11,13.82,0.35
48.82,14.11,13.82,0.35
48.83,14.11,13.82,0.35
48.83,14.11,13.82,0.35
48.84,14.11,13.82,0.35
48.84,14.11,13.82,0.35
48.84,14.11,13.82,0.35
48.85,14.11,13.81,0.35
48.85,14.11,13.81,0.35
48.86,14.11,13.81,0.35
48.86,14.11,13.81,0.35
48.87,14.11,13.81,0.35
48.87,14.11,13.81,0.35
48.88,14.11,13.81,0.35
48.88,14.11,13.81,0.35
48.89,14.11,13.81,0.35
48.89,14.11,13.81,0.35
48.89,14.11,13.81,0.35
48.9,14.11,13.81,0.35
48.9,14.11,13.81,0.35
48.91,14.11,13.81,0.35
48.91,14.11,13.81,0.35
48.92,14.11,13.81,0.35
48.92,14.11,13.81,0.35
48.93,14.11,13.81,0.35
48.93,14.11,13.81,0.35
48.94,14.11,13.81,0.35
48.94,14.11,13.81,0.35
48.94,14.11,13.81,0.35
48.95,14.11,13.81,0.35
48.95,14.11,13.81,0.35
48.96,14.11,13.81,0.35
48.96,14.11,13.81,0.35
48.97,14.11,13.81,0.35
48.97,14.11,13.81,0.35
48.98,14.11,13.81,0.35
48.98,14.11,13.81,0.35
48.98,14.11,13.81,0.35
48.99,14.11,13.81,0.35
48.99,14.11,13.81,0.35
49.0,14.11,13.81,0.35
49.0,14.11,13.81,0.35
49.01,14.11,13.81,0.35
49.01,14.11,13.81,0.35
49.02,14.11,13.81,0.35
49.02,14.11,13.81,0.35
49.03,14.11,13.81,0.35
49.03,14.11,13.81,0.35
49.03,14.11,13.81,0.35
49.04,14.11,13.81,0.35
49.04,14.11,13.81,0.35
49.05,14.11,13.81,0.35
49.05,14.11,13.81,0.35
49.06,14.11,13.81,0.35
49.06,14.11,13.81,0.35
49.07,14.11,13.81,0.35
49.07,14.11,13.81,0.35
49.07,14.11,13.81,0.35
49.08,14.11,13.81,0.35
49.08,14.11,13.81,0.35
49.09,14.11,13.81,0.35
49.09,14.11,13.81,0.35
49.1,14.11,13.81,0.35
49.1,14.11,13.81,0.35
49.11,14.11,13.81,0.35
49.11,14.11,13.81,0.35
49.12,14.11,13.81,0.35
49.12,14.11,13.81,0.35
49.12,14.11,13.81,0.35
49.13,14.11,13.81,0.35
49.13,14.11,13.81,0.35
49.14,14.11,13.81,0.35
49.14,14.11,13.81,0.35
49.15,14.11,13.81,0.35
49.15,14.11,13.81,0.35
49.16,14.11,13.81,0.35
49.16,14.11,13.81,0.35
49.17,14.11,13.81,0.35
49.17,14.11,13.81,0.35
49.17,14.11,13.81,0.35
49.18,14.11,13.81,0.35
49.18,14.11,13.81,0.35
49.19,14.11,13.81,0.35
49.19,14.11,13.81,0.35
49.2,14.11,13.81,0.35
49.2,14.11,13.81,0.35
49.21,14.11,13.81,0.35
49.21,14.11,13.8,0.35
49.21,14.11,13.8,0.35
49.22,14.11,13.8,0.35
49.22,14.11,13.8,0.35
49.23,14.11,13.8,0.35
49.23,14.11,13.8,0.35
49.24,14.11,13.8,0.35
49.24,14.11,13.8,0.35
49.25,14.11,13.8,0.35
49.25,14.11,13.8,0.35
49.26,14.11,13.8,0.35
49.26,14.11,13.8,0.35
49.26,14.11,13.8,0.35
49.27,14.11,13.8,0.35
49.27,14.11,13.8,0.35
49.28,14.11,13.8,0.35
49.28,14.11,13.8,0.35
49.29,14.11,13.8,0.35
49.29,14.11,13.8,0.35
49.3,14.11,13.8,0.35
49.3,14.11,13.8,0.35
49.3,14.11,13.8,0.35
49.31,14.11,13.8,0.35
49.31,14.11,13.8,0.35
49.32,14.11,13.8,0.35
49.32,14.11,13.8,0.35
49.33,14.11,13.8,0.35
49.33,14.11,13.8,0.35
49.34,14.11,13.8,0.35
49.34,14.11,13.8,0.35
49.35,14.11,13.8,0.35
49.35,14.11,13.8,0.35
49.35,14.11,13.8,0.35
49.36,14.11,13.8,0.35
49.36,14.11,13.8,0.35
49.37,14.11,13.8,0.35
49.37,14.11,13.8,0.35
49.38,14.11,13.8,0.35
49.38,14.11,13.8,0.35
49.39,14.11,13.8,0.35
49.39,14.11,13.8,0.35
49.4,14.11,13.8,0.35
49.4,14.11,13.8,0.35
49.4,14.11,13.8,0.35
49.41,14.11,13.8,0.35
49.41,14.11,13.8,0.35
49.42,14.11,13.8,0.35
49.42,14.11,13.8,0.35
49.43,14.11,13.8,0.35
49.43,14.11,13.8,0.35
49.44,14.11,13.8,0.35
49.44,14.11,13.8,0.35
49.44,14.11,13.8,0.35
49.45,14.11,13.8,0.35
49.45,14.11,13.8,0.35
49.46,14.11,13.8,0.35
49.46,14.11,13.8,0.35
49.47,14.11,13.8,0.35
49.47,14.11,13.8,0.35
49.48,14.11,13.8,0.35
49.48,14.11,13.8,0.35
49.49,14.11,13.8,0.35
49.49,14.11,13.8,0.35
49.49,14.11,13.8,0.35
49.5,14.11,13.8,0.35
49.5,14.11,13.8,0.35
49.51,14.11,13.8,0.35
49.51,14.11,13.8,0.35
49.52,14.11,13.8,0.35
49.52,14.11,13.8,0.35
49.53,14.11,13.8,0.35
49.53,14.11,13.8,0.35
49.54,14.11,13.8,0.35
49.54,14.11,13.8,0.35
49.54,14.11,13.8,0.35
49.55,14.11,13.8,0.35
49.55,14.11,13.8,0.35
49.56,14.11,13.8,0.35
49.56,14.11,13.8,0.35
49.57,14.11,13.8,0.35
49.57,14.11,13.79,0.35
49.58,14.11,13.79,0.35
49.58,14.11,13.79,0.35
49.59,14.11,13.79,0.35
49.59,14.11,13.79,0.35
49.59,14.11,13.79,0.35
49.6,14.11,13.79,0.35
49.6,14.11,13.79,0.35
49.61,14.11,13.79,0.35
49.61,14.11,13.79,0.35
49.62,14.11,13.79,0.35
49.62,14.11,13.79,0.35
49.63,14.11,13.79,0.35
49.63,14.11,13.79,0.35
49.63,14.11,13.79,0.35
49.64,14.11,13.79,0.35
49.64,14.11,13.79,0.35
49.65,14.11,13.79,0.35
49.65,14.11,13.79,0.35
49.66,14.11,13.79,0.35
49.66,14.11,13.79,0.35
49.67,14.11,13.79,0.35
49.67,14.11,13.79,0.35
49.68,14.11,13.79,0.35
49.68,14.11,13.79,0.35
49.68,14.11,13.79,0.35
49.69,14.11,13.79,0.35
49.69,14.11,13.79,0.35
49.7,14.11,13.79,0.35
49.7,14.11,13.79,0.35
49.71,14.11,13.79,0.35
49.71,14.11,13.79,0.35
49.72,14.11,13.79,0.35
49.72,14.11,13.79,0.35
49.73,14.11,13.79,0.35
49.73,14.11,13.79,0.35
49.73,14.11,13.79,0.35
49.74,14.11,13.79,0.35
49.74,14.11,13.79,0.35
49.75,14.11,13.79,0.35
49.75,14.11,13.79,0.35
49.76,14.11,13.79,0.35
49.76,14.11,13.79,0.35
49.77,14.11,13.79,0.35
49.77,14.11,13.79,0.35
49.77,14.11,13.79,0.35
49.78,14.11,13.79,0.35
49.78,14.11,13.79,0.35
49.79,14.11,13.79,0.35
49.79,14.11,13.79,0.35
49.8,14.11,13.79,0.35
49.8,14.11,13.79,0.35
49.81,14.11,13.79,0.35
49.81,14.11,13.79,0.35
49.81,14.11,13.79,0.35
49.82,14.11,13.79,0.35
49.82,14.11,13.79,0.35
49.83,14.11,13.79,0.35
49.83,14.11,13.79,0.35
49.84,14.11,13.79,0.35
49.84,14.11,13.79,0.35
49.85,14.11,13.79,0.35
49.85,14.11,13.79,0.35
49.86,14.11,13.79,0.35
49.86,14.11,13.79,0.35
49.86,14.11,13.79,0.35
49.87,14.11,13.79,0.35
49.87,14.11,13.79,0.35
49.88,14.11,13.79,0.35
49.88,14.11,13.79,0.35
49.89,14.11,13.79,0.35
49.89,14.11,13.79,0.35
49.9,14.11,13.79,0.35
49.9,14.11,13.79,0.35
49.9,14.11,13.79,0.35
49.91,14.11,13.79,0.35
49.91,14.11,13.79,0.35
49.92,14.11,13.79,0.35
49.92,14.11,13.79,0.35
49.93,14.11,13.79,0.35
49.93,14.11,13.78,0.35
49.94,14.11,13.78,0.35
49.94,14.11,13.78,0.35
49.95,14.11,13.78,0.35
49.95,14.11,13.78,0.35
49.95,14.11,13.78,0.35
49.96,14.11,13.78,0.35
49.96,14.11,13.78,0.35
49.97,14.11,13.78,0.35
49.97,14.11,13.78,0.35
49.98,14.11,13.78,0.35
49.98,14.11,13.78,0.35
49.99,14.11,13.78,0.35
49.99,14.11,13.78,0.35
50.0,14.11,13.78,0.35
50.0,14.11,13.78,0.35
50.0,14.11,13.78,0.35
50.01,14.11,13.78,0.35
50.01,14.11,13.78,0.35
50.02,14.11,13.78,0.35
50.02,14.11,13.78,0.35
50.03,14.11,13.78,0.35
50.03,14.11,13.78,0.35
50.04,14.11,13.78,0.35
50.04,14.11,13.78,0.35
50.04,14.11,13.78,0.35
50.05,14.11,13.78,0.35
50.05,14.11,13.78,0.35
50.06,14.11,13.78,0.35
50.06,14.11,13.78,0.35
50.07,14.11,13.78,0.35
50.07,14.11,13.78,0.35
50.08,14.11,13.78,0.35
50.08,14.11,13.78,0.35
50.09,14.11,13.78,0.35
50.09,14.11,13.78,0.35
50.09,14.11,13.78,0.35
50.1,14.11,13.78,0.35
50.1,14.11,13.78,0.35
50.11,14.11,13.78,0.35
50.11,14.11,13.78,0.35
50.12,14.11,13.78,0.35
50.12,14.11,13.78,0.35
50.13,14.11,13.78,0.35
50.13,14.11,13.78,0.35
50.14,14.11,13.78,0.35
50.14,14.11,13.78,0.35
50.14,14.11,13.78,0.35
50.15,14.11,13.78,0.35
50.15,14.11,13.78,0.35
50.16,14.11,13.78,0.35
50.16,14.11,13.78,0.35
50.17,14.11,13.78,0.35
50.17,14.11,13.78,0.35
50.18,14.11,13.78,0.35
50.18,14.11,13.78,0.35
50.19,14.11,13.78,0.35
50.19,14.11,13.78,0.35
50.19,14.11,13.78,0.35
50.2,14.11,13.78,0.35
50.2,14.11,13.78,0.35
50.21,14.11,13.78,0.35
50.21,14.11,13.78,0.35
50.22,14.11,13.78,0.35
50.22,14.11,13.78,0.35
50.23,14.11,13.78,0.35
50.23,14.11,13.78,0.35
50.24,14.11,13.78,0.35
50.24,14.11,13.78,0.35
50.24,14.11,13.78,0.35
50.25,14.11,13.78,0.35
50.25,14.11,13.78,0.35
50.26,14.11,13.78,0.35
50.26,14.11,13.78,0.35
50.27,14.11,13.78,0.35
50.27,14.11,13.78,0.35
50.28,14.11,13.78,0.35
50.28,14.11,13.78,0.35
50.29,14.11,13.78,0.35
50.29,14.11,13.78,0.35
50.3,14.11,13.77,0.35
50.3,14.11,13.77,0.35
50.3,14.11,13.77,0.35
50.31,14.11,13.77,0.35
50.31,14.11,13.77,0.35
50.32,14.11,13.77,0.35
50.32,14.11,13.77,0.35
50.33,14.11,13.77,0.35
50.33,14.11,13.77,0.35
50.34,14.11,13.77,0.35
50.34,14.11,13.77,0.35
50.35,14.11,13.77,0.35
50.35,14.11,13.77,0.35
50.36,14.11,13.77,0.35
50.36,14.11,13.77,0.35
50.37,14.11,13.77,0.35
50.37,14.11,13.77,0.35
50.37,14.11,13.77,0.35
50.38,14.11,13.77,0.35
50.38,14.11,13.77,0.35
50.39,14.11,13.77,0.35
50.39,14.11,13.77,0.35
50.4,14.11,13.77,0.35
50.4,14.11,13.77,0.35
50.41,14.11,13.77,0.35
50.41,14.11,13.77,0.35
50.42,14.11,13.77,0.35
50.42,14.11,13.77,0.35
50.42,14.11,13.77,0.35
50.43,14.11,13.77,0.35
50.43,14.11,13.77,0.35
50.44,14.11,13.77,0.35
50.44,14.11,13.77,0.35
50.45,14.11,13.77,0.35
50.45,14.11,13.77,0.35
50.46,14.11,13.77,0.35
50.46,14.11,13.77,0.35
50.46,14.11,13.77,0.35
50.47,14.11,13.77,0.35
50.47,14.11,13.77,0.35
50.48,14.11,13.77,0.35
50.48,14.11,13.77,0.35
50.49,14.11,13.77,0.35
50.49,14.11,13.77,0.35
50.5,14.11,13.77,0.35
50.5,14.11,13.77,0.35
50.5,14.11,13.77,0.35
50.51,14.11,13.77,0.35
50.51,14.11,13.77,0.35
50.52,14.11,13.77,0.35
50.52,14.11,13.77,0.35
50.53,14.11,13.77,0.35
50.53,14.11,13.77,0.35
50.54,14.11,13.77,0.35
50.54,14.11,13.77,0.35
50.54,14.11,13.77,0.35
50.55,14.11,13.77,0.35
50.55,14.11,13.77,0.35
50.56,14.11,13.77,0.35
50.56,14.11,13.77,0.35
50.57,14.11,13.77,0.35
50.57,14.11,13.77,0.35
50.58,14.11,13.77,0.35
50.58,14.11,13.77,0.35
50.59,14.11,13.77,0.35
50.59,14.11,13.77,0.35
50.59,14.11,13.77,0.35
50.6,14.11,13.77,0.35
50.6,14.11,13.77,0.35
50.61,14.11,13.77,0.35
50.61,14.11,13.77,0.35
50.62,14.11,13.77,0.35
50.62,14.11,13.77,0.35
50.63,14.11,13.77,0.35
50.63,14.11,13.77,0.35
50.64,14.11,13.77,0.35
50.64,14.11,13.77,0.35
50.64,14.11,13.77,0.35
50.65,14.11,13.77,0.35
50.65,14.11,13.77,0.35
50.66,14.11,13.76,0.35
50.66,14.11,13.76,0.35
50.67,14.11,13.76,0.35
50.67,14.11,13.76,0.35
50.68,14.11,13.76,0.35
50.68,14.11,13.76,0.35
50.69,14.11,13.76,0.35
50.69,14.11,13.76,0.35
50.69,14.11,13.76,0.35
50.7,14.11,13.76,0.35
50.7,14.11,13.76,0.35
50.71,14.11,13.76,0.35
50.71,14.11,13.76,0.35
50.72,14.11,13.76,0.35
50.72,14.11,13.76,0.35
50.73,14.11,13.76,0.35
50.73,14.11,13.76,0.35
50.74,14.11,13.76,0.35
50.74,14.11,13.76,0.35
50.75,14.11,13.76,0.35
50.75,14.11,13.76,0.35
50.75,14.11,13.76,0.35
50.76,14.11,13.76,0.35
50.76,14.11,13.76,0.35
50.77,14.11,13.76,0.35
50.77,14.11,13.76,0.35
50.78,14.11,13.76,0.35
50.78,14.11,13.76,0.35
50.79,14.11,13.76,0.35
50.79,14.11,13.76,0.35
50.8,14.11,13.76,0.35
50.8,14.11,13.76,0.35
50.81,14.11,13.76,0.35
50.81,14.11,13.76,0.35
50.81,14.11,13.76,0.35
50.82,14.11,13.76,0.35
50.82,14.11,13.76,0.35
50.83,14.11,13.76,0.35
50.83,14.11,13.76,0.35
50.84,14.11,13.76,0.35
50.84,14.11,13.76,0.35
50.85,14.11,13.76,0.35
50.85,14.11,13.76,0.35
50.86,14.11,13.76,0.35
50.86,14.11,13.76,0.35
50.87,14.11,13.76,0.35
50.87,14.11,13.76,0.35
50.87,14.11,13.76,0.35
50.88,14.11,13.76,0.35
50.88,14.11,13.76,0.35
50.89,14.11,13.76,0.35
50.89,14.11,13.76,0.35
50.9,14.11,13.76,0.35
50.9,14.11,13.76,0.35
50.91,14.11,13.76,0.35
50.91,14.11,13.76,0.35
50.92,14.11,13.76,0.35
50.92,14.11,13.76,0.35
50.93,14.11,13.76,0.35
50.93,14.11,13.76,0.35
50.93,14.11,13.76,0.35
50.94,14.11,13.76,0.35
50.94,14.11,13.76,0.35
50.95,14.11,13.76,0.35
50.95,14.11,13.76,0.35
50.96,14.11,13.76,0.35
50.96,14.11,13.76,0.35
50.97,14.11,13.76,0.35
50.97,14.11,13.76,0.35
50.98,14.11,13.76,0.35
50.98,14.11,13.76,0.35
50.99,14.11,13.76,0.35
50.99,14.11,13.76,0.35
50.99,14.11,13.76,0.35
51.0,14.11,13.76,0.35
51.0,14.11,13.76,0.35
51.01,14.11,13.76,0.35
51.01,14.11,13.76,0.35
51.02,14.11,13.76,0.35
51.02,14.11,13.76,0.35
51.03,14.11,13.75,0.35
51.03,14.11,13.75,0.35
51.04,14.11,13.75,0.35
51.04,14.11,13.75,0.35
51.05,14.11,13.75,0.35
51.05,14.11,13.75,0.35
51.06,14.11,13.75,0.35
51.06,14.11,13.75,0.35
51.06,14.11,13.75,0.35
51.07,14.11,13.75,0.35
51.07,14.11,13.75,0.35
51.08,14.11,13.75,0.35
51.08,14.11,13.75,0.35
51.09,14.11,13.75,0.35
51.09,14.11,13.75,0.35
51.1,14.11,13.75,0.35
51.1,14.11,13.75,0.35
51.11,14.11,13.75,0.35
51.11,14.11,13.75,0.35
51.12,14.11,13.75,0.35
51.12,14.11,13.75,0.35
51.13,14.11,13.75,0.35
51.13,14.11,13.75,0.35
51.13,14.11,13.75,0.35
51.14,14.11,13.75,0.35
51.14,14.11,13.75,0.35
51.15,14.11,13.75,0.35
51.15,14.11,13.75,0.35
51.16,14.11,13.75,0.35
51.16,14.11,13.75,0.35
51.17,14.11,13.75,0.35
51.17,14.11,13.75,0.35
51.18,14.11,13.75,0.35
51.18,14.11,13.75,0.35
51.19,14.11,13.75,0.35
51.19,14.11,13.75,0.35
51.2,14.11,13.75,0.35
51.2,14.11,13.75,0.35
51.21,14.11,13.75,0.35
51.21,14.11,13.75,0.35
51.22,14.11,13.75,0.35
51.22,14.11,13.75,0.35
51.22,14.11,13.75,0.35
51.23,14.11,13.75,0.35
51.23,14.11,13.75,0.35
51.24,14.11,13.75,0.35
51.24,14.11,13.75,0.35
51.25,14.11,13.75,0.35
51.25,14.11,13.75,0.35
51.26,14.11,13.75,0.35
51.26,14.11,13.75,0.35
51.27,14.11,13.75,0.35
51.27,14.11,13.75,0.35
51.28,14.11,13.75,0.35
51.28,14.11,13.75,0.35
51.29,14.11,13.75,0.35
51.29,14.11,13.75,0.35
51.3,14.11,13.75,0.35
51.3,14.11,13.75,0.35
51.31,14.11,13.75,0.35
51.31,14.11,13.75,0.35
51.32,14.11,13.75,0.35
51.32,14.11,13.75,0.35
51.32,14.11,13.75,0.35
51.33,14.11,13.75,0.35
51.33,14.11,13.75,0.35
51.34,14.11,13.75,0.35
51.34,14.11,13.75,0.35
51.35,14.11,13.75,0.35
51.35,14.11,13.75,0.35
51.36,14.11,13.75,0.35
51.36,14.11,13.75,0.35
51.37,14.11,13.75,0.35
51.37,14.11,13.75,0.35
51.38,14.11,13.75,0.35
51.38,14.11,13.75,0.35
51.39,14.11,13.75,0.35
51.39,14.11,13.75,0.35
51.4,14.11,13.75,0.35
51.4,14.11,13.75,0.35
51.41,14.11,13.74,0.35
51.41,14.11,13.74,0.35
51.42,14.11,13.74,0.35
51.42,14.11,13.74,0.35
51.42,14.11,13.74,0.35
51.43,14.11,13.74,0.35
51.43,14.11,13.74,0.35
51.44,14.11,13.74,0.35
51.44,14.11,13.74,0.35
51.45,14.11,13.74,0.35
51.45,14.11,13.74,0.35
51.46,14.11,13.74,0.35
51.46,14.11,13.74,0.35
51.47,14.11,13.74,0.35
51.47,14.11,13.74,0.35
51.48,14.11,13.74,0.35
51.48,14.11,13.74,0.35
51.48,14.11,13.74,0.35
51.49,14.11,13.74,0.35
51.49,14.11,13.74,0.35
51.5,14.11,13.74,0.35
51.5,14.11,13.74,0.35
51.51,14.11,13.74,0.35
51.51,14.11,13.74,0.35
51.52,14.11,13.74,0.35
51.52,14.11,13.74,0.35
51.53,14.11,13.74,0.35
51.53,14.11,13.74,0.35
51.53,14.11,13.74,0.35
51.54,14.11,13.74,0.35
51.54,14.11,13.74,0.35
51.55,14.11,13.74,0.35
51.55,14.11,13.74,0.35
51.56,14.11,13.74,0.35
51.56,14.11,13.74,0.35
51.57,14.11,13.74,0.35
51.57,14.11,13.74,0.35
51.57,14.11,13.74,0.35
51.58,14.11,13.74,0.35
51.58,14.11,13.74,0.35
51.59,14.11,13.74,0.35
51.59,14.11,13.74,0.35
51.6,14.11,13.74,0.35
51.6,14.11,13.74,0.35
51.61,14.11,13.74,0.35
51.61,14.11,13.74,0.35
51.62,14.11,13.74,0.35
51.62,14.11,13.74,0.35
51.62,14.11,13.74,0.35
51.63,14.11,13.74,0.35
51.63,14.11,13.74,0.35
51.64,14.11,13.74,0.35
51.64,14.11,13.74,0.35
51.65,14.11,13.74,0.35
51.65,14.11,13.74,0.35
51.66,14.11,13.74,0.35
51.66,14.11,13.74,0.35
51.66,14.11,13.74,0.35
51.67,14.11,13.74,0.35
51.67,14.11,13.74,0.35
51.68,14.11,13.74,0.35
51.68,14.11,13.74,0.35
51.69,14.11,13.74,0.35
51.69,14.11,13.74,0.35
51.7,14.11,13.74,0.35
51.7,14.11,13.74,0.35
51.71,14.11,13.74,0.35
51.71,14.11,13.74,0.35
51.71,14.11,13.74,0.35
51.72,14.11,13.74,0.35
51.72,14.11,13.74,0.35
51.73,14.11,13.74,0.35
51.73,14.11,13.74,0.35
51.74,14.11,13.74,0.35
51.74,14.11,13.74,0.35
51.75,14.11,13.74,0.35
51.75,14.11,13.74,0.35
51.75,14.11,13.74,0.35
51.76,14.11,13.74,0.35
51.76,14.11,13.74,0.35
51.77,14.11,13.73,0.35
51.77,14.11,13.73,0.35
51.78,14.11,13.73,0.35
51.78,14.11,13.73,0.35
51.79,14.11,13.73,0.35
51.79,14.11,13.73,0.35
51.8,14.11,13.73,0.35
51.8,14.11,13.73,0.35
51.8,14.11,13.73,0.35
51.81,14.11,13.73,0.35
51.81,14.11,13.73,0.35
51.82,14.11,13.73,0.35
51.82,14.11,13.73,0.35
51.83,14.11,13.73,0.35
51.83,14.11,13.73,0.35
51.84,14.11,13.73,0.35
51.84,14.11,13.73,0.35
51.85,14.11,13.73,0.35
51.85,14.11,13.73,0.35
51.86,14.11,13.73,0.35
51.86,14.11,13.73,0.35
51.86,14.11,13.73,0.35
51.87,14.11,13.73,0.35
51.87,14.11,13.73,0.35
51.88,14.11,13.73,0.35
51.88,14.11,13.73,0.35
51.89,14.11,13.73,0.35
51.89,14.11,13.73,0.35
51.9,14.11,13.73,0.35
51.9,14.11,13.73,0.35
51.9,14.11,13.73,0.35
51.91,14.11,13.73,0.35
51.91,14.11,13.73,0.35
51.92,14.11,13.73,0.35
51.92,14.11,13.73,0.35
51.93,14.11,13.73,0.35
51.93,14.11,13.73,0.35
51.94,14.11,13.73,0.35
51.94,14.11,13.73,0.35
51.95,14.11,13.73,0.35
51.95,14.11,13.73,0.35
51.95,14.11,13.73,0.35
51.96,14.11,13.73,0.35
51.96,14.11,13.73,0.35
51.97,14.11,13.73,0.35
51.97,14.11,13.73,0.35
51.98,14.11,13.73,0.35
51.98,14.11,13.73,0.35
51.99,14.11,13.73,0.35
51.99,14.11,13.73,0.35
51.99,14.11,13.73,0.35
52.0,14.11,13.73,0.35
52.0,14.11,13.73,0.35
52.01,14.11,13.73,0.35
52.01,14.11,13.73,0.35
52.02,14.11,13.73,0.35
52.02,14.11,13.73,0.35
52.03,14.11,13.73,0.35
52.03,14.11,13.73,0.35
52.04,14.11,13.73,0.35
52.04,14.11,13.73,0.35
52.04,14.11,13.73,0.35
52.05,14.11,13.73,0.35
52.05,14.11,13.73,0.35
52.06,14.11,13.73,0.35
52.06,14.11,13.73,0.35
52.07,14.11,13.73,0.35
52.07,14.11,13.73,0.35
52.08,14.11,13.73,0.35
52.08,14.11,13.73,0.35
52.08,14.11,13.73,0.35
52.09,14.11,13.73,0.35
52.09,14.11,13.73,0.35
52.1,14.11,13.73,0.35
52.1,14.11,13.73,0.35
52.11,14.11,13.73,0.35
52.11,14.11,13.73,0.35
52.12,14.11,13.73,0.35
52.12,14.11,13.73,0.35
52.12,14.11,13.73,0.35
52.13,14.11,13.72,0.35
52.13,14.11,13.72,0.35
52.14,14.11,13.72,0.35
52.14,14.11,13.72,0.35
52.15,14.11,13.72,0.35
52.15,14.11,13.72,0.35
52.16,14.11,13.72,0.35
52.16,14.11,13.72,0.35
52.17,14.11,13.72,0.35
52.17,14.11,13.72,0.35
52.18,14.11,13.72,0.35
52.18,14.11,13.72,0.35
52.18,14.11,13.72,0.35
52.19,14.11,13.72,0.35
52.19,14.11,13.72,0.35
52.2,14.11,13.72,0.35
52.2,14.11,13.72,0.35
52.21,14.11,13.72,0.35
52.21,14.11,13.72,0.35
52.22,14.11,13.72,0.35
52.22,14.11,13.72,0.35
52.22,14.11,13.72,0.35
52.23,14.11,13.72,0.35
52.23,14.11,13.72,0.35
52.24,14.11,13.72,0.35
52.24,14.11,13.72,0.35
52.25,14.11,13.72,0.35
52.25,14.11,13.72,0.35
52.26,14.11,13.72,0.35
52.26,14.11,13.72,0.35
52.27,14.11,13.72,0.35
52.27,14.11,13.72,0.35
52.27,14.11,13.72,0.35
52.28,14.11,13.72,0.35
52.28,14.11,13.72,0.35
52.29,14.11,13.72,0.35
52.29,14.11,13.72,0.35
52.3,14.11,13.72,0.35
52.3,14.11,13.72,0.35
52.31,14.11,13.72,0.35
52.31,14.11,13.72,0.35
52.32,14.11,13.72,0.35
52.32,14.11,13.72,0.35
52.32,14.11,13.72,0.35
52.33,14.11,13.72,0.35
52.33,14.11,13.72,0.35
52.34,14.11,13.72,0.35
52.34,14.11,13.72,0.35
52.35,14.11,13.72,0.35
52.35,14.11,13.72,0.35
52.36,14.11,13.72,0.35
52.36,14.11,13.72,0.35
52.37,14.11,13.72,0.35
52.37,14.11,13.72,0.35
52.37,14.11,13.72,0.35
52.38,14.11,13.72,0.35
52.38,14.11,13.72,0.35
52.39,14.11,13.72,0.35
52.39,14.11,13.72,0.35
52.4,14.11,13.72,0.35
52.4,14.11,13.72,0.35
52.41,14.11,13.72,0.35
52.41,14.11,13.72,0.35
52.41,14.11,13.72,0.35
52.42,14.11,13.72,0.35
52.42,14.11,13.72,0.35
52.43,14.11,13.72,0.35
52.43,14.11,13.72,0.35
52.44,14.11,13.72,0.35
52.44,14.11,13.72,0.35
52.45,14.11,13.72,0.35
52.45,14.11,13.72,0.35
52.46,14.11,13.72,0.35
52.46,14.11,13.72,0.35
52.46,14.11,13.72,0.35
52.47,14.11,13.72,0.35
52.47,14.11,13.72,0.35
52.48,14.11,13.72,0.35
52.48,14.11,13.72,0.35
52.49,14.11,13.72,0.35
52.49,14.11,13.71,0.35
52.5,14.11,13.71,0.35
52.5,14.11,13.71,0.35
52.51,14.11,13.71,0.35
52.51,14.11,13.71,0.35
52.51,14.11,13.71,0.35
52.52,14.11,13.71,0.35
52.52,14.11,13.71,0.35
52.53,14.11,13.71,0.35
52.53,14.11,13.71,0.35
52.54,14.11,13.71,0.35
52.54,14.11,13.71,0.35
52.55,14.11,13.71,0.35
52.55,14.11,13.71,0.35
52.55,14.11,13.71,0.35
52.56,14.11,13.71,0.35
52.56,14.11,13.71,0.35
52.57,14.11,13.71,0.35
52.57,14.11,13.71,0.35
52.58,14.11,13.71,0.35
52.58,14.11,13.71,0.35
52.59,14.11,13.71,0.35
52.59,14.11,13.71,0.35
52.6,14.11,13.71,0.35
52.6,14.11,13.71,0.35
52.6,14.11,13.71,0.35
52.61,14.11,13.71,0.35
52.61,14.11,13.71,0.35
52.62,14.11,13.71,0.35
52.62,14.11,13.71,0.35
52.63,14.11,13.71,0.35
52.63,14.11,13.71,0.35
52.64,14.11,13.71,0.35
52.64,14.11,13.71,0.35
52.64,14.11,13.71,0.35
52.65,14.11,13.71,0.35
52.65,14.11,13.71,0.35
52.66,14.11,13.71,0.35
52.66,14.11,13.71,0.35
52.67,14.11,13.71,0.35
52.67,14.11,13.71,0.35
52.68,14.11,13.71,0.35
52.68,14.11,13.71,0.35
52.69,14.11,13.71,0.35
52.69,14.11,13.71,0.35
52.69,14.11,13.71,0.35
52.7,14.11,13.71,0.35
52.7,14.11,13.71,0.35
52.71,14.11,13.71,0.35
52.71,14.11,13.71,0.35
52.72,14.11,13.71,0.35
52.72,14.11,13.71,0.35
52.73,14.11,13.71,0.35
52.73,14.11,13.71,0.35
52.74,14.11,13.71,0.35
52.74,14.11,13.71,0.35
52.74,14.11,13.71,0.35
52.75,14.11,13.71,0.35
52.75,14.11,13.71,0.35
52.76,14.11,13.71,0.35
52.76,14.11,13.71,0.35
52.77,14.11,13.71,0.35
52.77,14.11,13.71,0.35
52.78,14.11,13.71,0.35
52.78,14.11,13.71,0.35
52.79,14.11,13.71,0.35
52.79,14.11,13.71,0.35
52.79,14.11,13.71,0.35
52.8,14.11,13.71,0.35
52.8,14.11,13.71,0.35
52.81,14.11,13.71,0.35
52.81,14.11,13.71,0.35
52.82,14.11,13.71,0.35
52.82,14.11,13.71,0.35
52.83,14.11,13.71,0.35
52.83,14.11,13.71,0.35
52.83,14.11,13.71,0.35
52.84,14.11,13.71,0.35
52.84,14.11,13.71,0.35
52.85,14.11,13.71,0.35
52.85,14.11,13.7,0.35
52.86,14.11,13.7,0.35
52.86,14.11,13.7,0.35
52.87,14.11,13.7,0.35
52.87,14.11,13.7,0.35
52.88,14.11,13.7,0.35
52.88,14.11,13.7,0.35
52.88,14.11,13.7,0.35
52.89,14.11,13.7,0.35
52.89,14.11,13.7,0.35
52.9,14.11,13.7,0.35
52.9,14.11,13.7,0.35
52.91,14.11,13.7,0.35
52.91,14.11,13.7,0.35
52.92,14.11,13.7,0.35
52.92,14.11,13.7,0.35
52.92,14.11,13.7,0.35
52.93,14.11,13.7,0.35
52.93,14.11,13.7,0.35
52.94,14.11,13.7,0.35
52.94,14.11,13.7,0.35
52.95,14.11,13.7,0.35
52.95,14.11,13.7,0.35
52.96,14.11,13.7,0.35
52.96,14.11,13.7,0.35
52.97,14.11,13.7,0.35
52.97,14.11,13.7,0.35
52.97,14.11,13.7,0.35
52.98,14.11,13.7,0.35
52.98,14.11,13.7,0.35
52.99,14.11,13.7,0.35
52.99,14.11,13.7,0.35
53.0,14.11,13.7,0.35
53.0,14.11,13.7,0.35
53.01,14.11,13.7,0.35
53.01,14.11,13.7,0.35
53.01,14.11,13.7,0.35
53.02,14.11,13.7,0.35
53.02,14.11,13.7,0.35
53.03,14.11,13.7,0.35
53.03,14.11,13.7,0.35
53.04,14.11,13.7,0.35
53.04,14.11,13.7,0.35
53.05,14.11,13.7,0.35
53.05,14.11,13.7,0.35
53.06,14.11,13.7,0.35
53.06,14.11,13.7,0.35
53.06,14.11,13.7,0.35
53.07,14.11,13.7,0.35
53.07,14.11,13.7,0.35
53.08,14.11,13.7,0.35
53.08,14.11,13.7,0.35
53.09,14.11,13.7,0.35
53.09,14.11,13.7,0.35
53.1,14.11,13.7,0.35
53.1,14.11,13.7,0.35
53.11,14.11,13.7,0.35
53.11,14.11,13.7,0.35
53.11,14.11,13.7,0.35
53.12,14.11,13.7,0.35
53.12,14.11,13.7,0.35
53.13,14.11,13.7,0.35
53.13,14.11,13.7,0.35
53.14,14.11,13.7,0.35
53.14,14.11,13.7,0.35
53.15,14.11,13.7,0.35
53.15,14.11,13.7,0.35
53.16,14.11,13.7,0.35
53.16,14.11,13.7,0.35
53.16,14.11,13.7,0.35
53.17,14.11,13.7,0.35
53.17,14.11,13.7,0.35
53.18,14.11,13.7,0.35
53.18,14.11,13.7,0.35
53.19,14.11,13.7,0.35
53.19,14.11,13.7,0.35
53.2,14.11,13.7,0.35
53.2,14.11,13.7,0.35
53.21,14.11,13.7,0.35
53.21,14.11,13.7,0.35
53.21,14.11,13.69,0.35
53.22,14.11,13.69,0.35
53.22,14.11,13.69,0.35
53.23,14.11,13.69,0.35
53.23,14.11,13.69,0.35
53.24,14.11,13.69,0.35
53.24,14.11,13.69,0.35
53.25,14.11,13.69,0.35
53.25,14.11,13.69,0.35
53.26,14.11,13.69,0.35
53.26,14.11,13.69,0.35
53.26,14.11,13.69,0.35
53.27,14.11,13.69,0.35
53.27,14.11,13.69,0.35
53.28,14.11,13.69,0.35
53.28,14.11,13.69,0.35
53.29,14.11,13.69,0.35
53.29,14.11,13.69,0.35
53.3,14.11,13.69,0.35
53.3,14.11,13.69,0.35
53.31,14.11,13.69,0.35
53.31,14.11,13.69,0.35
53.31,14.11,13.69,0.35
53.32,14.11,13.69,0.35
53.32,14.11,13.69,0.35
53.33,14.11,13.69,0.35
53.33,14.11,13.69,0.35
53.34,14.11,13.69,0.35
53.34,14.11,13.69,0.35
53.35,14.11,13.69,0.35
53.35,14.11,13.69,0.35
53.35,14.11,13.69,0.35
53.36,14.11,13.69,0.35
53.36,14.11,13.69,0.35
53.37,14.11,13.69,0.35
53.37,14.11,13.69,0.35
53.38,14.11,13.69,0.35
53.38,14.11,13.69,0.35
53.39,14.11,13.69,0.35
53.39,14.11,13.69,0.35
53.4,14.11,13.69,0.35
53.4,14.11,13.69,0.35
53.4,14.11,13.69,0.35
53.41,14.11,13.69,0.35
53.41,14.11,13.69,0.35
53.42,14.11,13.69,0.35
53.42,14.11,13.69,0.35
53.43,14.11,13.69,0.35
53.43,14.11,13.69,0.35
53.44,14.11,13.69,0.35
53.44,14.11,13.69,0.35
53.45,14.11,13.69,0.35
53.45,14.11,13.69,0.35
53.45,14.11,13.69,0.35
53.46,14.11,13.69,0.35
53.46,14.11,13.69,0.35
53.47,14.11,13.69,0.35
53.47,14.11,13.69,0.35
53.48,14.11,13.69,0.35
53.48,14.11,13.69,0.35
53.49,14.11,13.69,0.35
53.49,14.11,13.69,0.35
53.49,14.11,13.69,0.35
53.5,14.11,13.69,0.35
53.5,14.11,13.69,0.35
53.51,14.11,13.69,0.35
53.51,14.11,13.69,0.35
53.52,14.11,13.69,0.35
53.52,14.11,13.69,0.35
53.53,14.11,13.69,0.35
53.53,14.11,13.69,0.35
53.54,14.11,13.69,0.35
53.54,14.11,13.69,0.35
53.54,14.11,13.69,0.35
53.55,14.11,13.69,0.35
53.55,14.11,13.69,0.35
53.56,14.11,13.69,0.35
53.56,14.11,13.69,0.35
53.57,14.11,13.69,0.35
53.57,14.11,13.69,0.35
53.58,14.11,13.68,0.35
53.58,14.11,13.68,0.35
53.58,14.11,13.68,0.35
53.59,14.11,13.68,0.35
53.59,14.11,13.68,0.35
53.6,14.11,13.68,0.35
53.6,14.11,13.68,0.35
53.61,14.11,13.68,0.35
53.61,14.11,13.68,0.35
53.62,14.11,13.68,0.35
53.62,14.11,13.68,0.35
53.63,14.11,13.68,0.35
53.63,14.11,13.68,0.35
53.63,14.11,13.68,0.35
53.64,14.11,13.68,0.35
53.64,14.11,13.68,0.35
53.65,14.11,13.68,0.35
53.65,14.11,13.68,0.35
53.66,14.11,13.68,0.35
53.66,14.11,13.68,0.35
53.67,14.11,13.68,0.35
53.67,14.11,13.68,0.35
53.68,14.11,13.68,0.35
53.68,14.11,13.68,0.35
53.68,14.11,13.68,0.35
53.69,14.11,13.68,0.35
53.69,14.11,13.68,0.35
53.7,14.11,13.68,0.35
53.7,14.11,13.68,0.35
53.71,14.11,13.68,0.35
53.71,14.11,13.68,0.35
53.72,14.11,13.68,0.35
53.72,14.11,13.68,0.35
53.73,14.11,13.68,0.35
53.73,14.11,13.68,0.35
53.73,14.11,13.68,0.35
53.74,14.11,13.68,0.35
53.74,14.11,13.68,0.35
53.75,14.11,13.68,0.35
53.75,14.11,13.68,0.35
53.76,14.11,13.68,0.35
53.76,14.11,13.68,0.35
53.77,14.11,13.68,0.35
53.77,14.11,13.68,0.35
53.78,14.11,13.68,0.35
53.78,14.11,13.68,0.35
53.78,14.11,13.68,0.35
53.79,14.11,13.68,0.35
53.79,14.11,13.68,0.35
53.8,14.11,13.68,0.35
53.8,14.11,13.68,0.35
53.81,14.11,13.68,0.35
53.81,14.11,13.68,0.35
53.82,14.11,13.68,0.35
53.82,14.11,13.68,0.35
53.83,14.11,13.68,0.35
53.83,14.11,13.68,0.35
53.83,14.11,13.68,0.35
53.84,14.11,13.68,0.35
53.84,14.11,13.68,0.35
53.85,14.11,13.68,0.35
53.85,14.11,13.68,0.35
53.86,14.11,13.68,0.35
53.86,14.11,13.68,0.35
53.87,14.11,13.68,0.35
53.87,14.11,13.68,0.35
53.88,14.11,13.68,0.35
53.88,14.11,13.68,0.35
53.88,14.11,13.68,0.35
53.89,14.11,13.68,0.35
53.89,14.11,13.68,0.35
53.9,14.11,13.68,0.35
53.9,14.11,13.68,0.35
53.91,14.11,13.68,0.35
53.91,14.11,13.68,0.35
53.92,14.11,13.68,0.35
53.92,14.11,13.68,0.35
53.92,14.11,13.68,0.35
53.93,14.11,13.68,0.35
53.93,14.11,13.68,0.35
53.94,14.11,13.67,0.35
53.94,14.11,13.67,0.35
53.95,14.11,13.67,0.35
53.95,14.11,13.67,0.35
53.96,14.11,13.67,0.35
53.96,14.11,13.67,0.35
53.97,14.11,13.67,0.35
53.97,14.11,13.67,0.35
53.97,14.11,13.67,0.35
53.98,14.11,13.67,0.35
53.98,14.11,13.67,0.35
53.99,14.11,13.67,0.35
53.99,14.11,13.67,0.35
54.0,14.11,13.67,0.35
54.0,14.11,13.67,0.35
54.01,14.11,13.67,0.35
54.01,14.11,13.67,0.35
54.01,14.11,13.67,0.35
54.02,14.11,13.67,0.35
54.02,14.11,13.67,0.35
54.03,14.11,13.67,0.35
54.03,14.11,13.67,0.35
54.04,14.11,13.67,0.35
54.04,14.11,13.67,0.35
54.05,14.11,13.67,0.35
54.05,14.11,13.67,0.35
54.05,14.11,13.67,0.35
54.06,14.11,13.67,0.35
54.06,14.11,13.67,0.35
54.07,14.11,13.67,0.35
54.07,14.11,13.67,0.35
54.08,14.11,13.67,0.35
54.08,14.11,13.67,0.35
54.09,14.11,13.67,0.35
54.09,14.11,13.67,0.35
54.1,14.11,13.67,0.35
54.1,14.11,13.67,0.35
54.1,14.11,13.67,0.35
54.11,14.11,13.67,0.35
54.11,14.11,13.67,0.35
54.12,14.11,13.67,0.35
54.12,14.11,13.67,0.35
54.13,14.11,13.67,0.35
54.13,14.11,13.67,0.35
54.14,14.11,13.67,0.35
54.14,14.11,13.67,0.35
54.14,14.11,13.67,0.35
54.15,14.11,13.67,0.35
54.15,14.11,13.67,0.35
54.16,14.11,13.67,0.35
54.16,14.11,13.67,0.35
54.17,14.11,13.67,0.35
54.17,14.11,13.67,0.35
54.18,14.11,13.67,0.35
54.18,14.11,13.67,0.35
54.18,14.11,13.67,0.35
54.19,14.11,13.67,0.35
54.19,14.11,13.67,0.35
54.2,14.11,13.67,0.35
54.2,14.11,13.67,0.35
54.21,14.11,13.67,0.35
54.21,14.11,13.67,0.35
54.22,14.11,13.67,0.35
54.22,14.11,13.67,0.35
54.22,14.11,13.67,0.35
54.23,14.11,13.67,0.35
54.23,14.11,13.67,0.35
54.24,14.11,13.67,0.35
54.24,14.11,13.67,0.35
54.25,14.11,13.67,0.35
54.25,14.11,13.67,0.35
54.26,14.11,13.67,0.35
54.26,14.11,13.67,0.35
54.27,14.11,13.67,0.35
54.27,14.11,13.67,0.35
54.27,14.11,13.67,0.35
54.28,14.11,13.67,0.35
54.28,14.11,13.67,0.35
54.29,14.11,13.67,0.35
54.29,14.11,13.67,0.35
54.3,14.11,13.66,0.35
54.3,14.11,13.66,0.35
54.31,14.11,13.66,0.35
54.31,14.11,13.66,0.35
54.31,14.11,13.66,0.35
54.32,14.11,13.66,0.35
54.32,14.11,13.66,0.35
54.33,14.11,13.66,0.35
54.33,14.11,13.66,0.35
54.34,14.11,13.66,0.35
54.34,14.11,13.66,0.35
54.35,14.11,13.66,0.35
54.35,14.11,13.66,0.35
54.36,14.11,13.66,0.35
54.36,14.11,13.66,0.35
54.37,14.11,13.66,0.35
54.37,14.11,13.66,0.35
54.37,14.11,13.66,0.35
54.38,14.11,13.66,0.35
54.38,14.11,13.66,0.35
54.39,14.11,13.66,0.35
54.39,14.11,13.66,0.35
54.4,14.11,13.66,0.35
54.4,14.11,13.66,0.35
54.41,14.11,13.66,0.35
54.41,14.11,13.66,0.35
54.42,14.11,13.66,0.35
54.42,14.11,13.66,0.35
54.42,14.11,13.66,0.35
54.43,14.11,13.66,0.35
54.43,14.11,13.66,0.35
54.44,14.11,13.66,0.35
54.44,14.11,13.66,0.35
54.45,14.11,13.66,0.35
54.45,14.11,13.66,0.35
54.46,14.11,13.66,0.35
54.46,14.11,13.66,0.35
54.47,14.11,13.66,0.35
54.47,14.11,13.66,0.35
54.47,14.11,13.66,0.35
54.48,14.11,13.66,0.35
54.48,14.11,13.66,0.35
54.49,14.11,13.66,0.35
54.49,14.11,13.66,0.35
54.5,14.11,13.66,0.35
54.5,14.11,13.66,0.35
54.51,14.11,13.66,0.35
54.51,14.11,13.66,0.35
54.52,14.11,13.66,0.35
54.52,14.11,13.66,0.35
54.52,14.11,13.66,0.35
54.53,14.11,13.66,0.35
54.53,14.11,13.66,0.35
54.54,14.11,13.66,0.35
54.54,14.11,13.66,0.35
54.55,14.11,13.66,0.35
54.55,14.11,13.66,0.35
54.56,14.11,13.66,0.35
54.56,14.11,13.66,0.35
54.57,14.11,13.66,0.35
54.57,14.11,13.66,0.35
54.57,14.11,13.66,0.35
54.58,14.11,13.66,0.35
54.58,14.11,13.66,0.35
54.59,14.11,13.66,0.35
54.59,14.11,13.66,0.35
54.6,14.11,13.66,0.35
54.6,14.11,13.66,0.35
54.61,14.11,13.66,0.35
54.61,14.11,13.66,0.35
54.62,14.11,13.66,0.35
54.62,14.11,13.66,0.35
54.62,14.11,13.66,0.35
54.63,14.11,13.66,0.35
54.63,14.11,13.66,0.35
54.64,14.11,13.66,0.35
54.64,14.11,13.66,0.35
54.65,14.11,13.66,0.35
54.65,14.11,13.66,0.35
54.66,14.11,13.66,0.35
54.66,14.11,13.65,0.35
54.67,14.11,13.65,0.35
54.67,14.11,13.65,0.35
54.67,14.11,13.65,0.35
54.68,14.11,13.65,0.35
54.68,14.11,13.65,0.35
54.69,14.11,13.65,0.35
54.69,14.11,13.65,0.35
54.7,14.11,13.65,0.35
54.7,14.11,13.65,0.35
54.71,14.11,13.65,0.35
54.71,14.11,13.65,0.35
54.72,14.11,13.65,0.35
54.72,14.11,13.65,0.35
54.72,14.11,13.65,0.35
54.73,14.11,13.65,0.35
54.73,14.11,13.65,0.35
54.74,14.11,13.65,0.35
54.74,14.11,13.65,0.35
54.75,14.11,13.65,0.35
54.75,14.11,13.65,0.35
54.76,14.11,13.65,0.35
54.76,14.11,13.65,0.35
54.77,14.11,13.65,0.35
54.77,14.11,13.65,0.35
54.77,14.11,13.65,0.35
54.78,14.11,13.65,0.35
54.78,14.11,13.65,0.35
54.79,14.11,13.65,0.35
54.79,14.11,13.65,0.35
54.8,14.11,13.65,0.35
54.8,14.11,13.65,0.35
54.81,14.11,13.65,0.35
54.81,14.11,13.65,0.35
54.82,14.11,13.65,0.35
54.82,14.11,13.65,0.35
54.82,14.11,13.65,0.35
54.83,14.11,13.65,0.35
54.83,14.11,13.65,0.35
54.84,14.11,13.65,0.35
54.84,14.11,13.65,0.35
54.85,14.11,13.65,0.35
54.85,14.11,13.65,0.35
54.86,14.11,13.65,0.35
54.86,14.11,13.65,0.35
54.86,14.11,13.65,0.35
54.87,14.11,13.65,0.35
54.87,14.11,13.65,0.35
54.88,14.11,13.65,0.35
54.88,14.11,13.65,0.35
54.89,14.11,13.65,0.35
54.89,14.11,13.65,0.35
54.9,14.11,13.65,0.35
54.9,14.11,13.65,0.35
54.91,14.11,13.65,0.35
54.91,14.11,13.65,0.35
54.91,14.11,13.65,0.35
54.92,14.11,13.65,0.35
54.92,14.11,13.65,0.35
54.93,14.11,13.65,0.35
54.93,14.11,13.65,0.35
54.94,14.11,13.65,0.35
54.94,14.11,13.65,0.35
54.95,14.11,13.65,0.35
54.95,14.11,13.65,0.35
54.95,14.11,13.65,0.35
54.96,14.11,13.65,0.35
54.96,14.11,13.65,0.35
54.97,14.11,13.65,0.35
54.97,14.11,13.65,0.35
54.98,14.11,13.65,0.35
54.98,14.11,13.65,0.35
54.99,14.11,13.65,0.35
54.99,14.11,13.65,0.35
55.0,14.11,13.65,0.35
55.0,14.11,13.65,0.35
55.0,14.11,13.65,0.35
55.01,14.11,13.65,0.35
55.01,14.11,13.65,0.35
55.02,14.11,13.65,0.35
55.02,14.11,13.64,0.35
55.03,14.11,13.64,0.35
55.03,14.11,13.64,0.35
55.04,14.11,13.64,0.35
55.04,14.11,13.64,0.35
55.05,14.11,13.64,0.35
55.05,14.11,13.64,0.35
55.05,14.11,13.64,0.35
55.06,14.11,13.64,0.35
55.06,14.11,13.64,0.35
55.07,14.11,13.64,0.35
55.07,14.11,13.64,0.35
55.08,14.11,13.64,0.35
55.08,14.11,13.64,0.35
55.09,14.11,13.64,0.35
55.09,14.11,13.64,0.35
55.1,14.11,13.64,0.35
55.1,14.11,13.64,0.35
55.1,14.11,13.64,0.35
55.11,14.11,13.64,0.35
55.11,14.11,13.64,0.35
55.12,14.11,13.64,0.35
55.12,14.11,13.64,0.35
55.13,14.11,13.64,0.35
55.13,14.11,13.64,0.35
55.14,14.11,13.64,0.35
55.14,14.11,13.64,0.35
55.15,14.11,13.64,0.35
55.15,14.11,13.64,0.35
55.15,14.11,13.64,0.35
55.16,14.11,13.64,0.35
55.16,14.11,13.64,0.35
55.17,14.11,13.64,0.35
55.17,14.11,13.64,0.35
55.18,14.11,13.64,0.35
55.18,14.11,13.64,0.35
55.19,14.11,13.64,0.35
55.19,14.11,13.64,0.35
55.2,14.11,13.64,0.35
55.2,14.11,13.64,0.35
55.2,14.11,13.64,0.35
55.21,14.11,13.64,0.35
55.21,14.11,13.64,0.35
55.22,14.11,13.64,0.35
55.22,14.11,13.64,0.35
55.23,14.11,13.64,0.35
55.23,14.11,13.64,0.35
55.24,14.11,13.64,0.35
55.24,14.11,13.64,0.35
55.24,14.11,13.64,0.35
55.25,14.11,13.64,0.35
55.25,14.11,13.64,0.35
55.26,14.11,13.64,0.35
55.26,14.11,13.64,0.35
55.27,14.11,13.64,0.35
55.27,14.11,13.64,0.35
55.28,14.11,13.64,0.35
55.28,14.11,13.64,0.35
55.29,14.11,13.64,0.35
55.29,14.11,13.64,0.35
55.29,14.11,13.64,0.35
55.3,14.11,13.64,0.35
55.3,14.11,13.64,0.35
55.31,14.11,13.64,0.35
55.31,14.11,13.64,0.35
55.32,14.11,13.64,0.35
55.32,14.11,13.64,0.35
55.33,14.11,13.64,0.35
55.33,14.11,13.64,0.35
55.33,14.11,13.64,0.35
55.34,14.11,13.64,0.35
55.34,14.11,13.64,0.35
55.35,14.11,13.64,0.35
55.35,14.11,13.64,0.35
55.36,14.11,13.64,0.35
55.36,14.11,13.64,0.35
55.37,14.11,13.64,0.35
55.37,14.11,13.64,0.35
55.38,14.11,13.64,0.35
55.38,14.11,13.64,0.35
55.38,14.11,13.63,0.35
55.39,14.11,13.63,0.35
55.39,14.11,13.63,0.35
55.4,14.11,13.63,0.35
55.4,14.11,13.63,0.35
55.41,14.11,13.63,0.35
55.41,14.11,13.63,0.35
55.42,14.11,13.63,0.35
55.42,14.11,13.63,0.35
55.43,14.11,13.63,0.35
55.43,14.11,13.63,0.35
55.43,14.11,13.63,0.35
55.44,14.11,13.63,0.35
55.44,14.11,13.63,0.35
55.45,14.11,13.63,0.35
55.45,14.11,13.63,0.35
55.46,14.11,13.63,0.35
55.46,14.11,13.63,0.35
55.47,14.11,13.63,0.35
55.47,14.11,13.63,0.35
55.48,14.11,13.63,0.35
55.48,14.11,13.63,0.35
55.49,14.11,13.63,0.35
55.49,14.11,13.63,0.35
55.49,14.11,13.63,0.35
55.5,14.11,13.63,0.35
55.5,14.11,13.63,0.35
55.51,14.11,13.63,0.35
55.51,14.11,13.63,0.35
55.52,14.11,13.63,0.35
55.52,14.11,13.63,0.35
55.53,14.11,13.63,0.35
55.53,14.11,13.63,0.35
55.54,14.11,13.63,0.35
55.54,14.11,13.63,0.35
55.54,14.11,13.63,0.35
55.55,14.11,13.63,0.35
55.55,14.11,13.63,0.35
55.56,14.11,13.63,0.35
55.56,14.11,13.63,0.35
55.57,14.11,13.63,0.35
55.57,14.11,13.63,0.35
55.58,14.11,13.63,0.35
55.58,14.11,13.63,0.35
55.59,14.11,13.63,0.35
55.59,14.11,13.63,0.35
55.6,14.11,13.63,0.35
55.6,14.11,13.63,0.35
55.6,14.11,13.63,0.35
55.61,14.11,13.63,0.35
55.61,14.11,13.63,0.35
55.62,14.11,13.63,0.35
55.62,14.11,13.63,0.35
55.63,14.11,13.63,0.35
55.63,14.11,13.63,0.35
55.64,14.11,13.63,0.35
55.64,14.11,13.63,0.35
55.65,14.11,13.63,0.35
55.65,14.11,13.63,0.35
55.65,14.11,13.63,0.35
55.66,14.11,13.63,0.35
55.66,14.11,13.63,0.35
55.67,14.11,13.63,0.35
55.67,14.11,13.63,0.35
55.68,14.11,13.63,0.35
55.68,14.11,13.63,0.35
55.69,14.11,13.63,0.35
55.69,14.11,13.63,0.35
55.7,14.11,13.63,0.35
55.7,14.11,13.63,0.35
55.7,14.11,13.63,0.35
55.71,14.11,13.63,0.35
55.71,14.11,13.63,0.35
55.72,14.11,13.63,0.35
55.72,14.11,13.63,0.35
55.73,14.11,13.63,0.35
55.73,14.11,13.63,0.35
55.74,14.11,13.63,0.35
55.74,14.11,13.63,0.35
55.75,14.11,13.63,0.35
55.75,14.11,13.62,0.35
55.76,14.11,13.62,0.35
55.76,14.11,13.62,0.35
55.76,14.11,13.62,0.35
55.77,14.11,13.62,0.35
55.77,14.11,13.62,0.35
55.78,14.11,13.62,0.35
55.78,14.11,13.62,0.35
55.79,14.11,13.62,0.35
55.79,14.11,13.62,0.35
55.8,14.11,13.62,0.35
