Temps,Altitude_Radar_m,Niveau_Reservoir_L,Indice_NDVI,Masse_Actuelle_kg
0.0,-0.6,100.0,0.8,15.0
0.0,-0.6,100.0,0.8,15.0
0.01,-0.6,100.0,0.8,15.0
0.02,-0.6,100.0,0.8,15.0
0.02,-0.6,100.0,0.8,15.0
0.03,-0.6,100.0,0.8,15.0
0.03,-0.6,100.0,0.8,15.0
0.04,-0.6,100.0,0.8,15.0
0.04,-0.6,100.0,0.8,15.0
0.05,-0.6,100.0,0.8,15.0
0.05,-0.61,100.0,0.8,15.0
0.06,-0.61,100.0,0.8,15.0
0.06,-0.61,100.0,0.8,15.0
0.07,-0.61,100.0,0.8,15.0
0.07,-0.61,100.0,0.8,15.0
0.08,-0.61,100.0,0.8,15.0
0.08,-0.61,100.0,0.8,15.0
0.09,-0.62,100.0,0.8,15.0
0.09,-0.62,100.0,0.8,15.0
0.1,-0.62,100.0,0.8,15.0
0.1,-0.62,100.0,0.8,15.0
0.11,-0.62,100.0,0.8,15.0
0.11,-0.63,100.0,0.8,15.0
0.12,-0.63,100.0,0.8,15.0
0.13,-0.63,100.0,0.8,15.0
0.13,-0.63,100.0,0.8,15.0
0.14,-0.64,100.0,0.8,15.0
0.14,-0.64,100.0,0.8,15.0
0.15,-0.64,100.0,0.8,15.0
0.15,-0.65,100.0,0.8,15.0
0.16,-0.65,100.0,0.8,15.0
0.16,-0.65,100.0,0.8,15.0
0.17,-0.66,100.0,0.8,15.0
0.17,-0.66,100.0,0.8,15.0
0.18,-0.66,100.0,0.8,15.0
0.18,-0.67,100.0,0.8,15.0
0.19,-0.67,100.0,0.8,15.0
0.19,-0.67,100.0,0.8,15.0
0.2,-0.68,100.0,0.8,15.0
0.2,-0.68,100.0,0.8,15.0
0.21,-0.69,100.0,0.8,15.0
0.21,-0.69,100.0,0.8,15.0
0.22,-0.7,100.0,0.8,15.0
0.22,-0.7,100.0,0.8,15.0
0.23,-0.7,100.0,0.8,15.0
0.23,-0.71,100.0,0.8,15.0
0.24,-0.71,100.0,0.8,15.0
0.24,-0.72,100.0,0.8,15.0
0.25,-0.72,100.0,0.8,15.0
0.25,-0.73,100.0,0.8,15.0
0.26,-0.74,100.0,0.8,15.0
0.26,-0.74,100.0,0.8,15.0
0.27,-0.74,100.0,0.8,15.0
0.27,-0.74,100.0,0.8,15.0
0.28,-0.74,100.0,0.8,15.0
0.28,-0.74,100.0,0.8,15.0
0.29,-0.74,100.0,0.8,15.0
0.29,-0.74,100.0,0.8,15.0
0.3,-0.74,100.0,0.8,15.0
0.3,-0.74,100.0,0.8,15.0
0.31,-0.74,100.0,0.8,15.0
0.31,-0.74,100.0,0.8,15.0
0.32,-0.74,100.0,0.8,15.0
0.32,-0.74,100.0,0.8,15.0
0.33,-0.74,100.0,0.8,15.0
0.33,-0.74,100.0,0.8,15.0
0.34,-0.74,100.0,0.8,15.0
0.35,-0.74,100.0,0.8,15.0
0.35,-0.74,100.0,0.8,15.0
0.36,-0.74,100.0,0.8,15.0
0.36,-0.74,100.0,0.8,15.0
0.37,-0.74,100.0,0.8,15.0
0.37,-0.74,100.0,0.8,15.0
0.38,-0.74,100.0,0.8,15.0
0.38,-0.74,100.0,0.8,15.0
0.39,-0.74,100.0,0.8,15.0
0.39,-0.74,100.0,0.8,15.0
0.4,-0.74,100.0,0.8,15.0
0.4,-0.74,100.0,0.8,15.0
0.41,-0.74,100.0,0.8,15.0
0.41,-0.74,100.0,0.8,15.0
0.42,-0.74,100.0,0.8,15.0
0.42,-0.74,100.0,0.8,15.0
0.43,-0.74,100.0,0.8,15.0
0.43,-0.74,100.0,0.8,15.0
0.44,-0.74,100.0,0.8,15.0
0.44,-0.74,100.0,0.8,15.0
0.45,-0.74,100.0,0.8,15.0
0.46,-0.74,100.0,0.8,15.0
0.46,-0.74,100.0,0.8,15.0
0.46,-0.74,100.0,0.8,15.0
0.47,-0.74,100.0,0.8,15.0
0.48,-0.74,100.0,0.8,15.0
0.48,-0.74,100.0,0.8,15.0
0.49,-0.74,100.0,0.8,15.0
0.49,-0.74,100.0,0.8,15.0
0.5,-0.74,100.0,0.8,15.0
0.5,-0.74,100.0,0.8,15.0
0.51,-0.74,100.0,0.8,15.0
0.51,-0.74,100.0,0.8,15.0
0.52,-0.74,100.0,0.8,15.0
0.52,-0.74,100.0,0.8,15.0
0.53,-0.74,100.0,0.8,15.0
0.53,-0.74,100.0,0.8,15.0
0.54,-0.74,100.0,0.8,15.0
0.54,-0.74,100.0,0.8,15.0
0.54,-0.74,100.0,0.8,15.0
0.55,-0.74,100.0,0.8,15.0
0.56,-0.74,100.0,0.8,15.0
0.56,-0.74,100.0,0.8,15.0
0.57,-0.74,100.0,0.8,15.0
0.58,-0.74,100.0,0.8,15.0
0.58,-0.74,100.0,0.8,15.0
0.59,-0.74,100.0,0.8,15.0
0.59,-0.74,100.0,0.8,15.0
0.6,-0.74,100.0,0.8,15.0
0.6,-0.74,100.0,0.8,15.0
0.61,-0.74,100.0,0.8,15.0
0.62,-0.74,100.0,0.8,15.0
0.62,-0.74,100.0,0.8,15.0
0.62,-0.74,100.0,0.8,15.0
0.63,-0.74,100.0,0.8,15.0
0.63,-0.74,100.0,0.8,15.0
0.64,-0.74,100.0,0.8,15.0
0.64,-0.74,100.0,0.8,15.0
0.65,-0.74,100.0,0.8,15.0
0.66,-0.74,100.0,0.8,15.0
0.66,-0.74,100.0,0.8,15.0
0.67,-0.74,100.0,0.8,15.0
0.67,-0.74,100.0,0.8,15.0
0.68,-0.74,100.0,0.8,15.0
0.69,-0.74,100.0,0.8,15.0
0.69,-0.74,100.0,0.8,15.0
0.7,-0.74,100.0,0.8,15.0
0.7,-0.74,100.0,0.8,15.0
0.71,-0.74,100.0,0.8,15.0
0.71,-0.74,100.0,0.8,15.0
0.72,-0.74,100.0,0.8,15.0
0.72,-0.74,100.0,0.8,15.0
0.73,-0.74,100.0,0.8,15.0
0.73,-0.74,100.0,0.8,15.0
0.74,-0.74,100.0,0.8,15.0
0.74,-0.74,100.0,0.8,15.0
0.75,-0.74,100.0,0.8,15.0
0.75,-0.74,100.0,0.8,15.0
0.76,-0.74,100.0,0.8,15.0
0.77,-0.74,100.0,0.8,15.0
0.77,-0.74,100.0,0.8,15.0
0.78,-0.74,100.0,0.8,15.0
0.78,-0.74,100.0,0.8,15.0
0.79,-0.74,100.0,0.8,15.0
0.8,-0.74,100.0,0.8,15.0
0.8,-0.74,100.0,0.8,15.0
0.81,-0.74,100.0,0.8,15.0
0.81,-0.74,100.0,0.8,15.0
0.82,-0.74,100.0,0.8,15.0
0.82,-0.74,100.0,0.8,15.0
0.83,-0.74,100.0,0.8,15.0
0.83,-0.74,100.0,0.8,15.0
0.84,-0.74,100.0,0.8,15.0
0.84,-0.74,100.0,0.8,15.0
0.85,-0.74,100.0,0.8,15.0
0.85,-0.74,100.0,0.8,15.0
0.86,-0.74,100.0,0.8,15.0
0.87,-0.74,100.0,0.8,15.0
0.87,-0.74,100.0,0.8,15.0
0.88,-0.74,100.0,0.8,15.0
0.88,-0.74,100.0,0.8,15.0
0.89,-0.74,100.0,0.8,15.0
0.89,-0.74,100.0,0.8,15.0
0.9,-0.74,100.0,0.8,15.0
0.9,-0.74,100.0,0.8,15.0
0.91,-0.74,100.0,0.8,15.0
0.91,-0.74,100.0,0.8,15.0
0.92,-0.74,100.0,0.8,15.0
0.92,-0.74,100.0,0.8,15.0
0.93,-0.74,100.0,0.8,15.0
0.94,-0.74,100.0,0.8,15.0
0.94,-0.74,100.0,0.8,15.0
0.95,-0.74,100.0,0.8,15.0
0.95,-0.74,100.0,0.8,15.0
0.96,-0.74,100.0,0.8,15.0
0.96,-0.74,100.0,0.8,15.0
0.97,-0.74,100.0,0.8,15.0
0.97,-0.74,100.0,0.8,15.0
0.98,-0.74,100.0,0.8,15.0
0.98,-0.74,100.0,0.8,15.0
0.99,-0.74,100.0,0.8,15.0
0.99,-0.74,100.0,0.8,15.0
1.0,-0.74,100.0,0.8,15.0
1.0,-0.74,100.0,0.8,15.0
1.01,-0.74,100.0,0.8,15.0
1.01,-0.74,100.0,0.8,15.0
1.02,-0.74,100.0,0.8,15.0
1.02,-0.74,100.0,0.8,15.0
1.03,-0.74,100.0,0.8,15.0
1.03,-0.74,100.0,0.8,15.0
1.04,-0.74,100.0,0.8,15.0
1.04,-0.74,100.0,0.8,15.0
1.05,-0.74,100.0,0.8,15.0
1.06,-0.74,100.0,0.8,15.0
1.06,-0.74,100.0,0.8,15.0
1.07,-0.74,100.0,0.8,15.0
1.07,-0.74,100.0,0.8,15.0
1.08,-0.74,100.0,0.8,15.0
1.08,-0.74,100.0,0.8,15.0
1.09,-0.74,100.0,0.8,15.0
1.1,-0.74,100.0,0.8,15.0
1.1,-0.74,100.0,0.8,15.0
1.11,-0.74,100.0,0.8,15.0
1.11,-0.74,100.0,0.8,15.0
1.12,-0.74,100.0,0.8,15.0
1.12,-0.74,100.0,0.8,15.0
1.13,-0.74,100.0,0.8,15.0
1.13,-0.74,100.0,0.8,15.0
1.14,-0.74,100.0,0.8,15.0
1.15,-0.74,100.0,0.8,15.0
1.15,-0.74,100.0,0.8,15.0
1.16,-0.74,100.0,0.8,15.0
1.16,-0.74,100.0,0.8,15.0
1.17,-0.74,100.0,0.8,15.0
1.17,-0.74,100.0,0.8,15.0
1.18,-0.74,100.0,0.8,15.0
1.18,-0.74,100.0,0.8,15.0
1.19,-0.74,100.0,0.8,15.0
1.19,-0.74,100.0,0.8,15.0
1.2,-0.74,100.0,0.8,15.0
1.2,-0.74,100.0,0.8,15.0
1.21,-0.74,100.0,0.8,15.0
1.21,-0.74,100.0,0.8,15.0
1.22,-0.74,100.0,0.8,15.0
1.22,-0.74,100.0,0.8,15.0
1.23,-0.74,100.0,0.8,15.0
1.23,-0.74,100.0,0.8,15.0
1.24,-0.74,100.0,0.8,15.0
1.24,-0.74,100.0,0.8,15.0
1.25,-0.74,100.0,0.8,15.0
1.26,-0.74,100.0,0.8,15.0
1.26,-0.74,100.0,0.8,15.0
1.27,-0.74,100.0,0.8,15.0
1.27,-0.74,100.0,0.8,15.0
1.28,-0.74,100.0,0.8,15.0
1.28,-0.74,100.0,0.8,15.0
1.29,-0.74,100.0,0.8,15.0
1.3,-0.74,100.0,0.8,15.0
1.3,-0.74,100.0,0.8,15.0
1.31,-0.74,100.0,0.8,15.0
1.31,-0.74,100.0,0.8,15.0
1.32,-0.74,100.0,0.8,15.0
1.32,-0.74,100.0,0.8,15.0
1.33,-0.74,100.0,0.8,15.0
1.33,-0.74,100.0,0.8,15.0
1.34,-0.74,100.0,0.8,15.0
1.34,-0.74,100.0,0.8,15.0
1.35,-0.74,100.0,0.8,15.0
1.35,-0.74,100.0,0.8,15.0
1.36,-0.74,100.0,0.8,15.0
1.36,-0.74,100.0,0.8,15.0
1.37,-0.74,100.0,0.8,15.0
1.37,-0.74,100.0,0.8,15.0
1.38,-0.74,100.0,0.8,15.0
1.38,-0.74,100.0,0.8,15.0
1.39,-0.74,100.0,0.8,15.0
1.39,-0.74,100.0,0.8,15.0
1.4,-0.74,100.0,0.8,15.0
1.4,-0.74,100.0,0.8,15.0
1.41,-0.74,100.0,0.8,15.0
1.41,-0.74,100.0,0.8,15.0
1.42,-0.74,100.0,0.8,15.0
1.42,-0.74,100.0,0.8,15.0
1.43,-0.74,100.0,0.8,15.0
1.43,-0.74,100.0,0.8,15.0
1.44,-0.74,100.0,0.8,15.0
1.44,-0.74,100.0,0.8,15.0
1.45,-0.74,100.0,0.8,15.0
1.45,-0.74,100.0,0.8,15.0
1.46,-0.74,100.0,0.8,15.0
1.47,-0.74,100.0,0.8,15.0
1.47,-0.74,100.0,0.8,15.0
1.48,-0.74,100.0,0.8,15.0
1.48,-0.74,100.0,0.8,15.0
1.49,-0.74,100.0,0.8,15.0
1.49,-0.74,100.0,0.8,15.0
1.5,-0.74,100.0,0.8,15.0
1.5,-0.74,100.0,0.8,15.0
1.51,-0.74,100.0,0.8,15.0
1.51,-0.74,100.0,0.8,15.0
1.52,-0.74,100.0,0.8,15.0
1.52,-0.74,100.0,0.8,15.0
1.53,-0.74,100.0,0.8,15.0
1.53,-0.74,100.0,0.8,15.0
1.54,-0.74,100.0,0.8,15.0
1.54,-0.74,100.0,0.8,15.0
1.55,-0.74,100.0,0.8,15.0
1.55,-0.74,100.0,0.8,15.0
1.56,-0.74,100.0,0.8,15.0
1.56,-0.74,100.0,0.8,15.0
1.57,-0.74,100.0,0.8,15.0
1.58,-0.74,100.0,0.8,15.0
1.58,-0.74,100.0,0.8,15.0
1.59,-0.74,100.0,0.8,15.0
1.59,-0.74,100.0,0.8,15.0
1.6,-0.74,100.0,0.8,15.0
1.6,-0.74,100.0,0.8,15.0
1.61,-0.74,100.0,0.8,15.0
1.62,-0.74,100.0,0.8,15.0
1.62,-0.74,100.0,0.8,15.0
1.62,-0.74,100.0,0.8,15.0
1.63,-0.74,100.0,0.8,15.0
1.63,-0.74,100.0,0.8,15.0
1.64,-0.74,100.0,0.8,15.0
1.64,-0.74,100.0,0.8,15.0
1.65,-0.74,100.0,0.8,15.0
1.65,-0.74,100.0,0.8,15.0
1.66,-0.74,100.0,0.8,15.0
1.67,-0.74,100.0,0.8,15.0
1.67,-0.74,100.0,0.8,15.0
1.68,-0.74,100.0,0.8,15.0
1.68,-0.74,100.0,0.8,15.0
1.69,-0.74,100.0,0.8,15.0
1.69,-0.74,100.0,0.8,15.0
1.7,-0.74,100.0,0.8,15.0
1.7,-0.74,100.0,0.8,15.0
1.71,-0.74,100.0,0.8,15.0
1.71,-0.74,100.0,0.8,15.0
1.72,-0.74,100.0,0.8,15.0
1.72,-0.74,100.0,0.8,15.0
1.73,-0.74,100.0,0.8,15.0
1.73,-0.74,100.0,0.8,15.0
1.74,-0.74,100.0,0.8,15.0
1.74,-0.74,100.0,0.8,15.0
1.75,-0.74,100.0,0.8,15.0
1.76,-0.74,100.0,0.8,15.0
1.77,-0.74,100.0,0.8,15.0
1.78,-0.74,100.0,0.8,15.0
1.78,-0.74,100.0,0.8,15.0
1.79,-0.74,100.0,0.8,15.0
1.79,-0.74,100.0,0.8,15.0
1.8,-0.74,100.0,0.8,15.0
1.8,-0.74,100.0,0.8,15.0
1.81,-0.74,100.0,0.8,15.0
1.81,-0.74,100.0,0.8,15.0
1.82,-0.74,100.0,0.8,15.0
1.82,-0.74,100.0,0.8,15.0
1.83,-0.74,100.0,0.8,15.0
1.84,-0.74,100.0,0.8,15.0
1.84,-0.74,100.0,0.8,15.0
1.85,-0.74,100.0,0.8,15.0
1.85,-0.74,100.0,0.8,15.0
1.86,-0.74,100.0,0.8,15.0
1.87,-0.74,100.0,0.8,15.0
1.87,-0.74,100.0,0.8,15.0
1.88,-0.74,100.0,0.8,15.0
1.88,-0.74,100.0,0.8,15.0
1.88,-0.74,100.0,0.8,15.0
1.89,-0.74,100.0,0.8,15.0
1.9,-0.74,100.0,0.8,15.0
1.9,-0.74,100.0,0.8,15.0
1.91,-0.74,100.0,0.8,15.0
1.91,-0.74,100.0,0.8,15.0
1.92,-0.74,100.0,0.8,15.0
1.92,-0.74,100.0,0.8,15.0
1.93,-0.74,100.0,0.8,15.0
1.93,-0.74,100.0,0.8,15.0
1.94,-0.74,100.0,0.8,15.0
1.94,-0.74,100.0,0.8,15.0
1.95,-0.74,100.0,0.8,15.0
1.95,-0.74,100.0,0.8,15.0
1.95,-0.74,100.0,0.8,15.0
1.96,-0.74,100.0,0.8,15.0
1.97,-0.74,100.0,0.8,15.0
1.97,-0.74,100.0,0.8,15.0
1.98,-0.74,100.0,0.8,15.0
1.98,-0.74,100.0,0.8,15.0
1.99,-0.74,100.0,0.8,15.0
1.99,-0.74,100.0,0.8,15.0
2.0,-0.74,100.0,0.8,15.0
2.0,-0.74,100.0,0.8,15.0
2.01,-0.74,100.0,0.8,15.0
2.01,-0.74,100.0,0.8,15.0
2.02,-0.74,100.0,0.8,15.0
2.02,-0.74,100.0,0.8,15.0
2.03,-0.74,100.0,0.8,15.0
2.03,-0.74,100.0,0.8,15.0
2.04,-0.74,100.0,0.8,15.0
2.04,-0.74,100.0,0.8,15.0
2.05,-0.74,100.0,0.8,15.0
2.05,-0.74,100.0,0.8,15.0
2.06,-0.74,100.0,0.8,15.0
2.06,-0.74,100.0,0.8,15.0
2.07,-0.74,100.0,0.8,15.0
2.08,-0.74,100.0,0.8,15.0
2.08,-0.74,100.0,0.8,15.0
2.09,-0.74,100.0,0.8,15.0
2.09,-0.74,100.0,0.8,15.0
2.1,-0.74,100.0,0.8,15.0
2.1,-0.74,100.0,0.8,15.0
2.11,-0.74,100.0,0.8,15.0
2.11,-0.74,100.0,0.8,15.0
2.12,-0.74,100.0,0.8,15.0
2.12,-0.74,100.0,0.8,15.0
2.13,-0.74,100.0,0.8,15.0
2.14,-0.74,100.0,0.8,15.0
2.14,-0.74,100.0,0.8,15.0
2.15,-0.74,100.0,0.8,15.0
2.15,-0.74,100.0,0.8,15.0
2.16,-0.74,100.0,0.8,15.0
2.16,-0.74,100.0,0.8,15.0
2.17,-0.74,100.0,0.8,15.0
2.18,-0.74,100.0,0.8,15.0
2.18,-0.74,100.0,0.8,15.0
2.18,-0.74,100.0,0.8,15.0
2.19,-0.74,100.0,0.8,15.0
2.2,-0.74,100.0,0.8,15.0
2.2,-0.74,100.0,0.8,15.0
2.21,-0.74,100.0,0.8,15.0
2.21,-0.74,100.0,0.8,15.0
2.22,-0.74,100.0,0.8,15.0
2.22,-0.74,100.0,0.8,15.0
2.23,-0.74,100.0,0.8,15.0
2.23,-0.74,100.0,0.8,15.0
2.24,-0.74,100.0,0.8,15.0
2.24,-0.74,100.0,0.8,15.0
2.25,-0.74,100.0,0.8,15.0
2.25,-0.74,100.0,0.8,15.0
2.26,-0.74,100.0,0.8,15.0
2.26,-0.74,100.0,0.8,15.0
2.27,-0.74,100.0,0.8,15.0
2.27,-0.74,100.0,0.8,15.0
2.28,-0.74,100.0,0.8,15.0
2.28,-0.74,100.0,0.8,15.0
2.29,-0.74,100.0,0.8,15.0
2.3,-0.74,100.0,0.8,15.0
2.3,-0.74,100.0,0.8,15.0
2.31,-0.74,100.0,0.8,15.0
2.31,-0.74,100.0,0.8,15.0
2.32,-0.74,100.0,0.8,15.0
2.32,-0.74,100.0,0.8,15.0
2.33,-0.74,100.0,0.8,15.0
2.33,-0.74,100.0,0.8,15.0
2.34,-0.74,100.0,0.8,15.0
2.34,-0.74,100.0,0.8,15.0
2.35,-0.74,100.0,0.8,15.0
2.35,-0.74,100.0,0.8,15.0
2.36,-0.74,100.0,0.8,15.0
2.36,-0.74,100.0,0.8,15.0
2.37,-0.74,100.0,0.8,15.0
2.37,-0.74,100.0,0.8,15.0
2.38,-0.74,100.0,0.8,15.0
2.38,-0.74,100.0,0.8,15.0
2.39,-0.74,100.0,0.8,15.0
2.39,-0.74,100.0,0.8,15.0
2.4,-0.74,100.0,0.8,15.0
2.4,-0.74,100.0,0.8,15.0
2.41,-0.74,100.0,0.8,15.0
2.41,-0.74,100.0,0.8,15.0
2.42,-0.74,100.0,0.8,15.0
2.42,-0.74,100.0,0.8,15.0
2.43,-0.74,100.0,0.8,15.0
2.43,-0.74,100.0,0.8,15.0
2.44,-0.74,100.0,0.8,15.0
2.44,-0.74,100.0,0.8,15.0
2.45,-0.74,100.0,0.8,15.0
2.45,-0.74,100.0,0.8,15.0
2.46,-0.74,100.0,0.8,15.0
2.46,-0.74,100.0,0.8,15.0
2.47,-0.74,100.0,0.8,15.0
2.48,-0.74,100.0,0.8,15.0
2.48,-0.74,100.0,0.8,15.0
2.49,-0.74,100.0,0.8,15.0
2.49,-0.74,100.0,0.8,15.0
2.5,-0.74,100.0,0.8,15.0
2.5,-0.74,100.0,0.8,15.0
2.51,-0.74,100.0,0.8,15.0
2.51,-0.74,100.0,0.8,15.0
2.52,-0.74,100.0,0.8,15.0
2.52,-0.74,100.0,0.8,15.0
2.53,-0.74,100.0,0.8,15.0
2.53,-0.74,100.0,0.8,15.0
2.54,-0.74,100.0,0.8,15.0
2.54,-0.74,100.0,0.8,15.0
2.55,-0.74,100.0,0.8,15.0
2.55,-0.74,100.0,0.8,15.0
2.56,-0.74,100.0,0.8,15.0
2.56,-0.74,100.0,0.8,15.0
2.57,-0.74,100.0,0.8,15.0
2.57,-0.74,100.0,0.8,15.0
2.58,-0.74,100.0,0.8,15.0
2.58,-0.74,100.0,0.8,15.0
2.59,-0.74,100.0,0.8,15.0
2.59,-0.74,100.0,0.8,15.0
2.6,-0.74,100.0,0.8,15.0
2.6,-0.74,100.0,0.8,15.0
2.61,-0.74,100.0,0.8,15.0
2.61,-0.74,100.0,0.8,15.0
2.62,-0.74,100.0,0.8,15.0
2.62,-0.74,100.0,0.8,15.0
2.63,-0.74,100.0,0.8,15.0
2.63,-0.74,100.0,0.8,15.0
2.64,-0.74,100.0,0.8,15.0
2.65,-0.74,100.0,0.8,15.0
2.65,-0.74,100.0,0.8,15.0
2.66,-0.74,100.0,0.8,15.0
2.66,-0.74,100.0,0.8,15.0
2.67,-0.74,100.0,0.8,15.0
2.67,-0.74,100.0,0.8,15.0
2.68,-0.74,100.0,0.8,15.0
2.68,-0.74,100.0,0.8,15.0
2.69,-0.74,100.0,0.8,15.0
2.69,-0.74,100.0,0.8,15.0
2.7,-0.74,100.0,0.8,15.0
2.7,-0.74,100.0,0.8,15.0
2.71,-0.74,100.0,0.8,15.0
2.71,-0.74,100.0,0.8,15.0
2.72,-0.74,100.0,0.8,15.0
2.72,-0.74,100.0,0.8,15.0
2.73,-0.74,100.0,0.8,15.0
2.73,-0.74,100.0,0.8,15.0
2.74,-0.74,100.0,0.8,15.0
2.74,-0.74,100.0,0.8,15.0
2.75,-0.74,100.0,0.8,15.0
2.75,-0.74,100.0,0.8,15.0
2.76,-0.74,100.0,0.8,15.0
2.76,-0.74,100.0,0.8,15.0
2.77,-0.74,100.0,0.8,15.0
2.77,-0.74,100.0,0.8,15.0
2.78,-0.74,100.0,0.8,15.0
2.78,-0.74,100.0,0.8,15.0
2.79,-0.74,100.0,0.8,15.0
2.79,-0.74,100.0,0.8,15.0
2.8,-0.74,100.0,0.8,15.0
2.8,-0.74,100.0,0.8,15.0
2.81,-0.74,100.0,0.8,15.0
2.81,-0.74,100.0,0.8,15.0
2.82,-0.74,100.0,0.8,15.0
2.82,-0.74,100.0,0.8,15.0
2.83,-0.74,100.0,0.8,15.0
2.84,-0.74,100.0,0.8,15.0
2.84,-0.74,100.0,0.8,15.0
2.85,-0.74,100.0,0.8,15.0
2.85,-0.74,100.0,0.8,15.0
2.86,-0.74,100.0,0.8,15.0
2.86,-0.74,100.0,0.8,15.0
2.87,-0.74,100.0,0.8,15.0
2.87,-0.74,100.0,0.8,15.0
2.88,-0.74,100.0,0.8,15.0
2.88,-0.74,100.0,0.8,15.0
2.89,-0.74,100.0,0.8,15.0
2.89,-0.74,100.0,0.8,15.0
2.9,-0.74,100.0,0.8,15.0
2.9,-0.74,100.0,0.8,15.0
2.91,-0.74,100.0,0.8,15.0
2.91,-0.74,100.0,0.8,15.0
2.92,-0.74,100.0,0.8,15.0
2.92,-0.74,100.0,0.8,15.0
2.93,-0.74,100.0,0.8,15.0
2.93,-0.74,100.0,0.8,15.0
2.94,-0.74,100.0,0.8,15.0
2.94,-0.74,100.0,0.8,15.0
2.95,-0.74,100.0,0.8,15.0
2.96,-0.74,100.0,0.8,15.0
2.96,-0.74,100.0,0.8,15.0
2.96,-0.74,100.0,0.8,15.0
2.97,-0.74,100.0,0.8,15.0
2.97,-0.74,100.0,0.8,15.0
2.98,-0.74,100.0,0.8,15.0
2.99,-0.74,100.0,0.8,15.0
2.99,-0.74,100.0,0.8,15.0
3.0,-0.74,100.0,0.8,15.0
3.0,-0.74,100.0,0.8,15.0
3.01,-0.74,100.0,0.8,15.0
3.01,-0.73,100.0,0.8,15.0
3.02,-0.73,100.0,0.8,15.0
3.02,-0.73,100.0,0.8,15.0
3.03,-0.73,100.0,0.8,15.0
3.03,-0.72,100.0,0.8,15.0
3.04,-0.71,100.0,0.8,15.0
3.04,-0.71,100.0,0.8,15.0
3.05,-0.7,100.0,0.8,15.0
3.05,-0.69,100.0,0.8,15.0
3.06,-0.68,100.0,0.8,15.0
3.06,-0.67,100.0,0.8,15.0
3.07,-0.66,100.0,0.8,15.0
3.07,-0.65,100.0,0.8,15.0
3.08,-0.63,100.0,0.8,15.0
3.08,-0.62,100.0,0.8,15.0
3.09,-0.61,100.0,0.8,15.0
3.09,-0.59,100.0,0.8,15.0
3.1,-0.57,100.0,0.8,15.0
3.11,-0.56,100.0,0.8,15.0
3.11,-0.54,100.0,0.8,15.0
3.12,-0.52,100.0,0.8,15.0
3.12,-0.5,100.0,0.8,15.0
3.13,-0.48,100.0,0.8,15.0
3.13,-0.46,100.0,0.8,15.0
3.14,-0.44,100.0,0.8,15.0
3.14,-0.42,100.0,0.8,15.0
3.15,-0.39,100.0,0.8,15.0
3.15,-0.37,100.0,0.8,15.0
3.16,-0.34,100.0,0.8,15.0
3.16,-0.32,100.0,0.8,15.0
3.17,-0.29,100.0,0.8,15.0
3.17,-0.27,100.0,0.8,15.0
3.18,-0.24,100.0,0.8,15.0
3.19,-0.21,100.0,0.8,15.0
3.19,-0.18,100.0,0.8,15.0
3.19,-0.15,100.0,0.8,15.0
3.2,-0.12,100.0,0.8,15.0
3.2,-0.09,100.0,0.8,15.0
3.21,-0.06,100.0,0.8,15.0
3.21,-0.03,100.0,0.8,15.0
3.22,0.0,100.0,0.8,15.0
3.23,0.04,100.0,0.8,15.0
3.23,0.07,100.0,0.8,15.0
3.24,0.1,100.0,0.8,15.0
3.24,0.14,100.0,0.8,15.0
3.25,0.17,100.0,0.8,15.0
3.25,0.21,100.0,0.8,15.0
3.26,0.24,100.0,0.8,15.0
3.26,0.28,100.0,0.8,15.0
3.27,0.32,100.0,0.8,15.0
3.27,0.36,100.0,0.8,15.0
3.28,0.39,100.0,0.8,15.0
3.28,0.43,100.0,0.8,15.0
3.28,0.47,100.0,0.8,15.0
3.29,0.51,100.0,0.8,15.0
3.29,0.55,100.0,0.8,15.0
3.3,0.59,100.0,0.8,15.0
3.31,0.63,100.0,0.8,15.0
3.31,0.67,100.0,0.8,15.0
3.32,0.71,100.0,0.8,15.0
3.32,0.75,100.0,0.8,15.0
3.32,0.8,100.0,0.8,15.0
3.33,0.84,100.0,0.8,15.0
3.33,0.88,100.0,0.8,15.0
3.34,0.93,100.0,0.8,15.0
3.34,0.97,100.0,0.8,15.0
3.35,1.01,100.0,0.8,15.0
3.35,1.06,100.0,0.8,15.0
3.36,1.1,100.0,0.8,15.0
3.36,1.15,100.0,0.8,15.0
3.37,1.19,100.0,0.8,15.0
3.37,1.24,100.0,0.8,15.0
3.38,1.28,100.0,0.8,15.0
3.38,1.33,100.0,0.8,15.0
3.39,1.38,100.0,0.8,15.0
3.39,1.42,100.0,0.8,15.0
3.4,1.47,100.0,0.8,15.0
3.4,1.52,100.0,0.8,15.0
3.41,1.56,100.0,0.8,15.0
3.41,1.61,100.0,0.8,15.0
3.42,1.66,100.0,0.8,15.0
3.43,1.71,100.0,0.8,15.0
3.43,1.76,100.0,0.8,15.0
3.44,1.8,100.0,0.8,15.0
3.44,1.85,100.0,0.8,15.0
3.45,1.9,100.0,0.8,15.0
3.45,1.95,100.0,0.8,15.0
3.46,2.0,100.0,0.8,15.0
3.46,2.05,100.0,0.8,15.0
3.46,2.1,100.0,0.8,15.0
3.47,2.15,100.0,0.8,15.0
3.47,2.2,100.0,0.8,15.0
3.48,2.25,100.0,0.8,15.0
3.48,2.3,100.0,0.8,15.0
3.49,2.35,100.0,0.8,15.0
3.49,2.4,100.0,0.8,15.0
3.5,2.45,100.0,0.8,15.0
3.5,2.5,100.0,0.8,15.0
3.51,2.55,100.0,0.8,15.0
3.51,2.61,100.0,0.8,15.0
3.52,2.66,100.0,0.8,15.0
3.52,2.71,100.0,0.8,15.0
3.53,2.76,100.0,0.8,15.0
3.53,2.81,100.0,0.8,15.0
3.54,2.86,100.0,0.8,15.0
3.54,2.92,100.0,0.8,15.0
3.55,2.97,100.0,0.8,15.0
3.55,3.02,100.0,0.8,15.0
3.56,3.07,100.0,0.8,15.0
3.56,3.12,100.0,0.8,15.0
3.57,3.18,100.0,0.8,15.0
3.57,3.23,100.0,0.8,15.0
3.58,3.28,100.0,0.8,15.0
3.58,3.33,100.0,0.8,15.0
3.59,3.38,100.0,0.8,15.0
3.59,3.44,100.0,0.8,15.0
3.6,3.49,100.0,0.8,15.0
3.61,3.54,100.0,0.8,15.0
3.61,3.59,100.0,0.8,15.0
3.61,3.65,100.0,0.8,15.0
3.62,3.7,100.0,0.8,15.0
3.62,3.75,100.0,0.8,15.0
3.63,3.8,100.0,0.8,15.0
3.63,3.86,100.0,0.8,15.0
3.64,3.91,100.0,0.8,15.0
3.64,3.96,100.0,0.8,15.0
3.65,4.01,100.0,0.8,15.0
3.65,4.07,100.0,0.8,15.0
3.66,4.12,100.0,0.8,15.0
3.66,4.17,100.0,0.8,15.0
3.67,4.22,100.0,0.8,15.0
3.67,4.28,100.0,0.8,15.0
3.68,4.33,100.0,0.8,15.0
3.68,4.38,100.0,0.8,15.0
3.69,4.43,100.0,0.8,15.0
3.69,4.49,100.0,0.8,15.0
3.7,4.54,100.0,0.8,15.0
3.7,4.59,100.0,0.8,15.0
3.71,4.64,100.0,0.8,15.0
3.71,4.7,100.0,0.8,15.0
3.72,4.75,100.0,0.8,15.0
3.72,4.8,100.0,0.8,15.0
3.73,4.85,100.0,0.8,15.0
3.73,4.9,100.0,0.8,15.0
3.74,4.96,100.0,0.8,15.0
3.74,5.01,100.0,0.8,15.0
3.75,5.06,100.0,0.8,15.0
3.75,5.11,100.0,0.8,15.0
3.76,5.16,100.0,0.8,15.0
3.76,5.21,100.0,0.8,15.0
3.77,5.27,100.0,0.8,15.0
3.77,5.32,100.0,0.8,15.0
3.78,5.37,100.0,0.8,15.0
3.78,5.42,100.0,0.8,15.0
3.79,5.47,100.0,0.8,15.0
3.79,5.52,100.0,0.8,15.0
3.8,5.57,100.0,0.8,15.0
3.8,5.62,100.0,0.8,15.0
3.81,5.67,100.0,0.8,15.0
3.81,5.73,100.0,0.8,15.0
3.82,5.78,100.0,0.8,15.0
3.82,5.83,100.0,0.8,15.0
3.83,5.88,100.0,0.8,15.0
3.83,5.93,100.0,0.8,15.0
3.84,5.98,100.0,0.8,15.0
3.84,6.03,100.0,0.8,15.0
3.85,6.08,100.0,0.8,15.0
3.85,6.13,100.0,0.8,15.0
3.86,6.18,100.0,0.8,15.0
3.86,6.23,100.0,0.8,15.0
3.87,6.27,100.0,0.8,15.0
3.87,6.32,100.0,0.8,15.0
3.88,6.37,100.0,0.8,15.0
3.88,6.42,100.0,0.8,15.0
3.89,6.47,100.0,0.8,15.0
3.89,6.52,100.0,0.8,15.0
3.9,6.57,100.0,0.8,15.0
3.9,6.62,100.0,0.8,15.0
3.91,6.67,100.0,0.8,15.0
3.91,6.71,100.0,0.8,15.0
3.92,6.76,100.0,0.8,15.0
3.92,6.81,100.0,0.8,15.0
3.93,6.86,100.0,0.8,15.0
3.93,6.9,100.0,0.8,15.0
3.94,6.95,100.0,0.8,15.0
3.94,7.0,100.0,0.8,15.0
3.95,7.05,100.0,0.8,15.0
3.95,7.09,100.0,0.8,15.0
3.96,7.14,100.0,0.8,15.0
3.96,7.19,100.0,0.8,15.0
3.97,7.23,100.0,0.8,15.0
3.97,7.28,100.0,0.8,15.0
3.98,7.33,100.0,0.8,15.0
3.98,7.37,100.0,0.8,15.0
3.99,7.42,100.0,0.8,15.0
3.99,7.46,100.0,0.8,15.0
4.0,7.51,100.0,0.8,15.0
4.0,7.56,100.0,0.8,15.0
4.01,7.6,100.0,0.8,15.0
4.01,7.65,100.0,0.8,15.0
4.02,7.69,100.0,0.8,15.0
4.02,7.74,100.0,0.8,15.0
4.03,7.78,100.0,0.8,15.0
4.04,7.83,100.0,0.8,15.0
4.04,7.87,100.0,0.8,15.0
4.04,7.91,100.0,0.8,15.0
4.05,7.96,100.0,0.8,15.0
4.05,8.0,100.0,0.8,15.0
4.06,8.04,100.0,0.8,15.0
4.06,8.09,100.0,0.8,15.0
4.07,8.13,100.0,0.8,15.0
4.07,8.17,100.0,0.8,15.0
4.08,8.22,100.0,0.8,15.0
4.08,8.26,100.0,0.8,15.0
4.09,8.3,100.0,0.8,15.0
4.09,8.35,100.0,0.8,15.0
4.1,8.39,100.0,0.8,15.0
4.1,8.43,100.0,0.8,15.0
4.11,8.47,100.0,0.8,15.0
4.11,8.51,100.0,0.8,15.0
4.12,8.56,100.0,0.8,15.0
4.12,8.6,100.0,0.8,15.0
4.13,8.64,100.0,0.8,15.0
4.14,8.68,100.0,0.8,15.0
4.14,8.72,100.0,0.8,15.0
4.14,8.76,100.0,0.8,15.0
4.15,8.8,100.0,0.8,15.0
4.15,8.84,100.0,0.8,15.0
4.16,8.88,100.0,0.8,15.0
4.16,8.92,100.0,0.8,15.0
4.17,8.96,100.0,0.8,15.0
4.17,9.0,100.0,0.8,15.0
4.18,9.04,100.0,0.8,15.0
4.18,9.08,100.0,0.8,15.0
4.19,9.12,100.0,0.8,15.0
4.19,9.16,100.0,0.8,15.0
4.2,9.2,100.0,0.8,15.0
4.2,9.23,100.0,0.8,15.0
4.21,9.27,100.0,0.8,15.0
4.21,9.31,100.0,0.8,15.0
4.22,9.35,100.0,0.8,15.0
4.22,9.39,100.0,0.8,15.0
4.23,9.42,100.0,0.8,15.0
4.23,9.46,100.0,0.8,15.0
4.24,9.5,100.0,0.8,15.0
4.24,9.53,100.0,0.8,15.0
4.25,9.57,100.0,0.8,15.0
4.25,9.61,100.0,0.8,15.0
4.26,9.64,100.0,0.8,15.0
4.26,9.68,100.0,0.8,15.0
4.27,9.72,100.0,0.8,15.0
4.27,9.75,100.0,0.8,15.0
4.28,9.79,100.0,0.8,15.0
4.29,9.82,100.0,0.8,15.0
4.29,9.86,100.0,0.8,15.0
4.3,9.89,100.0,0.8,15.0
4.3,9.93,100.0,0.8,15.0
4.31,9.96,100.0,0.8,15.0
4.31,10.0,100.0,0.8,15.0
4.32,10.03,100.0,0.8,15.0
4.32,10.07,100.0,0.8,15.0
4.33,10.1,100.0,0.8,15.0
4.33,10.13,100.0,0.8,15.0
4.34,10.17,100.0,0.8,15.0
4.34,10.2,100.0,0.8,15.0
4.35,10.23,100.0,0.8,15.0
4.35,10.27,100.0,0.8,15.0
4.36,10.3,100.0,0.8,15.0
4.36,10.33,100.0,0.8,15.0
4.37,10.37,100.0,0.8,15.0
4.37,10.4,100.0,0.8,15.0
4.38,10.43,100.0,0.8,15.0
4.38,10.46,100.0,0.8,15.0
4.39,10.49,100.0,0.8,15.0
4.39,10.53,100.0,0.8,15.0
4.4,10.56,100.0,0.8,15.0
4.4,10.59,100.0,0.8,15.0
4.41,10.62,100.0,0.8,15.0
4.41,10.65,100.0,0.8,15.0
4.42,10.68,100.0,0.8,15.0
4.42,10.71,100.0,0.8,15.0
4.43,10.74,100.0,0.8,15.0
4.43,10.77,100.0,0.8,15.0
4.44,10.8,100.0,0.8,15.0
4.44,10.83,100.0,0.8,15.0
4.45,10.86,100.0,0.8,15.0
4.45,10.89,100.0,0.8,15.0
4.46,10.92,100.0,0.8,15.0
4.47,10.95,100.0,0.8,15.0
4.47,10.98,100.0,0.8,15.0
4.48,11.0,100.0,0.8,15.0
4.48,11.03,100.0,0.8,15.0
4.49,11.06,100.0,0.8,15.0
4.49,11.09,100.0,0.8,15.0
4.5,11.12,100.0,0.8,15.0
4.5,11.14,100.0,0.8,15.0
4.51,11.17,100.0,0.8,15.0
4.51,11.2,100.0,0.8,15.0
4.52,11.23,100.0,0.8,15.0
4.52,11.25,100.0,0.8,15.0
4.53,11.28,100.0,0.8,15.0
4.53,11.31,100.0,0.8,15.0
4.54,11.33,100.0,0.8,15.0
4.55,11.36,100.0,0.8,15.0
4.55,11.39,100.0,0.8,15.0
4.56,11.41,100.0,0.8,15.0
4.56,11.44,100.0,0.8,15.0
4.57,11.46,100.0,0.8,15.0
4.57,11.49,100.0,0.8,15.0
4.58,11.51,100.0,0.8,15.0
4.58,11.54,100.0,0.8,15.0
4.59,11.56,100.0,0.8,15.0
4.59,11.59,100.0,0.8,15.0
4.6,11.61,100.0,0.8,15.0
4.6,11.64,100.0,0.8,15.0
4.61,11.66,100.0,0.8,15.0
4.61,11.68,100.0,0.8,15.0
4.62,11.71,100.0,0.8,15.0
4.62,11.73,100.0,0.8,15.0
4.63,11.76,100.0,0.8,15.0
4.63,11.78,100.0,0.8,15.0
4.64,11.8,100.0,0.8,15.0
4.64,11.82,100.0,0.8,15.0
4.65,11.85,100.0,0.8,15.0
4.66,11.87,100.0,0.8,15.0
4.66,11.89,100.0,0.8,15.0
4.67,11.91,100.0,0.8,15.0
4.67,11.94,100.0,0.8,15.0
4.68,11.96,100.0,0.8,15.0
4.68,11.98,100.0,0.8,15.0
4.68,12.0,100.0,0.8,15.0
4.69,12.02,100.0,0.8,15.0
4.69,12.04,100.0,0.8,15.0
4.7,12.07,100.0,0.8,15.0
4.71,12.09,100.0,0.8,15.0
4.71,12.11,100.0,0.8,15.0
4.72,12.13,100.0,0.8,15.0
4.72,12.15,100.0,0.8,15.0
4.73,12.17,100.0,0.8,15.0
4.73,12.19,100.0,0.8,15.0
4.74,12.21,100.0,0.8,15.0
4.74,12.23,100.0,0.8,15.0
4.75,12.25,100.0,0.8,15.0
4.75,12.27,100.0,0.8,15.0
4.76,12.29,100.0,0.8,15.0
4.76,12.31,100.0,0.8,15.0
4.77,12.33,100.0,0.8,15.0
4.77,12.34,100.0,0.8,15.0
4.77,12.36,100.0,0.8,15.0
4.78,12.38,100.0,0.8,15.0
4.79,12.4,100.0,0.8,15.0
4.79,12.42,100.0,0.8,15.0
4.8,12.44,100.0,0.8,15.0
4.8,12.45,100.0,0.8,15.0
4.8,12.47,100.0,0.8,15.0
4.81,12.49,100.0,0.8,15.0
4.82,12.51,100.0,0.8,15.0
4.82,12.52,100.0,0.8,15.0
4.83,12.54,100.0,0.8,15.0
4.83,12.56,100.0,0.8,15.0
4.84,12.57,100.0,0.8,15.0
4.84,12.59,100.0,0.8,15.0
4.85,12.61,100.0,0.8,15.0
4.85,12.62,100.0,0.8,15.0
4.86,12.64,100.0,0.8,15.0
4.86,12.66,100.0,0.8,15.0
4.87,12.67,100.0,0.8,15.0
4.87,12.69,100.0,0.8,15.0
4.88,12.7,100.0,0.8,15.0
4.88,12.72,100.0,0.8,15.0
4.89,12.73,100.0,0.8,15.0
4.89,12.75,100.0,0.8,15.0
4.9,12.76,100.0,0.8,15.0
4.9,12.78,100.0,0.8,15.0
4.91,12.79,100.0,0.8,15.0
4.91,12.81,100.0,0.8,15.0
4.92,12.82,100.0,0.8,15.0
4.93,12.84,100.0,0.8,15.0
4.93,12.85,100.0,0.8,15.0
4.94,12.87,100.0,0.8,15.0
4.94,12.88,100.0,0.8,15.0
4.95,12.89,100.0,0.8,15.0
4.95,12.91,100.0,0.8,15.0
4.96,12.92,100.0,0.8,15.0
4.96,12.93,100.0,0.8,15.0
4.97,12.95,100.0,0.8,15.0
4.97,12.96,100.0,0.8,15.0
4.98,12.97,100.0,0.8,15.0
4.98,12.99,100.0,0.8,15.0
4.99,13.0,100.0,0.8,15.0
5.0,13.01,100.0,0.8,15.0
5.0,13.02,100.0,0.8,15.0
5.01,13.04,100.0,0.8,15.0
5.01,13.05,100.0,0.8,15.0
5.01,13.06,100.0,0.8,15.0
5.02,13.07,100.0,0.8,15.0
5.03,13.08,100.0,0.8,15.0
5.03,13.1,100.0,0.8,15.0
5.04,13.11,100.0,0.8,15.0
5.04,13.12,100.0,0.8,15.0
5.05,13.13,100.0,0.8,15.0
5.05,13.14,100.0,0.8,15.0
5.06,13.15,100.0,0.8,15.0
5.06,13.16,100.0,0.8,15.0
5.07,13.17,100.0,0.8,15.0
5.07,13.19,100.0,0.8,15.0
5.08,13.2,100.0,0.8,15.0
5.08,13.21,100.0,0.8,15.0
5.09,13.22,100.0,0.8,15.0
5.09,13.23,100.0,0.8,15.0
5.09,13.24,100.0,0.8,15.0
5.1,13.25,100.0,0.8,15.0
5.1,13.26,100.0,0.8,15.0
5.11,13.27,100.0,0.8,15.0
5.12,13.28,100.0,0.8,15.0
5.12,13.29,100.0,0.8,15.0
5.13,13.29,100.0,0.8,15.0
5.13,13.3,100.0,0.8,15.0
5.14,13.31,100.0,0.8,15.0
5.14,13.32,100.0,0.8,15.0
5.15,13.33,100.0,0.8,15.0
5.15,13.34,100.0,0.8,15.0
5.16,13.35,100.0,0.8,15.0
5.16,13.36,100.0,0.8,15.0
5.17,13.37,100.0,0.8,15.0
5.17,13.37,100.0,0.8,15.0
5.18,13.38,100.0,0.8,15.0
5.18,13.39,100.0,0.8,15.0
5.19,13.4,100.0,0.8,15.0
5.19,13.41,100.0,0.8,15.0
5.2,13.41,100.0,0.8,15.0
5.2,13.42,100.0,0.8,15.0
5.21,13.43,100.0,0.8,15.0
5.21,13.44,100.0,0.8,15.0
5.22,13.44,100.0,0.8,15.0
5.22,13.45,100.0,0.8,15.0
5.23,13.46,100.0,0.8,15.0
5.23,13.47,100.0,0.8,15.0
5.24,13.47,100.0,0.8,15.0
5.24,13.48,100.0,0.8,15.0
5.25,13.49,100.0,0.8,15.0
5.25,13.49,100.0,0.8,15.0
5.26,13.5,100.0,0.8,15.0
5.26,13.51,100.0,0.8,15.0
0.0,13.51,100.0,0.8,15.0
0.01,13.52,100.0,0.8,15.0
0.01,13.52,100.0,0.8,15.0
0.02,13.53,100.0,0.8,15.0
0.03,13.54,100.0,0.8,15.0
0.03,13.54,100.0,0.8,15.0
0.04,13.55,100.0,0.8,15.0
0.04,13.55,100.0,0.8,15.0
0.05,13.56,100.0,0.8,15.0
0.05,13.56,100.0,0.8,15.0
0.06,13.57,100.0,0.8,15.0
0.06,13.58,100.0,0.8,15.0
0.07,13.58,99.9,0.8,15.0
0.07,13.59,99.9,0.8,15.0
0.08,13.59,99.9,0.8,15.0
0.08,13.6,99.9,0.8,15.0
0.09,13.6,99.9,0.8,15.0
0.09,13.61,99.9,0.8,15.0
0.1,13.61,99.9,0.8,15.0
0.1,13.61,99.9,0.8,15.0
0.11,13.62,99.9,0.8,15.0
0.11,13.62,99.9,0.8,15.0
0.12,13.63,99.9,0.8,15.0
0.12,13.63,99.9,0.8,15.0
0.13,13.64,99.9,0.8,14.99
0.13,13.64,99.9,0.8,14.99
0.14,13.64,99.9,0.8,14.99
0.14,13.65,99.9,0.8,14.99
0.15,13.65,99.9,0.8,14.99
0.15,13.66,99.9,0.8,14.99
0.16,13.66,99.9,0.8,14.99
0.17,13.66,99.9,0.8,14.99
0.17,13.67,99.9,0.8,14.99
0.17,13.67,99.9,0.8,14.99
0.18,13.67,99.9,0.8,14.99
0.19,13.68,99.9,0.8,14.99
0.19,13.68,99.8,0.8,14.99
0.2,13.68,99.8,0.8,14.99
0.2,13.69,99.8,0.8,14.99
0.21,13.69,99.8,0.8,14.99
0.21,13.69,99.8,0.8,14.99
0.22,13.7,99.8,0.8,14.99
0.22,13.7,99.8,0.8,14.99
0.23,13.7,99.8,0.8,14.99
0.23,13.7,99.8,0.8,14.99
0.24,13.71,99.8,0.8,14.99
0.24,13.71,99.8,0.8,14.99
0.25,13.71,99.8,0.8,14.99
0.25,13.71,99.8,0.8,14.99
0.26,13.72,99.8,0.8,14.99
0.26,13.72,99.8,0.8,14.99
0.27,13.72,99.8,0.8,14.99
0.27,13.72,99.8,0.8,14.99
0.28,13.72,99.8,0.8,14.99
0.28,13.73,99.8,0.8,14.99
0.28,13.73,99.8,0.8,14.99
0.29,13.73,99.8,0.8,14.99
0.29,13.73,99.8,0.8,14.99
0.3,13.73,99.8,0.8,14.99
0.31,13.74,99.8,0.8,14.99
0.31,13.74,99.7,0.8,14.99
0.32,13.74,99.7,0.8,14.99
0.32,13.74,99.7,0.8,14.99
0.32,13.74,99.7,0.8,14.99
0.33,13.74,99.7,0.8,14.99
0.33,13.74,99.7,0.8,14.99
0.34,13.75,99.7,0.8,14.99
0.34,13.75,99.7,0.8,14.99
0.35,13.75,99.7,0.8,14.99
0.35,13.75,99.7,0.8,14.99
0.36,13.75,99.7,0.8,14.99
0.36,13.75,99.7,0.8,14.99
0.37,13.75,99.7,0.8,14.98
0.37,13.75,99.7,0.8,14.98
0.38,13.75,99.7,0.8,14.98
0.38,13.75,99.7,0.8,14.98
0.39,13.75,99.7,0.8,14.98
0.39,13.76,99.7,0.8,14.98
0.4,13.76,99.7,0.8,14.98
0.4,13.76,99.7,0.8,14.98
0.41,13.76,99.7,0.8,14.98
0.41,13.76,99.7,0.8,14.98
0.42,13.76,99.7,0.8,14.98
0.42,13.76,99.7,0.8,14.98
0.43,13.76,99.6,0.8,14.98
0.43,13.76,99.6,0.8,14.98
0.44,13.76,99.6,0.8,14.98
0.44,13.76,99.6,0.8,14.98
0.45,13.76,99.6,0.8,14.98
0.45,13.76,99.6,0.8,14.98
0.46,13.76,99.6,0.8,14.98
0.46,13.76,99.6,0.8,14.98
0.47,13.76,99.6,0.8,14.98
0.47,13.76,99.6,0.8,14.98
0.48,13.76,99.6,0.8,14.98
0.48,13.76,99.6,0.8,14.98
0.49,13.76,99.6,0.8,14.98
0.49,13.76,99.6,0.8,14.98
0.5,13.76,99.6,0.8,14.98
0.5,13.76,99.6,0.8,14.98
0.51,13.76,99.6,0.8,14.98
0.51,13.76,99.6,0.8,14.98
0.52,13.75,99.6,0.8,14.98
0.52,13.75,99.6,0.8,14.98
0.53,13.75,99.6,0.8,14.98
0.53,13.75,99.6,0.8,14.98
0.54,13.75,99.6,0.8,14.98
0.54,13.75,99.6,0.8,14.98
0.55,13.75,99.5,0.8,14.98
0.55,13.75,99.5,0.8,14.98
0.56,13.75,99.5,0.8,14.98
0.56,13.75,99.5,0.8,14.98
0.57,13.75,99.5,0.8,14.98
0.58,13.75,99.5,0.8,14.98
0.58,13.74,99.5,0.8,14.98
0.58,13.74,99.5,0.8,14.98
0.59,13.74,99.5,0.8,14.98
0.59,13.74,99.5,0.8,14.98
0.6,13.74,99.5,0.8,14.98
0.6,13.74,99.5,0.8,14.98
0.61,13.74,99.5,0.8,14.97
0.61,13.74,99.5,0.8,14.97
0.62,13.74,99.5,0.8,14.97
0.63,13.73,99.5,0.8,14.97
0.63,13.73,99.5,0.8,14.97
0.64,13.73,99.5,0.8,14.97
0.64,13.73,99.5,0.8,14.97
0.65,13.73,99.5,0.8,14.97
0.65,13.73,99.5,0.8,14.97
0.66,13.73,99.5,0.8,14.97
0.66,13.72,99.5,0.8,14.97
0.67,13.72,99.5,0.8,14.97
0.67,13.72,99.4,0.8,14.97
0.68,13.72,99.4,0.8,14.97
0.68,13.72,99.4,0.8,14.97
0.69,13.72,99.4,0.8,14.97
0.69,13.71,99.4,0.8,14.97
0.7,13.71,99.4,0.8,14.97
0.7,13.71,99.4,0.8,14.97
0.71,13.71,99.4,0.8,14.97
0.71,13.71,99.4,0.8,14.97
0.72,13.71,99.4,0.8,14.97
0.72,13.7,99.4,0.8,14.97
0.73,13.7,99.4,0.8,14.97
0.73,13.7,99.4,0.8,14.97
0.74,13.7,99.4,0.8,14.97
0.74,13.7,99.4,0.8,14.97
0.75,13.69,99.4,0.8,14.97
0.75,13.69,99.4,0.8,14.97
0.76,13.69,99.4,0.8,14.97
0.76,13.69,99.4,0.8,14.97
0.77,13.69,99.4,0.8,14.97
0.77,13.68,99.4,0.8,14.97
0.78,13.68,99.4,0.8,14.97
0.78,13.68,99.4,0.8,14.97
0.79,13.68,99.4,0.8,14.97
0.79,13.68,99.3,0.8,14.97
0.8,13.67,99.3,0.8,14.97
0.8,13.67,99.3,0.8,14.97
0.81,13.67,99.3,0.8,14.97
0.81,13.67,99.3,0.8,14.97
0.82,13.66,99.3,0.8,14.97
0.82,13.66,99.3,0.8,14.97
0.83,13.66,99.3,0.8,14.97
0.83,13.66,99.3,0.8,14.97
0.84,13.66,99.3,0.8,14.97
0.84,13.65,99.3,0.8,14.97
0.85,13.65,99.3,0.8,14.97
0.85,13.65,99.3,0.8,14.96
0.86,13.65,99.3,0.8,14.96
0.86,13.64,99.3,0.8,14.96
0.87,13.64,99.3,0.8,14.96
0.87,13.64,99.3,0.8,14.96
0.87,13.64,99.3,0.8,14.96
0.88,13.63,99.3,0.8,14.96
0.88,13.63,99.3,0.8,14.96
0.89,13.63,99.3,0.8,14.96
0.89,13.63,99.3,0.8,14.96
0.9,13.62,99.3,0.8,14.96
0.91,13.62,99.3,0.8,14.96
0.91,13.62,99.2,0.8,14.96
0.91,13.62,99.2,0.8,14.96
0.92,13.61,99.2,0.8,14.96
0.92,13.61,99.2,0.8,14.96
0.93,13.61,99.2,0.8,14.96
0.94,13.61,99.2,0.8,14.96
0.94,13.6,99.2,0.8,14.96
0.95,13.6,99.2,0.8,14.96
0.95,13.6,99.2,0.8,14.96
0.95,13.6,99.2,0.8,14.96
0.96,13.59,99.2,0.8,14.96
0.96,13.59,99.2,0.8,14.96
0.97,13.59,99.2,0.8,14.96
0.98,13.59,99.2,0.8,14.96
0.98,13.58,99.2,0.8,14.96
0.98,13.58,99.2,0.8,14.96
0.99,13.58,99.2,0.8,14.96
0.99,13.58,99.2,0.8,14.96
1.0,13.57,99.2,0.8,14.96
1.01,13.57,99.2,0.8,14.96
1.01,13.57,99.2,0.8,14.96
1.02,13.56,99.2,0.8,14.96
1.02,13.56,99.2,0.8,14.96
1.03,13.56,99.2,0.8,14.96
1.03,13.56,99.1,0.8,14.96
1.04,13.55,99.1,0.8,14.96
1.04,13.55,99.1,0.8,14.96
1.05,13.55,99.1,0.8,14.96
1.05,13.55,99.1,0.8,14.96
1.06,13.54,99.1,0.8,14.96
1.06,13.54,99.1,0.8,14.96
1.07,13.54,99.1,0.8,14.96
1.07,13.54,99.1,0.8,14.96
1.08,13.53,99.1,0.8,14.96
1.08,13.53,99.1,0.8,14.96
1.09,13.53,99.1,0.8,14.96
1.09,13.52,99.1,0.8,14.95
1.09,13.52,99.1,0.8,14.95
1.1,13.52,99.1,0.8,14.95
1.1,13.52,99.1,0.8,14.95
1.11,13.51,99.1,0.8,14.95
1.11,13.51,99.1,0.8,14.95
1.12,13.51,99.1,0.8,14.95
1.12,13.51,99.1,0.8,14.95
1.13,13.5,99.1,0.8,14.95
1.13,13.5,99.1,0.8,14.95
1.14,13.5,99.1,0.8,14.95
1.15,13.49,99.1,0.8,14.95
1.15,13.49,99.0,0.8,14.95
1.16,13.49,99.0,0.8,14.95
1.16,13.49,99.0,0.8,14.95
1.16,13.48,99.0,0.8,14.95
1.17,13.48,99.0,0.8,14.95
1.18,13.48,99.0,0.8,14.95
1.18,13.48,99.0,0.8,14.95
1.18,13.47,99.0,0.8,14.95
1.19,13.47,99.0,0.8,14.95
1.2,13.47,99.0,0.8,14.95
1.2,13.46,99.0,0.8,14.95
1.21,13.46,99.0,0.8,14.95
1.21,13.46,99.0,0.8,14.95
1.22,13.46,99.0,0.8,14.95
1.22,13.45,99.0,0.8,14.95
1.23,13.45,99.0,0.8,14.95
1.23,13.45,99.0,0.8,14.95
1.24,13.45,99.0,0.8,14.95
1.24,13.44,99.0,0.8,14.95
1.25,13.44,99.0,0.8,14.95
1.25,13.44,99.0,0.8,14.95
1.26,13.43,99.0,0.8,14.95
1.26,13.43,99.0,0.8,14.95
1.27,13.43,99.0,0.8,14.95
1.27,13.43,98.9,0.8,14.95
1.28,13.42,98.9,0.8,14.95
1.28,13.42,98.9,0.8,14.95
1.29,13.42,98.9,0.8,14.95
1.29,13.42,98.9,0.8,14.95
1.3,13.41,98.9,0.8,14.95
1.3,13.41,98.9,0.8,14.95
1.31,13.41,98.9,0.8,14.95
1.31,13.41,98.9,0.8,14.95
1.32,13.4,98.9,0.8,14.95
1.32,13.4,98.9,0.8,14.95
1.33,13.4,98.9,0.8,14.95
1.33,13.39,98.9,0.8,14.94
1.34,13.39,98.9,0.8,14.94
1.34,13.39,98.9,0.8,14.94
1.35,13.39,98.9,0.8,14.94
1.35,13.38,98.9,0.8,14.94
1.36,13.38,98.9,0.8,14.94
1.36,13.38,98.9,0.8,14.94
1.37,13.38,98.9,0.8,14.94
1.37,13.37,98.9,0.8,14.94
1.38,13.37,98.9,0.8,14.94
1.38,13.37,98.9,0.8,14.94
1.39,13.37,98.9,0.8,14.94
1.39,13.36,98.8,0.8,14.94
1.4,13.36,98.8,0.8,14.94
1.4,13.36,98.8,0.8,14.94
1.41,13.36,98.8,0.8,14.94
1.41,13.35,98.8,0.8,14.94
1.42,13.35,98.8,0.8,14.94
1.42,13.35,98.8,0.8,14.94
1.43,13.35,98.8,0.8,14.94
1.43,13.34,98.8,0.8,14.94
1.44,13.34,98.8,0.8,14.94
1.44,13.34,98.8,0.8,14.94
1.45,13.34,98.8,0.8,14.94
1.45,13.33,98.8,0.8,14.94
1.46,13.33,98.8,0.8,14.94
1.46,13.33,98.8,0.8,14.94
1.47,13.33,98.8,0.8,14.94
1.48,13.32,98.8,0.8,14.94
1.48,13.32,98.8,0.8,14.94
1.48,13.32,98.8,0.8,14.94
1.49,13.32,98.8,0.8,14.94
1.49,13.32,98.8,0.8,14.94
1.5,13.31,98.8,0.8,14.94
1.51,13.31,98.8,0.8,14.94
1.51,13.31,98.8,0.8,14.94
1.52,13.31,98.7,0.8,14.94
1.52,13.3,98.7,0.8,14.94
1.52,13.3,98.7,0.8,14.94
1.53,13.3,98.7,0.8,14.94
1.54,13.3,98.7,0.8,14.94
1.54,13.29,98.7,0.8,14.94
1.54,13.29,98.7,0.8,14.94
1.55,13.29,98.7,0.8,14.94
1.56,13.29,98.7,0.8,14.94
1.56,13.29,98.7,0.8,14.94
1.56,13.28,98.7,0.8,14.94
1.57,13.28,98.7,0.8,14.94
1.58,13.28,98.7,0.8,14.93
1.58,13.28,98.7,0.8,14.93
1.59,13.27,98.7,0.8,14.93
1.59,13.27,98.7,0.8,14.93
1.59,13.27,98.7,0.8,14.93
1.6,13.27,98.7,0.8,14.93
1.6,13.27,98.7,0.8,14.93
1.61,13.26,98.7,0.8,14.93
1.62,13.26,98.7,0.8,14.93
1.62,13.26,98.7,0.8,14.93
1.63,13.26,98.7,0.8,14.93
1.63,13.25,98.7,0.8,14.93
1.64,13.25,98.6,0.8,14.93
1.64,13.25,98.6,0.8,14.93
1.64,13.25,98.6,0.8,14.93
1.65,13.25,98.6,0.8,14.93
1.66,13.24,98.6,0.8,14.93
1.66,13.24,98.6,0.8,14.93
1.67,13.24,98.6,0.8,14.93
1.67,13.24,98.6,0.8,14.93
1.68,13.24,98.6,0.8,14.93
1.68,13.23,98.6,0.8,14.93
1.69,13.23,98.6,0.8,14.93
1.69,13.23,98.6,0.8,14.93
1.7,13.23,98.6,0.8,14.93
1.7,13.23,98.6,0.8,14.93
1.71,13.22,98.6,0.8,14.93
1.71,13.22,98.6,0.8,14.93
1.72,13.22,98.6,0.8,14.93
1.72,13.22,98.6,0.8,14.93
1.73,13.22,98.6,0.8,14.93
1.73,13.21,98.6,0.8,14.93
1.74,13.21,98.6,0.8,14.93
1.74,13.21,98.6,0.8,14.93
1.75,13.21,98.6,0.8,14.93
1.75,13.21,98.6,0.8,14.93
1.76,13.21,98.5,0.8,14.93
1.76,13.2,98.5,0.8,14.93
1.77,13.2,98.5,0.8,14.93
1.77,13.2,98.5,0.8,14.93
1.78,13.2,98.5,0.8,14.93
1.78,13.2,98.5,0.8,14.93
1.79,13.19,98.5,0.8,14.93
1.8,13.19,98.5,0.8,14.93
1.8,13.19,98.5,0.8,14.93
1.81,13.19,98.5,0.8,14.93
1.81,13.19,98.5,0.8,14.93
1.82,13.19,98.5,0.8,14.93
1.82,13.18,98.5,0.8,14.92
1.83,13.18,98.5,0.8,14.92
1.83,13.18,98.5,0.8,14.92
1.84,13.18,98.5,0.8,14.92
1.84,13.18,98.5,0.8,14.92
1.85,13.18,98.5,0.8,14.92
1.85,13.17,98.5,0.8,14.92
1.86,13.17,98.5,0.8,14.92
1.86,13.17,98.5,0.8,14.92
1.87,13.17,98.5,0.8,14.92
1.87,13.17,98.5,0.8,14.92
1.88,13.17,98.5,0.8,14.92
1.89,13.16,98.4,0.8,14.92
1.89,13.16,98.4,0.8,14.92
1.9,13.16,98.4,0.8,14.92
1.9,13.16,98.4,0.8,14.92
1.91,13.16,98.4,0.8,14.92
1.91,13.16,98.4,0.8,14.92
1.91,13.16,98.4,0.8,14.92
1.92,13.15,98.4,0.8,14.92
1.92,13.15,98.4,0.8,14.92
1.93,13.15,98.4,0.8,14.92
1.94,13.15,98.4,0.8,14.92
1.94,13.15,98.4,0.8,14.92
1.95,13.15,98.4,0.8,14.92
1.95,13.15,98.4,0.8,14.92
1.95,13.14,98.4,0.8,14.92
1.96,13.14,98.4,0.8,14.92
1.97,13.14,98.4,0.8,14.92
1.97,13.14,98.4,0.8,14.92
1.98,13.14,98.4,0.8,14.92
1.98,13.14,98.4,0.8,14.92
1.99,13.14,98.4,0.8,14.92
1.99,13.13,98.4,0.8,14.92
2.0,13.13,98.4,0.8,14.92
2.0,13.13,98.4,0.8,14.92
2.01,13.13,98.3,0.8,14.92
2.01,13.13,98.3,0.8,14.92
2.02,13.13,98.3,0.8,14.92
2.02,13.13,98.3,0.8,14.92
2.03,13.12,98.3,0.8,14.92
2.03,13.12,98.3,0.8,14.92
2.04,13.12,98.3,0.8,14.92
2.04,13.12,98.3,0.8,14.92
2.05,13.12,98.3,0.8,14.92
2.05,13.12,98.3,0.8,14.92
2.06,13.12,98.3,0.8,14.92
2.06,13.12,98.3,0.8,14.92
2.07,13.12,98.3,0.8,14.91
2.07,13.11,98.3,0.8,14.91
2.08,13.11,98.3,0.8,14.91
2.08,13.11,98.3,0.8,14.91
2.09,13.11,98.3,0.8,14.91
2.09,13.11,98.3,0.8,14.91
2.1,13.11,98.3,0.8,14.91
2.1,13.11,98.3,0.8,14.91
2.11,13.11,98.3,0.8,14.91
2.11,13.1,98.3,0.8,14.91
2.12,13.1,98.3,0.8,14.91
2.12,13.1,98.3,0.8,14.91
2.13,13.1,98.2,0.8,14.91
2.13,13.1,98.2,0.8,14.91
2.14,13.1,98.2,0.8,14.91
2.14,13.1,98.2,0.8,14.91
2.15,13.1,98.2,0.8,14.91
2.15,13.1,98.2,0.8,14.91
2.16,13.1,98.2,0.8,14.91
2.16,13.09,98.2,0.8,14.91
2.17,13.09,98.2,0.8,14.91
2.17,13.09,98.2,0.8,14.91
2.18,13.09,98.2,0.8,14.91
2.18,13.09,98.2,0.8,14.91
2.19,13.09,98.2,0.8,14.91
2.19,13.09,98.2,0.8,14.91
2.2,13.09,98.2,0.8,14.91
2.2,13.09,98.2,0.8,14.91
2.21,13.09,98.2,0.8,14.91
2.21,13.08,98.2,0.8,14.91
2.22,13.08,98.2,0.8,14.91
2.22,13.08,98.2,0.8,14.91
2.23,13.08,98.2,0.8,14.91
2.23,13.08,98.2,0.8,14.91
2.24,13.08,98.2,0.8,14.91
2.24,13.08,98.2,0.8,14.91
2.25,13.08,98.1,0.8,14.91
2.25,13.08,98.1,0.8,14.91
2.26,13.08,98.1,0.8,14.91
2.26,13.08,98.1,0.8,14.91
2.27,13.08,98.1,0.8,14.91
2.27,13.07,98.1,0.8,14.91
2.28,13.07,98.1,0.8,14.91
2.28,13.07,98.1,0.8,14.91
2.29,13.07,98.1,0.8,14.91
2.29,13.07,98.1,0.8,14.91
2.3,13.07,98.1,0.8,14.91
2.3,13.07,98.1,0.8,14.91
2.31,13.07,98.1,0.8,14.9
2.31,13.07,98.1,0.8,14.9
2.32,13.07,98.1,0.8,14.9
2.32,13.07,98.1,0.8,14.9
2.33,13.07,98.1,0.8,14.9
2.33,13.07,98.1,0.8,14.9
2.34,13.07,98.1,0.8,14.9
2.34,13.06,98.1,0.8,14.9
2.35,13.06,98.1,0.8,14.9
2.35,13.06,98.1,0.8,14.9
2.36,13.06,98.1,0.8,14.9
2.36,13.06,98.1,0.8,14.9
2.37,13.06,98.0,0.8,14.9
2.37,13.06,98.0,0.8,14.9
2.38,13.06,98.0,0.8,14.9
2.38,13.06,98.0,0.8,14.9
2.38,13.06,98.0,0.8,14.9
2.39,13.06,98.0,0.8,14.9
2.39,13.06,98.0,0.8,14.9
2.4,13.06,98.0,0.8,14.9
2.4,13.06,98.0,0.8,14.9
2.41,13.06,98.0,0.8,14.9
2.41,13.06,98.0,0.8,14.9
2.42,13.05,98.0,0.8,14.9
2.42,13.05,98.0,0.8,14.9
2.43,13.05,98.0,0.8,14.9
2.43,13.05,98.0,0.8,14.9
2.44,13.05,98.0,0.8,14.9
2.44,13.05,98.0,0.8,14.9
2.45,13.05,98.0,0.8,14.9
2.46,13.05,98.0,0.8,14.9
2.46,13.05,98.0,0.8,14.9
2.47,13.05,98.0,0.8,14.9
2.47,13.05,98.0,0.8,14.9
2.48,13.05,98.0,0.8,14.9
2.48,13.05,98.0,0.8,14.9
2.48,13.05,97.9,0.8,14.9
2.49,13.05,97.9,0.8,14.9
2.49,13.05,97.9,0.8,14.9
2.5,13.05,97.9,0.8,14.9
2.5,13.05,97.9,0.8,14.9
2.51,13.05,97.9,0.8,14.9
2.51,13.05,97.9,0.8,14.9
2.52,13.05,97.9,0.8,14.9
2.52,13.04,97.9,0.8,14.9
2.53,13.04,97.9,0.8,14.9
2.53,13.04,97.9,0.8,14.9
2.54,13.04,97.9,0.8,14.9
2.54,13.04,97.9,0.8,14.89
2.55,13.04,97.9,0.8,14.89
2.55,13.04,97.9,0.8,14.89
2.56,13.04,97.9,0.8,14.89
2.57,13.04,97.9,0.8,14.89
2.57,13.04,97.9,0.8,14.89
2.58,13.04,97.9,0.8,14.89
2.58,13.04,97.9,0.8,14.89
2.59,13.04,97.9,0.8,14.89
2.59,13.04,97.9,0.8,14.89
2.6,13.04,97.9,0.8,14.89
2.6,13.04,97.9,0.8,14.89
2.61,13.04,97.8,0.8,14.89
2.61,13.04,97.8,0.8,14.89
2.62,13.04,97.8,0.8,14.89
2.62,13.04,97.8,0.8,14.89
2.62,13.04,97.8,0.8,14.89
2.63,13.04,97.8,0.8,14.89
2.64,13.04,97.8,0.8,14.89
2.64,13.04,97.8,0.8,14.89
2.64,13.04,97.8,0.8,14.89
2.65,13.04,97.8,0.8,14.89
2.66,13.04,97.8,0.8,14.89
2.66,13.04,97.8,0.8,14.89
2.66,13.04,97.8,0.8,14.89
2.67,13.04,97.8,0.8,14.89
2.67,13.04,97.8,0.8,14.89
2.68,13.04,97.8,0.8,14.89
2.68,13.04,97.8,0.8,14.89
2.69,13.03,97.8,0.8,14.89
2.69,13.03,97.8,0.8,14.89
2.7,13.03,97.8,0.8,14.89
2.7,13.03,97.8,0.8,14.89
2.71,13.03,97.8,0.8,14.89
2.72,13.03,97.8,0.8,14.89
2.72,13.03,97.8,0.8,14.89
2.73,13.03,97.7,0.8,14.89
2.73,13.03,97.7,0.8,14.89
2.74,13.03,97.7,0.8,14.89
2.74,13.03,97.7,0.8,14.89
2.75,13.03,97.7,0.8,14.89
2.75,13.03,97.7,0.8,14.89
2.76,13.03,97.7,0.8,14.89
2.76,13.03,97.7,0.8,14.89
2.77,13.03,97.7,0.8,14.89
2.77,13.03,97.7,0.8,14.89
2.78,13.03,97.7,0.8,14.89
2.78,13.03,97.7,0.8,14.89
2.79,13.03,97.7,0.8,14.88
2.79,13.03,97.7,0.8,14.88
2.8,13.03,97.7,0.8,14.88
2.81,13.03,97.7,0.8,14.88
2.81,13.03,97.7,0.8,14.88
2.81,13.03,97.7,0.8,14.88
2.82,13.03,97.7,0.8,14.88
2.83,13.03,97.7,0.8,14.88
2.83,13.03,97.7,0.8,14.88
2.84,13.03,97.7,0.8,14.88
2.84,13.03,97.7,0.8,14.88
2.84,13.03,97.7,0.8,14.88
2.85,13.03,97.6,0.8,14.88
2.86,13.03,97.6,0.8,14.88
2.86,13.03,97.6,0.8,14.88
2.87,13.03,97.6,0.8,14.88
2.87,13.03,97.6,0.8,14.88
2.88,13.03,97.6,0.8,14.88
2.88,13.03,97.6,0.8,14.88
2.89,13.03,97.6,0.8,14.88
2.89,13.03,97.6,0.8,14.88
2.9,13.03,97.6,0.8,14.88
2.9,13.03,97.6,0.8,14.88
2.91,13.03,97.6,0.8,14.88
2.91,13.03,97.6,0.8,14.88
2.92,13.03,97.6,0.8,14.88
2.92,13.03,97.6,0.8,14.88
2.93,13.03,97.6,0.8,14.88
2.93,13.03,97.6,0.8,14.88
2.94,13.03,97.6,0.8,14.88
2.94,13.03,97.6,0.8,14.88
2.95,13.03,97.6,0.8,14.88
2.95,13.03,97.6,0.8,14.88
2.96,13.03,97.6,0.8,14.88
2.96,13.03,97.6,0.8,14.88
2.97,13.03,97.6,0.8,14.88
2.97,13.03,97.5,0.8,14.88
2.98,13.03,97.5,0.8,14.88
2.98,13.03,97.5,0.8,14.88
2.99,13.03,97.5,0.8,14.88
2.99,13.03,97.5,0.8,14.88
3.0,13.03,97.5,0.8,14.88
3.0,13.03,97.5,0.8,14.88
3.0,13.03,97.5,0.8,14.88
3.01,13.03,97.5,0.8,14.88
3.01,13.03,97.5,0.8,14.88
3.02,13.03,97.5,0.8,14.88
3.02,13.03,97.5,0.8,14.88
3.03,13.03,97.5,0.8,14.87
3.04,13.03,97.5,0.8,14.87
3.04,13.03,97.5,0.8,14.87
3.05,13.03,97.5,0.8,14.87
3.05,13.03,97.5,0.8,14.87
3.05,13.03,97.5,0.8,14.87
3.06,13.03,97.5,0.8,14.87
3.06,13.03,97.5,0.8,14.87
3.07,13.03,97.5,0.8,14.87
3.07,13.03,97.5,0.8,14.87
3.08,13.03,97.5,0.8,14.87
3.08,13.03,97.5,0.8,14.87
3.09,13.03,97.4,0.8,14.87
3.09,13.03,97.4,0.8,14.87
3.1,13.03,97.4,0.8,14.87
3.1,13.03,97.4,0.8,14.87
3.11,13.03,97.4,0.8,14.87
3.11,13.03,97.4,0.8,14.87
3.12,13.03,97.4,0.8,14.87
3.12,13.03,97.4,0.8,14.87
3.13,13.03,97.4,0.8,14.87
3.13,13.03,97.4,0.8,14.87
3.14,13.03,97.4,0.8,14.87
3.14,13.03,97.4,0.8,14.87
3.15,13.03,97.4,0.8,14.87
3.15,13.03,97.4,0.8,14.87
3.16,13.03,97.4,0.8,14.87
3.16,13.03,97.4,0.8,14.87
3.17,13.03,97.4,0.8,14.87
3.17,13.03,97.4,0.8,14.87
3.18,13.03,97.4,0.8,14.87
3.18,13.03,97.4,0.8,14.87
3.19,13.03,97.4,0.8,14.87
3.19,13.03,97.4,0.8,14.87
3.2,13.03,97.4,0.8,14.87
3.2,13.03,97.4,0.8,14.87
3.21,13.03,97.3,0.8,14.87
3.21,13.03,97.3,0.8,14.87
3.22,13.03,97.3,0.8,14.87
3.22,13.03,97.3,0.8,14.87
3.23,13.03,97.3,0.8,14.87
3.23,13.03,97.3,0.8,14.87
3.24,13.03,97.3,0.8,14.87
3.24,13.03,97.3,0.8,14.87
3.25,13.03,97.3,0.8,14.87
3.26,13.03,97.3,0.8,14.87
3.26,13.03,97.3,0.8,14.87
3.27,13.03,97.3,0.8,14.87
3.27,13.03,97.3,0.8,14.86
3.28,13.04,97.3,0.8,14.86
3.28,13.04,97.3,0.8,14.86
3.28,13.04,97.3,0.8,14.86
3.29,13.04,97.3,0.8,14.86
3.29,13.04,97.3,0.8,14.86
3.3,13.04,97.3,0.8,14.86
3.3,13.04,97.3,0.8,14.86
3.31,13.04,97.3,0.8,14.86
3.31,13.04,97.3,0.8,14.86
3.32,13.04,97.3,0.8,14.86
3.33,13.04,97.3,0.8,14.86
3.33,13.04,97.2,0.8,14.86
3.34,13.04,97.2,0.8,14.86
3.34,13.04,97.2,0.8,14.86
3.35,13.04,97.2,0.8,14.86
3.35,13.04,97.2,0.8,14.86
3.36,13.04,97.2,0.8,14.86
3.36,13.04,97.2,0.8,14.86
3.37,13.04,97.2,0.8,14.86
3.37,13.04,97.2,0.8,14.86
3.38,13.04,97.2,0.8,14.86
3.38,13.04,97.2,0.8,14.86
3.39,13.04,97.2,0.8,14.86
3.39,13.04,97.2,0.8,14.86
3.4,13.04,97.2,0.8,14.86
3.4,13.04,97.2,0.8,14.86
3.41,13.04,97.2,0.8,14.86
3.41,13.04,97.2,0.8,14.86
3.42,13.04,97.2,0.8,14.86
3.42,13.04,97.2,0.8,14.86
3.43,13.04,97.2,0.8,14.86
3.43,13.04,97.2,0.8,14.86
3.44,13.04,97.2,0.8,14.86
3.44,13.04,97.2,0.8,14.86
3.45,13.04,97.2,0.8,14.86
3.45,13.04,97.1,0.8,14.86
3.46,13.04,97.1,0.8,14.86
3.46,13.04,97.1,0.8,14.86
3.47,13.04,97.1,0.8,14.86
3.47,13.04,97.1,0.8,14.86
3.48,13.04,97.1,0.8,14.86
3.48,13.04,97.1,0.8,14.86
3.49,13.04,97.1,0.8,14.86
3.49,13.04,97.1,0.8,14.86
3.5,13.04,97.1,0.8,14.86
3.51,13.04,97.1,0.8,14.86
3.51,13.04,97.1,0.8,14.86
3.52,13.04,97.1,0.8,14.85
3.52,13.04,97.1,0.8,14.85
3.52,13.04,97.1,0.8,14.85
3.53,13.04,97.1,0.8,14.85
3.54,13.04,97.1,0.8,14.85
3.54,13.04,97.1,0.8,14.85
3.55,13.04,97.1,0.8,14.85
3.55,13.04,97.1,0.8,14.85
3.56,13.04,97.1,0.8,14.85
3.56,13.04,97.1,0.8,14.85
3.57,13.04,97.1,0.8,14.85
3.57,13.04,97.1,0.8,14.85
3.58,13.04,97.0,0.8,14.85
3.58,13.04,97.0,0.8,14.85
3.59,13.04,97.0,0.8,14.85
3.59,13.04,97.0,0.8,14.85
3.6,13.05,97.0,0.8,14.85
3.6,13.05,97.0,0.8,14.85
3.61,13.05,97.0,0.8,14.85
3.61,13.05,97.0,0.8,14.85
3.62,13.05,97.0,0.8,14.85
3.62,13.05,97.0,0.8,14.85
3.63,13.05,97.0,0.8,14.85
3.63,13.05,97.0,0.8,14.85
3.64,13.05,97.0,0.8,14.85
3.64,13.05,97.0,0.8,14.85
3.65,13.05,97.0,0.8,14.85
3.65,13.05,97.0,0.8,14.85
3.66,13.05,97.0,0.8,14.85
3.66,13.05,97.0,0.8,14.85
3.67,13.05,97.0,0.8,14.85
3.67,13.05,97.0,0.8,14.85
3.68,13.05,97.0,0.8,14.85
3.68,13.05,97.0,0.8,14.85
3.69,13.05,97.0,0.8,14.85
3.69,13.05,97.0,0.8,14.85
3.7,13.05,96.9,0.8,14.85
3.7,13.05,96.9,0.8,14.85
3.71,13.05,96.9,0.8,14.85
3.72,13.05,96.9,0.8,14.85
3.72,13.05,96.9,0.8,14.85
3.72,13.05,96.9,0.8,14.85
3.73,13.05,96.9,0.8,14.85
3.73,13.05,96.9,0.8,14.85
3.74,13.05,96.9,0.8,14.85
3.74,13.05,96.9,0.8,14.85
3.75,13.05,96.9,0.8,14.85
3.75,13.05,96.9,0.8,14.85
3.76,13.05,96.9,0.8,14.84
3.76,13.05,96.9,0.8,14.84
3.77,13.05,96.9,0.8,14.84
3.77,13.05,96.9,0.8,14.84
3.78,13.05,96.9,0.8,14.84
3.78,13.05,96.9,0.8,14.84
3.79,13.05,96.9,0.8,14.84
3.79,13.05,96.9,0.8,14.84
3.8,13.05,96.9,0.8,14.84
3.8,13.05,96.9,0.8,14.84
3.81,13.05,96.9,0.8,14.84
3.81,13.05,96.9,0.8,14.84
3.82,13.05,96.8,0.8,14.84
3.82,13.05,96.8,0.8,14.84
3.83,13.05,96.8,0.8,14.84
3.83,13.05,96.8,0.8,14.84
3.84,13.05,96.8,0.8,14.84
3.84,13.05,96.8,0.8,14.84
3.85,13.05,96.8,0.8,14.84
3.85,13.05,96.8,0.8,14.84
3.85,13.05,96.8,0.8,14.84
3.86,13.05,96.8,0.8,14.84
3.86,13.05,96.8,0.8,14.84
3.87,13.05,96.8,0.8,14.84
3.88,13.05,96.8,0.8,14.84
3.88,13.05,96.8,0.8,14.84
3.89,13.05,96.8,0.8,14.84
3.89,13.05,96.8,0.8,14.84
3.9,13.05,96.8,0.8,14.84
3.9,13.05,96.8,0.8,14.84
3.91,13.06,96.8,0.8,14.84
3.91,13.06,96.8,0.8,14.84
3.92,13.06,96.8,0.8,14.84
3.92,13.06,96.8,0.8,14.84
3.93,13.06,96.8,0.8,14.84
3.93,13.06,96.8,0.8,14.84
3.94,13.06,96.7,0.8,14.84
3.94,13.06,96.7,0.8,14.84
3.95,13.06,96.7,0.8,14.84
3.95,13.06,96.7,0.8,14.84
3.96,13.06,96.7,0.8,14.84
3.96,13.06,96.7,0.8,14.84
3.97,13.06,96.7,0.8,14.84
3.97,13.06,96.7,0.8,14.84
3.98,13.06,96.7,0.8,14.84
3.98,13.06,96.7,0.8,14.84
3.99,13.06,96.7,0.8,14.84
3.99,13.06,96.7,0.8,14.84
4.0,13.06,96.7,0.8,14.83
4.0,13.06,96.7,0.8,14.83
4.01,13.06,96.7,0.8,14.83
4.01,13.06,96.7,0.8,14.83
4.02,13.06,96.7,0.8,14.83
4.02,13.06,96.7,0.8,14.83
4.03,13.06,96.7,0.8,14.83
4.03,13.06,96.7,0.8,14.83
4.04,13.06,96.7,0.8,14.83
4.04,13.06,96.7,0.8,14.83
4.05,13.06,96.7,0.8,14.83
4.05,13.06,96.7,0.8,14.83
4.06,13.06,96.6,0.8,14.83
4.06,13.06,96.6,0.8,14.83
4.07,13.06,96.6,0.8,14.83
4.07,13.06,96.6,0.8,14.83
4.07,13.06,96.6,0.8,14.83
4.08,13.06,96.6,0.8,14.83
4.08,13.06,96.6,0.8,14.83
4.09,13.06,96.6,0.8,14.83
4.09,13.06,96.6,0.8,14.83
4.1,13.06,96.6,0.8,14.83
4.1,13.06,96.6,0.8,14.83
4.11,13.06,96.6,0.8,14.83
4.11,13.06,96.6,0.8,14.83
4.12,13.06,96.6,0.8,14.83
4.12,13.06,96.6,0.8,14.83
4.13,13.06,96.6,0.8,14.83
4.13,13.06,96.6,0.8,14.83
4.14,13.06,96.6,0.8,14.83
4.14,13.06,96.6,0.8,14.83
4.15,13.06,96.6,0.8,14.83
4.15,13.06,96.6,0.8,14.83
4.16,13.06,96.6,0.8,14.83
4.17,13.06,96.6,0.8,14.83
4.17,13.06,96.6,0.8,14.83
4.18,13.06,96.5,0.8,14.83
4.18,13.06,96.5,0.8,14.83
4.18,13.06,96.5,0.8,14.83
4.19,13.06,96.5,0.8,14.83
4.19,13.06,96.5,0.8,14.83
4.2,13.06,96.5,0.8,14.83
4.21,13.06,96.5,0.8,14.83
4.21,13.06,96.5,0.8,14.83
4.21,13.06,96.5,0.8,14.83
4.22,13.06,96.5,0.8,14.83
4.23,13.06,96.5,0.8,14.83
4.23,13.06,96.5,0.8,14.83
4.24,13.06,96.5,0.8,14.82
4.24,13.06,96.5,0.8,14.82
4.25,13.06,96.5,0.8,14.82
4.25,13.06,96.5,0.8,14.82
4.26,13.06,96.5,0.8,14.82
4.26,13.06,96.5,0.8,14.82
4.27,13.06,96.5,0.8,14.82
4.27,13.06,96.5,0.8,14.82
4.28,13.06,96.5,0.8,14.82
4.28,13.06,96.5,0.8,14.82
4.29,13.06,96.5,0.8,14.82
4.29,13.06,96.5,0.8,14.82
4.3,13.06,96.4,0.8,14.82
4.31,13.06,96.4,0.8,14.82
4.31,13.07,96.4,0.8,14.82
4.32,13.07,96.4,0.8,14.82
4.32,13.07,96.4,0.8,14.82
4.33,13.07,96.4,0.8,14.82
4.33,13.07,96.4,0.8,14.82
4.34,13.07,96.4,0.8,14.82
4.35,13.07,96.4,0.8,14.82
4.35,13.07,96.4,0.8,14.82
4.36,13.07,96.4,0.8,14.82
4.36,13.07,96.4,0.8,14.82
4.37,13.07,96.4,0.8,14.82
4.37,13.07,96.4,0.8,14.82
4.38,13.07,96.4,0.8,14.82
4.39,13.07,96.4,0.8,14.82
4.4,13.07,96.4,0.8,14.82
4.4,13.07,96.4,0.8,14.82
4.41,13.07,96.4,0.8,14.82
4.42,13.07,96.4,0.8,14.82
4.42,13.07,96.4,0.8,14.82
4.45,13.07,96.4,0.8,14.82
4.47,13.07,96.4,0.8,14.82
4.47,13.07,96.4,0.8,14.82
4.48,13.07,96.3,0.8,14.82
4.48,13.07,96.3,0.8,14.82
4.49,13.07,96.3,0.8,14.82
4.5,13.07,96.3,0.8,14.82
4.5,13.07,96.3,0.8,14.82
4.5,13.07,96.3,0.8,14.82
4.51,13.07,96.3,0.8,14.82
4.51,13.07,96.3,0.8,14.82
4.52,13.07,96.3,0.8,14.82
4.53,13.07,96.3,0.8,14.82
4.53,13.07,96.3,0.8,14.82
4.53,13.07,96.3,0.8,14.82
4.54,13.07,96.3,0.8,14.81
4.55,13.07,96.3,0.8,14.81
4.55,13.07,96.3,0.8,14.81
4.55,13.07,96.3,0.8,14.81
4.56,13.07,96.3,0.8,14.81
4.57,13.07,96.3,0.8,14.81
4.57,13.07,96.3,0.8,14.81
4.58,13.07,96.3,0.8,14.81
4.58,13.07,96.3,0.8,14.81
4.59,13.07,96.3,0.8,14.81
4.59,13.07,96.3,0.8,14.81
4.6,13.07,96.3,0.8,14.81
4.6,13.07,96.2,0.8,14.81
4.61,13.07,96.2,0.8,14.81
4.61,13.07,96.2,0.8,14.81
4.62,13.07,96.2,0.8,14.81
4.62,13.07,96.2,0.8,14.81
4.63,13.07,96.2,0.8,14.81
4.63,13.07,96.2,0.8,14.81
4.64,13.07,96.2,0.8,14.81
4.64,13.07,96.2,0.8,14.81
4.65,13.07,96.2,0.8,14.81
4.65,13.07,96.2,0.8,14.81
4.65,13.07,96.2,0.8,14.81
4.66,13.07,96.2,0.8,14.81
4.66,13.07,96.2,0.8,14.81
4.67,13.07,96.2,0.8,14.81
4.67,13.07,96.2,0.8,14.81
4.68,13.07,96.2,0.8,14.81
4.68,13.07,96.2,0.8,14.81
4.69,13.07,96.2,0.8,14.81
4.69,13.07,96.2,0.8,14.81
4.7,13.07,96.2,0.8,14.81
4.7,13.07,96.2,0.8,14.81
4.71,13.07,96.2,0.8,14.81
4.72,13.07,96.2,0.8,14.81
4.72,13.07,96.1,0.8,14.81
4.72,13.07,96.1,0.8,14.81
4.73,13.07,96.1,0.8,14.81
4.73,13.07,96.1,0.8,14.81
4.74,13.07,96.1,0.8,14.81
4.74,13.07,96.1,0.8,14.81
4.75,13.07,96.1,0.8,14.81
4.75,13.07,96.1,0.8,14.81
4.76,13.07,96.1,0.8,14.81
4.76,13.07,96.1,0.8,14.81
4.77,13.07,96.1,0.8,14.81
4.77,13.07,96.1,0.8,14.81
4.78,13.07,96.1,0.8,14.8
4.78,13.07,96.1,0.8,14.8
4.79,13.07,96.1,0.8,14.8
4.79,13.07,96.1,0.8,14.8
4.8,13.07,96.1,0.8,14.8
4.8,13.07,96.1,0.8,14.8
4.81,13.07,96.1,0.8,14.8
4.81,13.07,96.1,0.8,14.8
4.82,13.07,96.1,0.8,14.8
4.82,13.07,96.1,0.8,14.8
4.83,13.07,96.1,0.8,14.8
4.83,13.07,96.1,0.8,14.8
4.84,13.07,96.0,0.8,14.8
4.84,13.07,96.0,0.8,14.8
4.85,13.07,96.0,0.8,14.8
4.85,13.07,96.0,0.8,14.8
4.86,13.07,96.0,0.8,14.8
4.86,13.07,96.0,0.8,14.8
4.87,13.07,96.0,0.8,14.8
4.87,13.07,96.0,0.8,14.8
4.88,13.07,96.0,0.8,14.8
4.88,13.07,96.0,0.8,14.8
4.89,13.07,96.0,0.8,14.8
4.89,13.07,96.0,0.8,14.8
4.9,13.07,96.0,0.8,14.8
4.9,13.07,96.0,0.8,14.8
4.91,13.07,96.0,0.8,14.8
4.91,13.07,96.0,0.8,14.8
4.92,13.07,96.0,0.8,14.8
4.92,13.07,96.0,0.8,14.8
4.93,13.07,96.0,0.8,14.8
4.93,13.07,96.0,0.8,14.8
4.94,13.07,96.0,0.8,14.8
4.94,13.07,96.0,0.8,14.8
4.95,13.07,96.0,0.8,14.8
4.95,13.07,96.0,0.8,14.8
4.96,13.07,95.9,0.8,14.8
4.96,13.07,95.9,0.8,14.8
4.97,13.07,95.9,0.8,14.8
4.97,13.07,95.9,0.8,14.8
4.98,13.07,95.9,0.8,14.8
4.98,13.07,95.9,0.8,14.8
4.99,13.07,95.9,0.8,14.8
4.99,13.07,95.9,0.8,14.8
5.0,13.07,95.9,0.8,14.8
5.0,13.07,95.9,0.8,14.8
5.01,13.07,95.9,0.8,14.8
5.01,13.07,95.9,0.8,14.8
5.02,13.07,95.9,0.8,14.79
5.03,13.07,95.9,0.8,14.79
5.03,13.07,95.9,0.8,14.79
5.04,13.07,95.9,0.8,14.79
5.04,13.07,95.9,0.8,14.79
5.05,13.07,95.9,0.8,14.79
5.05,13.07,95.9,0.8,14.79
5.06,13.07,95.9,0.8,14.79
5.06,13.07,95.9,0.8,14.79
5.07,13.07,95.9,0.8,14.79
5.07,13.07,95.9,0.8,14.79
5.08,13.07,95.9,0.8,14.79
5.08,13.07,95.8,0.8,14.79
5.09,13.07,95.8,0.8,14.79
5.09,13.07,95.8,0.8,14.79
5.1,13.07,95.8,0.8,14.79
5.1,13.07,95.8,0.8,14.79
5.11,13.07,95.8,0.8,14.79
5.11,13.07,95.8,0.8,14.79
5.12,13.07,95.8,0.8,14.79
5.12,13.07,95.8,0.8,14.79
5.13,13.07,95.8,0.8,14.79
5.13,13.07,95.8,0.8,14.79
5.14,13.07,95.8,0.8,14.79
5.14,13.07,95.8,0.8,14.79
5.15,13.07,95.8,0.8,14.79
5.15,13.07,95.8,0.8,14.79
5.16,13.07,95.8,0.8,14.79
5.16,13.07,95.8,0.8,14.79
5.17,13.07,95.8,0.8,14.79
5.17,13.07,95.8,0.8,14.79
5.18,13.07,95.8,0.8,14.79
5.18,13.07,95.8,0.8,14.79
5.19,13.07,95.8,0.8,14.79
5.2,13.07,95.8,0.8,14.79
5.2,13.07,95.8,0.8,14.79
5.21,13.07,95.7,0.8,14.79
5.21,13.07,95.7,0.8,14.79
5.22,13.07,95.7,0.8,14.79
5.22,13.07,95.7,0.8,14.79
5.23,13.07,95.7,0.8,14.79
5.23,13.07,95.7,0.8,14.79
5.24,13.07,95.7,0.8,14.79
5.24,13.07,95.7,0.8,14.79
5.25,13.07,95.7,0.8,14.79
5.25,13.07,95.7,0.8,14.79
5.26,13.07,95.7,0.8,14.79
5.26,13.07,95.7,0.8,14.79
5.27,13.07,95.7,0.8,14.78
5.27,13.07,95.7,0.8,14.78
5.28,13.07,95.7,0.8,14.78
5.28,13.07,95.7,0.8,14.78
5.29,13.07,95.7,0.8,14.78
5.29,13.07,95.7,0.8,14.78
5.3,13.07,95.7,0.8,14.78
5.3,13.07,95.7,0.8,14.78
5.31,13.07,95.7,0.8,14.78
5.31,13.07,95.7,0.8,14.78
5.32,13.07,95.7,0.8,14.78
5.33,13.07,95.7,0.8,14.78
5.33,13.07,95.6,0.8,14.78
5.34,13.07,95.6,0.8,14.78
5.34,13.07,95.6,0.8,14.78
5.35,13.07,95.6,0.8,14.78
5.35,13.07,95.6,0.8,14.78
5.36,13.07,95.6,0.8,14.78
5.36,13.07,95.6,0.8,14.78
5.37,13.07,95.6,0.8,14.78
5.37,13.07,95.6,0.8,14.78
5.38,13.07,95.6,0.8,14.78
5.38,13.07,95.6,0.8,14.78
5.39,13.07,95.6,0.8,14.78
5.39,13.07,95.6,0.8,14.78
5.4,13.07,95.6,0.8,14.78
5.41,13.07,95.6,0.8,14.78
5.41,13.07,95.6,0.8,14.78
5.42,13.07,95.6,0.8,14.78
5.42,13.07,95.6,0.8,14.78
5.43,13.07,95.6,0.8,14.78
5.43,13.07,95.6,0.8,14.78
5.43,13.07,95.6,0.8,14.78
5.44,13.07,95.6,0.8,14.78
5.44,13.07,95.6,0.8,14.78
5.45,13.07,95.6,0.8,14.78
5.45,13.07,95.5,0.8,14.78
5.46,13.07,95.5,0.8,14.78
5.46,13.07,95.5,0.8,14.78
5.47,13.07,95.5,0.8,14.78
5.47,13.07,95.5,0.8,14.78
5.48,13.07,95.5,0.8,14.78
5.49,13.07,95.5,0.8,14.78
5.49,13.07,95.5,0.8,14.78
5.49,13.07,95.5,0.8,14.78
5.5,13.07,95.5,0.8,14.78
5.5,13.07,95.5,0.8,14.78
5.51,13.07,95.5,0.8,14.78
5.51,13.07,95.5,0.8,14.77
5.52,13.07,95.5,0.8,14.77
5.52,13.07,95.5,0.8,14.77
5.53,13.07,95.5,0.8,14.77
5.53,13.07,95.5,0.8,14.77
5.54,13.07,95.5,0.8,14.77
5.54,13.07,95.5,0.8,14.77
5.55,13.07,95.5,0.8,14.77
5.55,13.07,95.5,0.8,14.77
5.56,13.07,95.5,0.8,14.77
5.56,13.07,95.5,0.8,14.77
5.57,13.07,95.5,0.8,14.77
5.57,13.07,95.4,0.8,14.77
5.58,13.07,95.4,0.8,14.77
5.59,13.07,95.4,0.8,14.77
5.59,13.07,95.4,0.8,14.77
5.6,13.07,95.4,0.8,14.77
5.6,13.07,95.4,0.8,14.77
5.61,13.07,95.4,0.8,14.77
5.61,13.07,95.4,0.8,14.77
5.62,13.07,95.4,0.8,14.77
5.62,13.07,95.4,0.8,14.77
5.63,13.07,95.4,0.8,14.77
5.63,13.07,95.4,0.8,14.77
5.64,13.07,95.4,0.8,14.77
5.64,13.07,95.4,0.8,14.77
5.64,13.07,95.4,0.8,14.77
5.65,13.07,95.4,0.8,14.77
5.66,13.07,95.4,0.8,14.77
5.66,13.07,95.4,0.8,14.77
5.67,13.07,95.4,0.8,14.77
5.67,13.07,95.4,0.8,14.77
5.68,13.07,95.4,0.8,14.77
5.68,13.07,95.4,0.8,14.77
5.69,13.07,95.4,0.8,14.77
5.69,13.07,95.4,0.8,14.77
5.7,13.07,95.3,0.8,14.77
5.7,13.07,95.3,0.8,14.77
5.71,13.07,95.3,0.8,14.77
5.71,13.07,95.3,0.8,14.77
5.72,13.07,95.3,0.8,14.77
5.72,13.07,95.3,0.8,14.77
5.73,13.07,95.3,0.8,14.77
5.73,13.07,95.3,0.8,14.77
5.74,13.07,95.3,0.8,14.77
5.74,13.07,95.3,0.8,14.77
5.75,13.07,95.3,0.8,14.77
5.75,13.07,95.3,0.8,14.77
5.76,13.07,95.3,0.8,14.76
5.76,13.07,95.3,0.8,14.76
5.77,13.07,95.3,0.8,14.76
5.77,13.07,95.3,0.8,14.76
5.78,13.07,95.3,0.8,14.76
5.78,13.07,95.3,0.8,14.76
5.79,13.07,95.3,0.8,14.76
5.79,13.07,95.3,0.8,14.76
5.8,13.07,95.3,0.8,14.76
5.8,13.07,95.3,0.8,14.76
5.81,13.07,95.3,0.8,14.76
5.81,13.07,95.3,0.8,14.76
5.82,13.07,95.2,0.8,14.76
5.82,13.07,95.2,0.8,14.76
5.83,13.07,95.2,0.8,14.76
5.83,13.07,95.2,0.8,14.76
5.84,13.07,95.2,0.8,14.76
5.84,13.07,95.2,0.8,14.76
5.85,13.07,95.2,0.8,14.76
5.85,13.07,95.2,0.8,14.76
5.86,13.07,95.2,0.8,14.76
5.86,13.07,95.2,0.8,14.76
5.87,13.07,95.2,0.8,14.76
5.88,13.07,95.2,0.8,14.76
5.88,13.07,95.2,0.8,14.76
5.89,13.07,95.2,0.8,14.76
5.89,13.07,95.2,0.8,14.76
5.9,13.07,95.2,0.8,14.76
5.9,13.07,95.2,0.8,14.76
5.91,13.07,95.2,0.8,14.76
5.91,13.07,95.2,0.8,14.76
5.92,13.07,95.2,0.8,14.76
5.92,13.07,95.2,0.8,14.76
5.93,13.07,95.2,0.8,14.76
5.93,13.07,95.2,0.8,14.76
5.94,13.07,95.2,0.8,14.76
5.94,13.07,95.1,0.8,14.76
5.95,13.07,95.1,0.8,14.76
5.95,13.07,95.1,0.8,14.76
5.96,13.07,95.1,0.8,14.76
5.97,13.07,95.1,0.8,14.76
5.97,13.07,95.1,0.8,14.76
5.98,13.07,95.1,0.8,14.76
5.98,13.07,95.1,0.8,14.76
5.99,13.07,95.1,0.8,14.76
5.99,13.07,95.1,0.8,14.76
6.0,13.07,95.1,0.8,14.76
6.0,13.07,95.1,0.8,14.76
6.01,13.07,95.1,0.8,14.75
6.01,13.07,95.1,0.8,14.75
6.02,13.07,95.1,0.8,14.75
6.02,13.07,95.1,0.8,14.75
6.03,13.07,95.1,0.8,14.75
6.03,13.07,95.1,0.8,14.75
6.04,13.07,95.1,0.8,14.75
6.04,13.07,95.1,0.8,14.75
6.05,13.07,95.1,0.8,14.75
6.05,13.07,95.1,0.8,14.75
6.06,13.07,95.1,0.8,14.75
6.07,13.07,95.1,0.8,14.75
6.07,13.07,95.0,0.8,14.75
6.08,13.07,95.0,0.8,14.75
6.08,13.07,95.0,0.8,14.75
6.08,13.07,95.0,0.8,14.75
6.09,13.07,95.0,0.8,14.75
6.09,13.07,95.0,0.8,14.75
6.1,13.07,95.0,0.8,14.75
6.1,13.07,95.0,0.8,14.75
6.11,13.07,95.0,0.8,14.75
6.11,13.07,95.0,0.8,14.75
6.12,13.07,95.0,0.8,14.75
6.12,13.07,95.0,0.8,14.75
6.13,13.07,95.0,0.8,14.75
6.13,13.07,95.0,0.8,14.75
6.14,13.07,95.0,0.8,14.75
6.14,13.07,95.0,0.8,14.75
6.15,13.07,95.0,0.8,14.75
6.15,13.07,95.0,0.8,14.75
6.16,13.07,95.0,0.8,14.75
6.16,13.07,95.0,0.8,14.75
6.17,13.07,95.0,0.8,14.75
6.18,13.07,95.0,0.8,14.75
6.18,13.07,95.0,0.8,14.75
6.18,13.07,95.0,0.8,14.75
6.19,13.07,94.9,0.8,14.75
6.2,13.07,94.9,0.8,14.75
6.2,13.07,94.9,0.8,14.75
6.2,13.07,94.9,0.8,14.75
6.21,13.07,94.9,0.8,14.75
6.21,13.07,94.9,0.8,14.75
6.22,13.07,94.9,0.8,14.75
6.22,13.07,94.9,0.8,14.75
6.23,13.07,94.9,0.8,14.75
6.23,13.07,94.9,0.8,14.75
6.24,13.07,94.9,0.8,14.75
6.24,13.07,94.9,0.8,14.75
6.25,13.07,94.9,0.8,14.74
6.25,13.07,94.9,0.8,14.74
6.26,13.07,94.9,0.8,14.74
6.26,13.07,94.9,0.8,14.74
6.27,13.07,94.9,0.8,14.74
6.27,13.07,94.9,0.8,14.74
6.28,13.07,94.9,0.8,14.74
6.28,13.07,94.9,0.8,14.74
6.29,13.07,94.9,0.8,14.74
6.29,13.07,94.9,0.8,14.74
6.3,13.07,94.9,0.8,14.74
6.3,13.07,94.9,0.8,14.74
6.31,13.07,94.8,0.8,14.74
6.31,13.07,94.8,0.8,14.74
6.32,13.07,94.8,0.8,14.74
6.32,13.07,94.8,0.8,14.74
6.33,13.07,94.8,0.8,14.74
6.33,13.07,94.8,0.8,14.74
6.34,13.07,94.8,0.8,14.74
6.34,13.07,94.8,0.8,14.74
6.35,13.07,94.8,0.8,14.74
6.35,13.07,94.8,0.8,14.74
6.36,13.07,94.8,0.8,14.74
6.36,13.07,94.8,0.8,14.74
6.37,13.07,94.8,0.8,14.74
6.37,13.07,94.8,0.8,14.74
6.38,13.07,94.8,0.8,14.74
6.38,13.07,94.8,0.8,14.74
6.39,13.07,94.8,0.8,14.74
6.39,13.07,94.8,0.8,14.74
6.4,13.07,94.8,0.8,14.74
6.4,13.07,94.8,0.8,14.74
6.41,13.07,94.8,0.8,14.74
6.41,13.07,94.8,0.8,14.74
6.42,13.07,94.8,0.8,14.74
6.42,13.07,94.8,0.8,14.74
6.43,13.07,94.7,0.8,14.74
6.43,13.07,94.7,0.8,14.74
6.44,13.07,94.7,0.8,14.74
6.44,13.07,94.7,0.8,14.74
6.45,13.07,94.7,0.8,14.74
6.45,13.07,94.7,0.8,14.74
6.46,13.07,94.7,0.8,14.74
6.46,13.07,94.7,0.8,14.74
6.47,13.07,94.7,0.8,14.74
6.47,13.07,94.7,0.8,14.74
6.48,13.07,94.7,0.8,14.74
6.48,13.07,94.7,0.8,14.74
6.49,13.07,94.7,0.8,14.73
6.49,13.07,94.7,0.8,14.73
6.5,13.07,94.7,0.8,14.73
6.5,13.07,94.7,0.8,14.73
6.51,13.07,94.7,0.8,14.73
6.51,13.07,94.7,0.8,14.73
6.52,13.07,94.7,0.8,14.73
6.52,13.07,94.7,0.8,14.73
6.53,13.07,94.7,0.8,14.73
6.53,13.07,94.7,0.8,14.73
6.54,13.07,94.7,0.8,14.73
6.54,13.07,94.7,0.8,14.73
6.55,13.07,94.6,0.8,14.73
6.55,13.07,94.6,0.8,14.73
6.56,13.07,94.6,0.8,14.73
6.56,13.07,94.6,0.8,14.73
6.57,13.07,94.6,0.8,14.73
6.57,13.07,94.6,0.8,14.73
6.58,13.07,94.6,0.8,14.73
6.58,13.07,94.6,0.8,14.73
6.59,13.07,94.6,0.8,14.73
6.59,13.07,94.6,0.8,14.73
6.6,13.07,94.6,0.8,14.73
6.6,13.07,94.6,0.8,14.73
6.61,13.07,94.6,0.8,14.73
6.61,13.07,94.6,0.8,14.73
6.62,13.07,94.6,0.8,14.73
6.62,13.07,94.6,0.8,14.73
6.63,13.07,94.6,0.8,14.73
6.63,13.07,94.6,0.8,14.73
6.64,13.07,94.6,0.8,14.73
6.64,13.07,94.6,0.8,14.73
6.65,13.07,94.6,0.8,14.73
6.66,13.07,94.6,0.8,14.73
6.66,13.07,94.6,0.8,14.73
6.67,13.07,94.6,0.8,14.73
6.67,13.07,94.5,0.8,14.73
6.68,13.07,94.5,0.8,14.73
6.68,13.07,94.5,0.8,14.73
6.69,13.07,94.5,0.8,14.73
6.69,13.07,94.5,0.8,14.73
6.7,13.07,94.5,0.8,14.73
6.7,13.07,94.5,0.8,14.73
6.71,13.07,94.5,0.8,14.73
6.71,13.07,94.5,0.8,14.73
6.72,13.07,94.5,0.8,14.73
6.72,13.07,94.5,0.8,14.73
6.72,13.07,94.5,0.8,14.73
6.73,13.07,94.5,0.8,14.72
6.74,13.07,94.5,0.8,14.72
6.74,13.07,94.5,0.8,14.72
6.75,13.07,94.5,0.8,14.72
6.75,13.07,94.5,0.8,14.72
6.76,13.07,94.5,0.8,14.72
6.76,13.07,94.5,0.8,14.72
6.76,13.07,94.5,0.8,14.72
6.77,13.07,94.5,0.8,14.72
6.77,13.07,94.5,0.8,14.72
6.78,13.07,94.5,0.8,14.72
6.78,13.07,94.5,0.8,14.72
6.79,13.07,94.4,0.8,14.72
6.79,13.07,94.4,0.8,14.72
6.8,13.07,94.4,0.8,14.72
6.81,13.07,94.4,0.8,14.72
6.81,13.07,94.4,0.8,14.72
6.82,13.07,94.4,0.8,14.72
6.82,13.07,94.4,0.8,14.72
6.83,13.07,94.4,0.8,14.72
6.83,13.07,94.4,0.8,14.72
6.84,13.07,94.4,0.8,14.72
6.84,13.07,94.4,0.8,14.72
6.85,13.07,94.4,0.8,14.72
6.85,13.07,94.4,0.8,14.72
6.86,13.07,94.4,0.8,14.72
6.86,13.07,94.4,0.8,14.72
6.87,13.07,94.4,0.8,14.72
6.88,13.07,94.4,0.8,14.72
6.88,13.07,94.4,0.8,14.72
6.89,13.07,94.4,0.8,14.72
6.89,13.07,94.4,0.8,14.72
6.9,13.07,94.4,0.8,14.72
6.9,13.07,94.4,0.8,14.72
6.91,13.07,94.4,0.8,14.72
6.91,13.07,94.4,0.8,14.72
6.92,13.07,94.3,0.8,14.72
6.92,13.07,94.3,0.8,14.72
6.93,13.07,94.3,0.8,14.72
6.93,13.07,94.3,0.8,14.72
6.94,13.07,94.3,0.8,14.72
6.94,13.07,94.3,0.8,14.72
6.95,13.07,94.3,0.8,14.72
6.95,13.07,94.3,0.8,14.72
6.96,13.07,94.3,0.8,14.72
6.96,13.07,94.3,0.8,14.72
6.97,13.07,94.3,0.8,14.72
6.97,13.07,94.3,0.8,14.72
6.98,13.07,94.3,0.8,14.71
6.98,13.07,94.3,0.8,14.71
6.99,13.07,94.3,0.8,14.71
6.99,13.07,94.3,0.8,14.71
7.0,13.07,94.3,0.8,14.71
7.0,13.07,94.3,0.8,14.71
7.01,13.07,94.3,0.8,14.71
7.01,13.07,94.3,0.8,14.71
7.02,13.07,94.3,0.8,14.71
7.02,13.07,94.3,0.8,14.71
7.03,13.07,94.3,0.8,14.71
7.03,13.07,94.3,0.8,14.71
7.04,13.07,94.2,0.8,14.71
7.04,13.07,94.2,0.8,14.71
7.05,13.07,94.2,0.8,14.71
7.05,13.07,94.2,0.8,14.71
7.06,13.07,94.2,0.8,14.71
7.06,13.07,94.2,0.8,14.71
7.07,13.07,94.2,0.8,14.71
7.07,13.07,94.2,0.8,14.71
7.08,13.07,94.2,0.8,14.71
7.08,13.07,94.2,0.8,14.71
7.09,13.07,94.2,0.8,14.71
7.09,13.07,94.2,0.8,14.71
7.1,13.07,94.2,0.8,14.71
7.1,13.07,94.2,0.8,14.71
7.11,13.07,94.2,0.8,14.71
7.11,13.07,94.2,0.8,14.71
7.11,13.07,94.2,0.8,14.71
7.12,13.07,94.2,0.8,14.71
7.13,13.07,94.2,0.8,14.71
7.13,13.07,94.2,0.8,14.71
7.14,13.07,94.2,0.8,14.71
7.14,13.07,94.2,0.8,14.71
7.15,13.07,94.2,0.8,14.71
7.15,13.07,94.2,0.8,14.71
7.16,13.07,94.1,0.8,14.71
7.16,13.07,94.1,0.8,14.71
7.17,13.07,94.1,0.8,14.71
7.17,13.07,94.1,0.8,14.71
7.18,13.07,94.1,0.8,14.71
7.18,13.07,94.1,0.8,14.71
7.19,13.07,94.1,0.8,14.71
7.19,13.07,94.1,0.8,14.71
7.2,13.07,94.1,0.8,14.71
7.2,13.07,94.1,0.8,14.71
7.21,13.07,94.1,0.8,14.71
7.21,13.07,94.1,0.8,14.71
7.22,13.07,94.1,0.8,14.7
7.22,13.07,94.1,0.8,14.7
7.23,13.07,94.1,0.8,14.7
7.23,13.07,94.1,0.8,14.7
7.24,13.07,94.1,0.8,14.7
7.24,13.07,94.1,0.8,14.7
7.24,13.07,94.1,0.8,14.7
7.25,13.07,94.1,0.8,14.7
7.26,13.07,94.1,0.8,14.7
7.26,13.07,94.1,0.8,14.7
7.26,13.07,94.1,0.8,14.7
7.27,13.07,94.1,0.8,14.7
7.27,13.07,94.0,0.8,14.7
7.28,13.07,94.0,0.8,14.7
7.28,13.07,94.0,0.8,14.7
7.29,13.07,94.0,0.8,14.7
7.29,13.07,94.0,0.8,14.7
7.3,13.07,94.0,0.8,14.7
7.3,13.07,94.0,0.8,14.7
7.31,13.07,94.0,0.8,14.7
7.31,13.07,94.0,0.8,14.7
7.32,13.07,94.0,0.8,14.7
7.32,13.07,94.0,0.8,14.7
7.33,13.07,94.0,0.8,14.7
7.33,13.07,94.0,0.8,14.7
7.34,13.07,94.0,0.8,14.7
7.34,13.07,94.0,0.8,14.7
7.35,13.07,94.0,0.8,14.7
7.35,13.07,94.0,0.8,14.7
7.36,13.07,94.0,0.8,14.7
7.36,13.07,94.0,0.8,14.7
7.37,13.07,94.0,0.8,14.7
7.37,13.07,94.0,0.8,14.7
7.38,13.07,94.0,0.8,14.7
7.38,13.07,94.0,0.8,14.7
7.39,13.07,94.0,0.8,14.7
7.39,13.07,93.9,0.8,14.7
7.4,13.07,93.9,0.8,14.7
7.4,13.07,93.9,0.8,14.7
7.41,13.07,93.9,0.8,14.7
7.41,13.07,93.9,0.8,14.7
7.42,13.07,93.9,0.8,14.7
7.42,13.07,93.9,0.8,14.7
7.43,13.07,93.9,0.8,14.7
7.43,13.07,93.9,0.8,14.7
7.44,13.07,93.9,0.8,14.7
7.44,13.07,93.9,0.8,14.7
7.45,13.07,93.9,0.8,14.7
7.45,13.07,93.9,0.8,14.69
7.46,13.07,93.9,0.8,14.69
7.46,13.07,93.9,0.8,14.69
7.47,13.07,93.9,0.8,14.69
7.48,13.07,93.9,0.8,14.69
7.48,13.07,93.9,0.8,14.69
7.49,13.07,93.9,0.8,14.69
7.49,13.07,93.9,0.8,14.69
7.5,13.07,93.9,0.8,14.69
7.5,13.07,93.9,0.8,14.69
7.51,13.07,93.9,0.8,14.69
7.51,13.07,93.9,0.8,14.69
7.52,13.07,93.8,0.8,14.69
7.52,13.07,93.8,0.8,14.69
7.53,13.07,93.8,0.8,14.69
7.53,13.07,93.8,0.8,14.69
7.54,13.07,93.8,0.8,14.69
7.54,13.07,93.8,0.8,14.69
7.55,13.07,93.8,0.8,14.69
7.55,13.07,93.8,0.8,14.69
7.56,13.07,93.8,0.8,14.69
7.56,13.07,93.8,0.8,14.69
7.57,13.07,93.8,0.8,14.69
7.57,13.07,93.8,0.8,14.69
7.58,13.07,93.8,0.8,14.69
7.58,13.07,93.8,0.8,14.69
7.59,13.07,93.8,0.8,14.69
7.59,13.07,93.8,0.8,14.69
7.6,13.07,93.8,0.8,14.69
7.6,13.07,93.8,0.8,14.69
7.61,13.07,93.8,0.8,14.69
7.61,13.07,93.8,0.8,14.69
7.62,13.07,93.8,0.8,14.69
7.62,13.07,93.8,0.8,14.69
7.63,13.07,93.8,0.8,14.69
7.63,13.07,93.8,0.8,14.69
7.64,13.07,93.7,0.8,14.69
7.64,13.07,93.7,0.8,14.69
7.65,13.07,93.7,0.8,14.69
7.66,13.07,93.7,0.8,14.69
7.66,13.07,93.7,0.8,14.69
7.67,13.07,93.7,0.8,14.69
7.67,13.07,93.7,0.8,14.69
7.68,13.07,93.7,0.8,14.69
7.68,13.07,93.7,0.8,14.69
7.69,13.07,93.7,0.8,14.69
7.69,13.07,93.7,0.8,14.69
7.7,13.07,93.7,0.8,14.69
7.7,13.07,93.7,0.8,14.68
7.71,13.07,93.7,0.8,14.68
7.71,13.07,93.7,0.8,14.68
7.72,13.07,93.7,0.8,14.68
7.72,13.07,93.7,0.8,14.68
7.73,13.07,93.7,0.8,14.68
7.73,13.07,93.7,0.8,14.68
7.74,13.07,93.7,0.8,14.68
7.74,13.07,93.7,0.8,14.68
7.75,13.07,93.7,0.8,14.68
7.75,13.07,93.7,0.8,14.68
7.76,13.07,93.7,0.8,14.68
7.76,13.07,93.6,0.8,14.68
7.77,13.07,93.6,0.8,14.68
7.77,13.07,93.6,0.8,14.68
7.78,13.07,93.6,0.8,14.68
7.78,13.07,93.6,0.8,14.68
7.79,13.07,93.6,0.8,14.68
7.79,13.07,93.6,0.8,14.68
7.8,13.07,93.6,0.8,14.68
7.8,13.07,93.6,0.8,14.68
7.81,13.07,93.6,0.8,14.68
7.81,13.07,93.6,0.8,14.68
7.82,13.07,93.6,0.8,14.68
7.82,13.07,93.6,0.8,14.68
7.83,13.07,93.6,0.8,14.68
7.83,13.07,93.6,0.8,14.68
7.84,13.07,93.6,0.8,14.68
7.84,13.07,93.6,0.8,14.68
7.84,13.07,93.6,0.8,14.68
7.85,13.07,93.6,0.8,14.68
7.85,13.07,93.6,0.8,14.68
7.86,13.07,93.6,0.8,14.68
7.86,13.07,93.6,0.8,14.68
7.87,13.07,93.6,0.8,14.68
7.88,13.07,93.6,0.8,14.68
7.88,13.07,93.5,0.8,14.68
7.89,13.07,93.5,0.8,14.68
7.89,13.07,93.5,0.8,14.68
7.9,13.07,93.5,0.8,14.68
7.9,13.07,93.5,0.8,14.68
7.91,13.07,93.5,0.8,14.68
7.91,13.07,93.5,0.8,14.68
7.92,13.07,93.5,0.8,14.68
7.92,13.07,93.5,0.8,14.68
7.93,13.07,93.5,0.8,14.68
7.93,13.07,93.5,0.8,14.68
7.94,13.07,93.5,0.8,14.68
7.94,13.07,93.5,0.8,14.67
7.94,13.07,93.5,0.8,14.67
7.95,13.07,93.5,0.8,14.67
7.95,13.07,93.5,0.8,14.67
7.96,13.07,93.5,0.8,14.67
7.96,13.07,93.5,0.8,14.67
7.97,13.07,93.5,0.8,14.67
7.98,13.07,93.5,0.8,14.67
7.98,13.07,93.5,0.8,14.67
7.99,13.07,93.5,0.8,14.67
7.99,13.07,93.5,0.8,14.67
8.0,13.07,93.5,0.8,14.67
8.0,13.07,93.4,0.8,14.67
8.01,13.07,93.4,0.8,14.67
8.01,13.07,93.4,0.8,14.67
8.02,13.07,93.4,0.8,14.67
8.02,13.07,93.4,0.8,14.67
8.03,13.07,93.4,0.8,14.67
8.03,13.07,93.4,0.8,14.67
8.04,13.07,93.4,0.8,14.67
8.04,13.07,93.4,0.8,14.67
8.05,13.07,93.4,0.8,14.67
8.05,13.07,93.4,0.8,14.67
8.06,13.07,93.4,0.8,14.67
8.06,13.07,93.4,0.8,14.67
8.07,13.07,93.4,0.8,14.67
8.07,13.07,93.4,0.8,14.67
8.08,13.07,93.4,0.8,14.67
8.08,13.07,93.4,0.8,14.67
8.09,13.07,93.4,0.8,14.67
8.09,13.07,93.4,0.8,14.67
8.1,13.07,93.4,0.8,14.67
8.1,13.07,93.4,0.8,14.67
8.11,13.07,93.4,0.8,14.67
8.11,13.07,93.4,0.8,14.67
8.12,13.07,93.4,0.8,14.67
8.12,13.07,93.3,0.8,14.67
8.13,13.07,93.3,0.8,14.67
8.13,13.07,93.3,0.8,14.67
8.14,13.07,93.3,0.8,14.67
8.14,13.07,93.3,0.8,14.67
8.15,13.07,93.3,0.8,14.67
8.16,13.07,93.3,0.8,14.67
8.16,13.07,93.3,0.8,14.67
8.16,13.07,93.3,0.8,14.67
8.17,13.07,93.3,0.8,14.67
8.17,13.07,93.3,0.8,14.67
8.18,13.07,93.3,0.8,14.67
8.18,13.07,93.3,0.8,14.66
8.19,13.07,93.3,0.8,14.66
8.19,13.07,93.3,0.8,14.66
8.2,13.07,93.3,0.8,14.66
8.2,13.07,93.3,0.8,14.66
8.21,13.07,93.3,0.8,14.66
8.21,13.07,93.3,0.8,14.66
8.22,13.07,93.3,0.8,14.66
8.22,13.07,93.3,0.8,14.66
8.23,13.07,93.3,0.8,14.66
8.23,13.07,93.3,0.8,14.66
8.24,13.07,93.3,0.8,14.66
8.24,13.07,93.2,0.8,14.66
8.25,13.07,93.2,0.8,14.66
8.25,13.07,93.2,0.8,14.66
8.26,13.07,93.2,0.8,14.66
8.26,13.07,93.2,0.8,14.66
8.27,13.07,93.2,0.8,14.66
8.27,13.07,93.2,0.8,14.66
8.28,13.07,93.2,0.8,14.66
8.28,13.07,93.2,0.8,14.66
8.29,13.07,93.2,0.8,14.66
8.29,13.07,93.2,0.8,14.66
8.3,13.07,93.2,0.8,14.66
8.3,13.07,93.2,0.8,14.66
8.31,13.07,93.2,0.8,14.66
8.31,13.07,93.2,0.8,14.66
8.32,13.07,93.2,0.8,14.66
8.33,13.07,93.2,0.8,14.66
8.33,13.07,93.2,0.8,14.66
8.33,13.07,93.2,0.8,14.66
8.34,13.07,93.2,0.8,14.66
8.34,13.07,93.2,0.8,14.66
8.35,13.07,93.2,0.8,14.66
8.36,13.07,93.2,0.8,14.66
8.36,13.07,93.2,0.8,14.66
8.37,13.07,93.1,0.8,14.66
8.37,13.07,93.1,0.8,14.66
8.37,13.07,93.1,0.8,14.66
8.38,13.07,93.1,0.8,14.66
8.38,13.07,93.1,0.8,14.66
8.39,13.07,93.1,0.8,14.66
8.39,13.07,93.1,0.8,14.66
8.4,13.07,93.1,0.8,14.66
8.4,13.07,93.1,0.8,14.66
8.41,13.07,93.1,0.8,14.66
8.41,13.07,93.1,0.8,14.66
8.42,13.07,93.1,0.8,14.66
8.42,13.07,93.1,0.8,14.65
8.43,13.07,93.1,0.8,14.65
8.44,13.07,93.1,0.8,14.65
8.44,13.07,93.1,0.8,14.65
8.45,13.07,93.1,0.8,14.65
8.45,13.07,93.1,0.8,14.65
8.45,13.07,93.1,0.8,14.65
8.46,13.07,93.1,0.8,14.65
8.47,13.07,93.1,0.8,14.65
8.47,13.07,93.1,0.8,14.65
8.48,13.07,93.1,0.8,14.65
8.48,13.07,93.1,0.8,14.65
8.49,13.07,93.0,0.8,14.65
8.49,13.07,93.0,0.8,14.65
8.5,13.07,93.0,0.8,14.65
8.5,13.07,93.0,0.8,14.65
8.51,13.07,93.0,0.8,14.65
8.51,13.07,93.0,0.8,14.65
8.52,13.07,93.0,0.8,14.65
8.52,13.07,93.0,0.8,14.65
8.52,13.07,93.0,0.8,14.65
8.53,13.07,93.0,0.8,14.65
8.53,13.07,93.0,0.8,14.65
8.54,13.07,93.0,0.8,14.65
8.54,13.07,93.0,0.8,14.65
8.55,13.07,93.0,0.8,14.65
8.55,13.07,93.0,0.8,14.65
8.56,13.07,93.0,0.8,14.65
8.57,13.07,93.0,0.8,14.65
8.57,13.07,93.0,0.8,14.65
8.57,13.07,93.0,0.8,14.65
8.58,13.07,93.0,0.8,14.65
8.59,13.07,93.0,0.8,14.65
8.59,13.07,93.0,0.8,14.65
8.59,13.07,93.0,0.8,14.65
8.6,13.07,93.0,0.8,14.65
8.61,13.07,92.9,0.8,14.65
8.61,13.07,92.9,0.8,14.65
8.61,13.07,92.9,0.8,14.65
8.62,13.07,92.9,0.8,14.65
8.62,13.07,92.9,0.8,14.65
8.63,13.07,92.9,0.8,14.65
8.63,13.07,92.9,0.8,14.65
8.64,13.07,92.9,0.8,14.65
8.64,13.07,92.9,0.8,14.65
8.65,13.07,92.9,0.8,14.65
8.65,13.07,92.9,0.8,14.65
8.66,13.07,92.9,0.8,14.65
8.66,13.07,92.9,0.8,14.64
8.67,13.07,92.9,0.8,14.64
8.67,13.07,92.9,0.8,14.64
8.68,13.07,92.9,0.8,14.64
8.68,13.07,92.9,0.8,14.64
8.69,13.07,92.9,0.8,14.64
8.69,13.07,92.9,0.8,14.64
8.7,13.07,92.9,0.8,14.64
8.7,13.07,92.9,0.8,14.64
8.71,13.07,92.9,0.8,14.64
8.71,13.07,92.9,0.8,14.64
8.72,13.07,92.9,0.8,14.64
8.72,13.07,92.8,0.8,14.64
8.73,13.07,92.8,0.8,14.64
8.73,13.07,92.8,0.8,14.64
8.74,13.07,92.8,0.8,14.64
8.74,13.07,92.8,0.8,14.64
8.75,13.07,92.8,0.8,14.64
8.75,13.07,92.8,0.8,14.64
8.76,13.07,92.8,0.8,14.64
8.76,13.07,92.8,0.8,14.64
8.77,13.07,92.8,0.8,14.64
8.77,13.07,92.8,0.8,14.64
8.78,13.07,92.8,0.8,14.64
8.78,13.07,92.8,0.8,14.64
8.79,13.07,92.8,0.8,14.64
8.79,13.07,92.8,0.8,14.64
8.8,13.07,92.8,0.8,14.64
8.81,13.07,92.8,0.8,14.64
8.81,13.07,92.8,0.8,14.64
8.81,13.07,92.8,0.8,14.64
8.82,13.07,92.8,0.8,14.64
8.82,13.07,92.8,0.8,14.64
8.83,13.07,92.8,0.8,14.64
8.83,13.07,92.8,0.8,14.64
8.84,13.07,92.8,0.8,14.64
8.84,13.07,92.7,0.8,14.64
8.85,13.07,92.7,0.8,14.64
8.86,13.07,92.7,0.8,14.64
8.86,13.07,92.7,0.8,14.64
8.86,13.07,92.7,0.8,14.64
8.87,13.07,92.7,0.8,14.64
8.88,13.07,92.7,0.8,14.64
8.88,13.07,92.7,0.8,14.64
8.88,13.07,92.7,0.8,14.64
8.89,13.07,92.7,0.8,14.64
8.89,13.07,92.7,0.8,14.64
8.9,13.07,92.7,0.8,14.64
8.9,13.07,92.7,0.8,14.63
8.91,13.07,92.7,0.8,14.63
8.91,13.07,92.7,0.8,14.63
8.92,13.07,92.7,0.8,14.63
8.92,13.07,92.7,0.8,14.63
8.93,13.07,92.7,0.8,14.63
8.94,13.07,92.7,0.8,14.63
8.94,13.07,92.7,0.8,14.63
8.94,13.07,92.7,0.8,14.63
8.95,13.07,92.7,0.8,14.63
8.95,13.07,92.7,0.8,14.63
8.96,13.07,92.7,0.8,14.63
8.97,13.07,92.6,0.8,14.63
8.98,13.07,92.6,0.8,14.63
8.98,13.07,92.6,0.8,14.63
8.99,13.07,92.6,0.8,14.63
8.99,13.07,92.6,0.8,14.63
9.0,13.07,92.6,0.8,14.63
9.0,13.07,92.6,0.8,14.63
9.01,13.07,92.6,0.8,14.63
9.01,13.07,92.6,0.8,14.63
9.02,13.07,92.6,0.8,14.63
9.02,13.07,92.6,0.8,14.63
9.02,13.07,92.6,0.8,14.63
9.03,13.07,92.6,0.8,14.63
9.03,13.07,92.6,0.8,14.63
9.04,13.07,92.6,0.8,14.63
9.04,13.07,92.6,0.8,14.63
9.05,13.07,92.6,0.8,14.63
9.05,13.07,92.6,0.8,14.63
9.06,13.07,92.6,0.8,14.63
9.06,13.07,92.6,0.8,14.63
9.07,13.07,92.6,0.8,14.63
9.07,13.07,92.6,0.8,14.63
9.08,13.07,92.6,0.8,14.63
9.08,13.07,92.6,0.8,14.63
9.09,13.07,92.5,0.8,14.63
9.09,13.07,92.5,0.8,14.63
9.1,13.07,92.5,0.8,14.63
9.1,13.07,92.5,0.8,14.63
9.11,13.07,92.5,0.8,14.63
9.11,13.07,92.5,0.8,14.63
9.12,13.07,92.5,0.8,14.63
9.13,13.07,92.5,0.8,14.63
9.13,13.07,92.5,0.8,14.63
9.13,13.07,92.5,0.8,14.63
9.14,13.07,92.5,0.8,14.63
9.15,13.07,92.5,0.8,14.63
9.15,13.07,92.5,0.8,14.62
9.16,13.07,92.5,0.8,14.62
9.16,13.07,92.5,0.8,14.62
9.17,13.07,92.5,0.8,14.62
9.17,13.07,92.5,0.8,14.62
9.18,13.07,92.5,0.8,14.62
9.18,13.07,92.5,0.8,14.62
9.19,13.07,92.5,0.8,14.62
9.19,13.07,92.5,0.8,14.62
9.2,13.07,92.5,0.8,14.62
9.2,13.07,92.5,0.8,14.62
9.21,13.07,92.5,0.8,14.62
9.21,13.07,92.4,0.8,14.62
9.22,13.07,92.4,0.8,14.62
9.22,13.07,92.4,0.8,14.62
9.23,13.07,92.4,0.8,14.62
9.23,13.07,92.4,0.8,14.62
9.24,13.07,92.4,0.8,14.62
9.24,13.07,92.4,0.8,14.62
9.25,13.07,92.4,0.8,14.62
9.25,13.07,92.4,0.8,14.62
9.26,13.07,92.4,0.8,14.62
9.26,13.07,92.4,0.8,14.62
9.27,13.07,92.4,0.8,14.62
9.27,13.07,92.4,0.8,14.62
9.28,13.07,92.4,0.8,14.62
9.28,13.07,92.4,0.8,14.62
9.29,13.07,92.4,0.8,14.62
9.29,13.07,92.4,0.8,14.62
9.3,13.07,92.4,0.8,14.62
9.3,13.07,92.4,0.8,14.62
9.31,13.07,92.4,0.8,14.62
9.32,13.07,92.4,0.8,14.62
9.32,13.07,92.4,0.8,14.62
9.33,13.07,92.4,0.8,14.62
9.33,13.07,92.4,0.8,14.62
9.34,13.07,92.3,0.8,14.62
9.34,13.07,92.3,0.8,14.62
9.35,13.07,92.3,0.8,14.62
9.35,13.07,92.3,0.8,14.62
9.36,13.07,92.3,0.8,14.62
9.36,13.07,92.3,0.8,14.62
9.37,13.07,92.3,0.8,14.62
9.37,13.07,92.3,0.8,14.62
9.38,13.07,92.3,0.8,14.62
9.38,13.07,92.3,0.8,14.62
9.39,13.07,92.3,0.8,14.62
9.39,13.07,92.3,0.8,14.62
9.4,13.07,92.3,0.8,14.61
9.4,13.07,92.3,0.8,14.61
9.41,13.07,92.3,0.8,14.61
9.41,13.07,92.3,0.8,14.61
9.42,13.07,92.3,0.8,14.61
9.42,13.07,92.3,0.8,14.61
9.43,13.07,92.3,0.8,14.61
9.43,13.07,92.3,0.8,14.61
9.44,13.07,92.3,0.8,14.61
9.44,13.07,92.3,0.8,14.61
9.45,13.07,92.3,0.8,14.61
9.45,13.07,92.3,0.8,14.61
9.46,13.07,92.2,0.8,14.61
9.46,13.07,92.2,0.8,14.61
9.47,13.07,92.2,0.8,14.61
9.47,13.07,92.2,0.8,14.61
9.48,13.07,92.2,0.8,14.61
9.48,13.07,92.2,0.8,14.61
9.49,13.07,92.2,0.8,14.61
9.49,13.07,92.2,0.8,14.61
9.5,13.07,92.2,0.8,14.61
9.5,13.07,92.2,0.8,14.61
9.51,13.07,92.2,0.8,14.61
9.51,13.07,92.2,0.8,14.61
9.52,13.07,92.2,0.8,14.61
9.52,13.07,92.2,0.8,14.61
9.53,13.07,92.2,0.8,14.61
9.53,13.07,92.2,0.8,14.61
9.54,13.07,92.2,0.8,14.61
9.55,13.07,92.2,0.8,14.61
9.55,13.07,92.2,0.8,14.61
9.56,13.07,92.2,0.8,14.61
9.56,13.07,92.2,0.8,14.61
9.56,13.07,92.2,0.8,14.61
9.57,13.07,92.2,0.8,14.61
9.58,13.07,92.2,0.8,14.61
9.58,13.07,92.1,0.8,14.61
9.58,13.07,92.1,0.8,14.61
9.59,13.07,92.1,0.8,14.61
9.59,13.07,92.1,0.8,14.61
9.6,13.07,92.1,0.8,14.61
9.61,13.07,92.1,0.8,14.61
9.61,13.07,92.1,0.8,14.61
9.62,13.07,92.1,0.8,14.61
9.62,13.07,92.1,0.8,14.61
9.62,13.07,92.1,0.8,14.61
9.63,13.07,92.1,0.8,14.61
9.63,13.07,92.1,0.8,14.61
9.64,13.07,92.1,0.8,14.6
9.65,13.07,92.1,0.8,14.6
9.65,13.07,92.1,0.8,14.6
9.65,13.07,92.1,0.8,14.6
9.66,13.07,92.1,0.8,14.6
9.66,13.07,92.1,0.8,14.6
9.67,13.07,92.1,0.8,14.6
9.68,13.07,92.1,0.8,14.6
9.68,13.07,92.1,0.8,14.6
9.69,13.07,92.1,0.8,14.6
9.69,13.07,92.1,0.8,14.6
9.7,13.07,92.1,0.8,14.6
9.7,13.07,92.0,0.8,14.6
9.71,13.07,92.0,0.8,14.6
9.71,13.07,92.0,0.8,14.6
9.72,13.07,92.0,0.8,14.6
9.72,13.07,92.0,0.8,14.6
9.73,13.07,92.0,0.8,14.6
9.73,13.07,92.0,0.8,14.6
9.74,13.07,92.0,0.8,14.6
9.74,13.07,92.0,0.8,14.6
9.75,13.07,92.0,0.8,14.6
9.75,13.07,92.0,0.8,14.6
9.76,13.07,92.0,0.8,14.6
9.76,13.07,92.0,0.8,14.6
9.77,13.07,92.0,0.8,14.6
9.77,13.07,92.0,0.8,14.6
9.78,13.07,92.0,0.8,14.6
9.78,13.07,92.0,0.8,14.6
9.79,13.07,92.0,0.8,14.6
9.79,13.07,92.0,0.8,14.6
9.8,13.07,92.0,0.8,14.6
9.8,13.07,92.0,0.8,14.6
9.81,13.07,92.0,0.8,14.6
9.81,13.07,92.0,0.8,14.6
9.82,13.07,92.0,0.8,14.6
9.82,13.07,91.9,0.8,14.6
9.83,13.07,91.9,0.8,14.6
9.83,13.07,91.9,0.8,14.6
9.84,13.07,91.9,0.8,14.6
9.84,13.07,91.9,0.8,14.6
9.85,13.07,91.9,0.8,14.6
9.85,13.07,91.9,0.8,14.6
9.86,13.07,91.9,0.8,14.6
9.86,13.07,91.9,0.8,14.6
9.87,13.07,91.9,0.8,14.6
9.87,13.07,91.9,0.8,14.6
9.88,13.07,91.9,0.8,14.6
9.88,13.07,91.9,0.8,14.59
9.89,13.07,91.9,0.8,14.59
9.89,13.07,91.9,0.8,14.59
9.9,13.07,91.9,0.8,14.59
9.9,13.07,91.9,0.8,14.59
9.91,13.07,91.9,0.8,14.59
9.91,13.07,91.9,0.8,14.59
9.92,13.07,91.9,0.8,14.59
9.93,13.07,91.9,0.8,14.59
9.93,13.07,91.9,0.8,14.59
9.94,13.07,91.9,0.8,14.59
9.94,13.07,91.9,0.8,14.59
9.95,13.07,91.8,0.8,14.59
9.95,13.07,91.8,0.8,14.59
9.95,13.07,91.8,0.8,14.59
9.96,13.07,91.8,0.8,14.59
9.96,13.07,91.8,0.8,14.59
9.97,13.07,91.8,0.8,14.59
9.98,13.07,91.8,0.8,14.59
9.98,13.07,91.8,0.8,14.59
9.99,13.07,91.8,0.8,14.59
9.99,13.07,91.8,0.8,14.59
9.99,13.07,91.8,0.8,14.59
10.0,13.07,91.8,0.8,14.59
10.0,13.07,91.8,0.8,14.59
10.01,13.07,91.8,0.8,14.59
10.01,13.07,91.8,0.8,14.59
10.02,13.07,91.8,0.8,14.59
10.02,13.07,91.8,0.8,14.59
10.03,13.07,91.8,0.8,14.59
10.03,13.07,91.8,0.8,14.59
10.04,13.07,91.8,0.8,14.59
10.04,13.07,91.8,0.8,14.59
10.05,13.07,91.8,0.8,14.59
10.05,13.07,91.8,0.8,14.59
10.06,13.07,91.8,0.8,14.59
10.06,13.07,91.7,0.8,14.59
10.07,13.07,91.7,0.8,14.59
10.07,13.07,91.7,0.8,14.59
10.08,13.07,91.7,0.8,14.59
10.09,13.07,91.7,0.8,14.59
10.09,13.07,91.7,0.8,14.59
10.09,13.07,91.7,0.8,14.59
10.1,13.07,91.7,0.8,14.59
10.11,13.07,91.7,0.8,14.59
10.11,13.07,91.7,0.8,14.59
10.12,13.07,91.7,0.8,14.59
10.12,13.07,91.7,0.8,14.59
10.13,13.07,91.7,0.8,14.58
10.13,13.07,91.7,0.8,14.58
10.14,13.07,91.7,0.8,14.58
10.14,13.07,91.7,0.8,14.58
10.15,13.07,91.7,0.8,14.58
10.15,13.07,91.7,0.8,14.58
10.16,13.07,91.7,0.8,14.58
10.16,13.07,91.7,0.8,14.58
10.17,13.07,91.7,0.8,14.58
10.17,13.07,91.7,0.8,14.58
10.18,13.07,91.7,0.8,14.58
10.18,13.07,91.7,0.8,14.58
10.19,13.07,91.6,0.8,14.58
10.19,13.07,91.6,0.8,14.58
10.2,13.07,91.6,0.8,14.58
10.2,13.07,91.6,0.8,14.58
10.21,13.07,91.6,0.8,14.58
10.21,13.07,91.6,0.8,14.58
10.22,13.07,91.6,0.8,14.58
10.23,13.07,91.6,0.8,14.58
10.23,13.07,91.6,0.8,14.58
10.24,13.07,91.6,0.8,14.58
10.24,13.07,91.6,0.8,14.58
10.25,13.07,91.6,0.8,14.58
10.25,13.07,91.6,0.8,14.58
10.26,13.07,91.6,0.8,14.58
10.26,13.07,91.6,0.8,14.58
10.27,13.07,91.6,0.8,14.58
10.27,13.07,91.6,0.8,14.58
10.28,13.07,91.6,0.8,14.58
10.28,13.07,91.6,0.8,14.58
10.29,13.07,91.6,0.8,14.58
10.29,13.07,91.6,0.8,14.58
10.3,13.07,91.6,0.8,14.58
10.3,13.07,91.6,0.8,14.58
10.31,13.07,91.6,0.8,14.58
10.31,13.07,91.5,0.8,14.58
10.32,13.07,91.5,0.8,14.58
10.32,13.07,91.5,0.8,14.58
10.33,13.07,91.5,0.8,14.58
10.33,13.07,91.5,0.8,14.58
10.34,13.07,91.5,0.8,14.58
10.34,13.07,91.5,0.8,14.58
10.35,13.07,91.5,0.8,14.58
10.35,13.07,91.5,0.8,14.58
10.36,13.07,91.5,0.8,14.58
10.36,13.07,91.5,0.8,14.58
10.37,13.07,91.5,0.8,14.58
10.37,13.07,91.5,0.8,14.57
10.38,13.07,91.5,0.8,14.57
10.38,13.07,91.5,0.8,14.57
10.39,13.07,91.5,0.8,14.57
10.39,13.07,91.5,0.8,14.57
10.4,13.07,91.5,0.8,14.57
10.4,13.07,91.5,0.8,14.57
10.41,13.07,91.5,0.8,14.57
10.41,13.07,91.5,0.8,14.57
10.42,13.07,91.5,0.8,14.57
10.42,13.07,91.5,0.8,14.57
10.43,13.07,91.5,0.8,14.57
10.43,13.07,91.4,0.8,14.57
10.44,13.07,91.4,0.8,14.57
10.44,13.07,91.4,0.8,14.57
10.45,13.07,91.4,0.8,14.57
10.45,13.07,91.4,0.8,14.57
10.46,13.07,91.4,0.8,14.57
10.46,13.07,91.4,0.8,14.57
10.47,13.07,91.4,0.8,14.57
10.47,13.07,91.4,0.8,14.57
10.48,13.07,91.4,0.8,14.57
10.49,13.07,91.4,0.8,14.57
10.49,13.07,91.4,0.8,14.57
10.5,13.07,91.4,0.8,14.57
10.5,13.07,91.4,0.8,14.57
10.51,13.07,91.4,0.8,14.57
10.51,13.07,91.4,0.8,14.57
10.52,13.07,91.4,0.8,14.57
10.53,13.07,91.4,0.8,14.57
10.53,13.07,91.4,0.8,14.57
10.53,13.07,91.4,0.8,14.57
10.54,13.07,91.4,0.8,14.57
10.55,13.07,91.4,0.8,14.57
10.55,13.07,91.4,0.8,14.57
10.56,13.07,91.4,0.8,14.57
10.56,13.07,91.3,0.8,14.57
10.57,13.07,91.3,0.8,14.57
10.57,13.07,91.3,0.8,14.57
10.58,13.07,91.3,0.8,14.57
10.58,13.07,91.3,0.8,14.57
10.59,13.07,91.3,0.8,14.57
10.59,13.07,91.3,0.8,14.57
10.6,13.07,91.3,0.8,14.57
10.6,13.07,91.3,0.8,14.57
10.61,13.07,91.3,0.8,14.57
10.61,13.07,91.3,0.8,14.57
10.62,13.07,91.3,0.8,14.57
10.62,13.07,91.3,0.8,14.56
10.63,13.07,91.3,0.8,14.56
10.63,13.07,91.3,0.8,14.56
10.63,13.07,91.3,0.8,14.56
10.64,13.07,91.3,0.8,14.56
10.64,13.07,91.3,0.8,14.56
10.65,13.07,91.3,0.8,14.56
10.65,13.07,91.3,0.8,14.56
10.66,13.07,91.3,0.8,14.56
10.66,13.07,91.3,0.8,14.56
10.67,13.07,91.3,0.8,14.56
10.67,13.07,91.3,0.8,14.56
10.68,13.07,91.2,0.8,14.56
10.68,13.07,91.2,0.8,14.56
10.69,13.07,91.2,0.8,14.56
10.69,13.07,91.2,0.8,14.56
10.7,13.07,91.2,0.8,14.56
10.71,13.07,91.2,0.8,14.56
10.71,13.07,91.2,0.8,14.56
10.72,13.07,91.2,0.8,14.56
10.72,13.07,91.2,0.8,14.56
10.72,13.07,91.2,0.8,14.56
10.73,13.07,91.2,0.8,14.56
10.73,13.07,91.2,0.8,14.56
10.74,13.07,91.2,0.8,14.56
10.74,13.07,91.2,0.8,14.56
10.75,13.07,91.2,0.8,14.56
10.75,13.07,91.2,0.8,14.56
10.76,13.07,91.2,0.8,14.56
10.77,13.07,91.2,0.8,14.56
10.77,13.07,91.2,0.8,14.56
10.77,13.07,91.2,0.8,14.56
10.78,13.07,91.2,0.8,14.56
10.78,13.07,91.2,0.8,14.56
10.79,13.07,91.2,0.8,14.56
10.8,13.07,91.2,0.8,14.56
10.8,13.07,91.1,0.8,14.56
10.81,13.07,91.1,0.8,14.56
10.81,13.07,91.1,0.8,14.56
10.82,13.07,91.1,0.8,14.56
10.82,13.07,91.1,0.8,14.56
10.83,13.07,91.1,0.8,14.56
10.83,13.07,91.1,0.8,14.56
10.84,13.07,91.1,0.8,14.56
10.84,13.07,91.1,0.8,14.56
10.84,13.07,91.1,0.8,14.56
10.85,13.07,91.1,0.8,14.56
10.86,13.07,91.1,0.8,14.56
10.86,13.07,91.1,0.8,14.55
10.87,13.07,91.1,0.8,14.55
10.87,13.07,91.1,0.8,14.55
10.88,13.07,91.1,0.8,14.55
10.88,13.07,91.1,0.8,14.55
10.89,13.07,91.1,0.8,14.55
10.89,13.07,91.1,0.8,14.55
10.9,13.07,91.1,0.8,14.55
10.9,13.07,91.1,0.8,14.55
10.91,13.07,91.1,0.8,14.55
10.91,13.07,91.1,0.8,14.55
10.92,13.07,91.1,0.8,14.55
10.92,13.07,91.0,0.8,14.55
10.92,13.07,91.0,0.8,14.55
10.93,13.07,91.0,0.8,14.55
10.94,13.07,91.0,0.8,14.55
10.94,13.07,91.0,0.8,14.55
10.95,13.07,91.0,0.8,14.55
10.95,13.07,91.0,0.8,14.55
10.96,13.07,91.0,0.8,14.55
10.96,13.07,91.0,0.8,14.55
10.97,13.07,91.0,0.8,14.55
10.97,13.07,91.0,0.8,14.55
10.98,13.07,91.0,0.8,14.55
10.98,13.07,91.0,0.8,14.55
10.99,13.07,91.0,0.8,14.55
10.99,13.07,91.0,0.8,14.55
10.99,13.07,91.0,0.8,14.55
11.0,13.07,91.0,0.8,14.55
11.0,13.07,91.0,0.8,14.55
11.01,13.07,91.0,0.8,14.55
11.02,13.07,91.0,0.8,14.55
11.02,13.07,91.0,0.8,14.55
11.03,13.07,91.0,0.8,14.55
11.03,13.07,91.0,0.8,14.55
11.04,13.07,91.0,0.8,14.55
11.04,13.07,90.9,0.8,14.55
11.05,13.07,90.9,0.8,14.55
11.05,13.07,90.9,0.8,14.55
11.06,13.07,90.9,0.8,14.55
11.06,13.07,90.9,0.8,14.55
11.07,13.07,90.9,0.8,14.55
11.08,13.07,90.9,0.8,14.55
11.08,13.07,90.9,0.8,14.55
11.09,13.07,90.9,0.8,14.55
11.09,13.07,90.9,0.8,14.55
11.1,13.07,90.9,0.8,14.55
11.1,13.07,90.9,0.8,14.55
11.11,13.07,90.9,0.8,14.54
11.11,13.07,90.9,0.8,14.54
11.12,13.07,90.9,0.8,14.54
11.12,13.07,90.9,0.8,14.54
11.13,13.07,90.9,0.8,14.54
11.13,13.07,90.9,0.8,14.54
11.14,13.07,90.9,0.8,14.54
11.14,13.07,90.9,0.8,14.54
11.15,13.07,90.9,0.8,14.54
11.15,13.07,90.9,0.8,14.54
11.16,13.07,90.9,0.8,14.54
11.16,13.07,90.9,0.8,14.54
11.17,13.07,90.8,0.8,14.54
11.17,13.07,90.8,0.8,14.54
11.18,13.07,90.8,0.8,14.54
11.18,13.07,90.8,0.8,14.54
11.19,13.07,90.8,0.8,14.54
11.19,13.07,90.8,0.8,14.54
11.2,13.07,90.8,0.8,14.54
11.2,13.07,90.8,0.8,14.54
11.21,13.07,90.8,0.8,14.54
11.21,13.07,90.8,0.8,14.54
11.22,13.07,90.8,0.8,14.54
11.22,13.07,90.8,0.8,14.54
11.23,13.07,90.8,0.8,14.54
11.23,13.07,90.8,0.8,14.54
11.24,13.07,90.8,0.8,14.54
11.24,13.07,90.8,0.8,14.54
11.25,13.07,90.8,0.8,14.54
11.25,13.07,90.8,0.8,14.54
11.26,13.07,90.8,0.8,14.54
11.26,13.07,90.8,0.8,14.54
11.27,13.07,90.8,0.8,14.54
11.28,13.07,90.8,0.8,14.54
11.28,13.07,90.8,0.8,14.54
11.29,13.07,90.8,0.8,14.54
11.29,13.07,90.7,0.8,14.54
11.3,13.07,90.7,0.8,14.54
11.3,13.07,90.7,0.8,14.54
11.31,13.07,90.7,0.8,14.54
11.31,13.07,90.7,0.8,14.54
11.32,13.07,90.7,0.8,14.54
11.32,13.07,90.7,0.8,14.54
11.33,13.07,90.7,0.8,14.54
11.33,13.07,90.7,0.8,14.54
11.34,13.07,90.7,0.8,14.54
11.34,13.07,90.7,0.8,14.54
11.35,13.07,90.7,0.8,14.54
11.35,13.07,90.7,0.8,14.53
11.36,13.07,90.7,0.8,14.53
11.36,13.07,90.7,0.8,14.53
11.37,13.07,90.7,0.8,14.53
11.37,13.07,90.7,0.8,14.53
11.38,13.07,90.7,0.8,14.53
11.38,13.07,90.7,0.8,14.53
11.39,13.07,90.7,0.8,14.53
11.39,13.07,90.7,0.8,14.53
11.4,13.07,90.7,0.8,14.53
11.4,13.07,90.7,0.8,14.53
11.41,13.07,90.7,0.8,14.53
11.41,13.07,90.6,0.8,14.53
11.42,13.07,90.6,0.8,14.53
11.42,13.07,90.6,0.8,14.53
11.43,13.07,90.6,0.8,14.53
11.43,13.07,90.6,0.8,14.53
11.44,13.07,90.6,0.8,14.53
11.44,13.07,90.6,0.8,14.53
11.45,13.07,90.6,0.8,14.53
11.45,13.07,90.6,0.8,14.53
11.46,13.07,90.6,0.8,14.53
11.46,13.07,90.6,0.8,14.53
11.47,13.07,90.6,0.8,14.53
11.47,13.07,90.6,0.8,14.53
11.48,13.07,90.6,0.8,14.53
11.48,13.07,90.6,0.8,14.53
11.49,13.07,90.6,0.8,14.53
11.49,13.07,90.6,0.8,14.53
11.5,13.07,90.6,0.8,14.53
11.5,13.07,90.6,0.8,14.53
11.51,13.07,90.6,0.8,14.53
11.51,13.07,90.6,0.8,14.53
11.52,13.07,90.6,0.8,14.53
11.52,13.07,90.6,0.8,14.53
11.53,13.07,90.6,0.8,14.53
11.53,13.07,90.5,0.8,14.53
11.53,13.07,90.5,0.8,14.53
11.54,13.07,90.5,0.8,14.53
11.54,13.07,90.5,0.8,14.53
11.55,13.07,90.5,0.8,14.53
11.55,13.07,90.5,0.8,14.53
11.56,13.07,90.5,0.8,14.53
11.56,13.07,90.5,0.8,14.53
11.57,13.07,90.5,0.8,14.53
11.58,13.07,90.5,0.8,14.53
11.58,13.07,90.5,0.8,14.53
11.59,13.07,90.5,0.8,14.53
11.59,13.07,90.5,0.8,14.52
11.6,13.07,90.5,0.8,14.52
11.6,13.07,90.5,0.8,14.52
11.61,13.07,90.5,0.8,14.52
11.61,13.07,90.5,0.8,14.52
11.62,13.07,90.5,0.8,14.52
11.62,13.07,90.5,0.8,14.52
11.63,13.07,90.5,0.8,14.52
11.63,13.07,90.5,0.8,14.52
11.64,13.07,90.5,0.8,14.52
11.64,13.07,90.5,0.8,14.52
11.65,13.07,90.5,0.8,14.52
11.65,13.07,90.4,0.8,14.52
11.66,13.07,90.4,0.8,14.52
11.66,13.07,90.4,0.8,14.52
11.67,13.07,90.4,0.8,14.52
11.67,13.07,90.4,0.8,14.52
11.68,13.07,90.4,0.8,14.52
11.68,13.07,90.4,0.8,14.52
11.69,13.07,90.4,0.8,14.52
11.69,13.07,90.4,0.8,14.52
11.7,13.07,90.4,0.8,14.52
11.7,13.07,90.4,0.8,14.52
11.71,13.07,90.4,0.8,14.52
11.71,13.07,90.4,0.8,14.52
11.72,13.07,90.4,0.8,14.52
11.72,13.07,90.4,0.8,14.52
11.73,13.07,90.4,0.8,14.52
11.73,13.07,90.4,0.8,14.52
11.74,13.07,90.4,0.8,14.52
11.74,13.07,90.4,0.8,14.52
11.75,13.07,90.4,0.8,14.52
11.75,13.07,90.4,0.8,14.52
11.76,13.07,90.4,0.8,14.52
11.76,13.07,90.4,0.8,14.52
11.77,13.07,90.4,0.8,14.52
11.77,13.07,90.3,0.8,14.52
11.78,13.07,90.3,0.8,14.52
11.78,13.07,90.3,0.8,14.52
11.79,13.07,90.3,0.8,14.52
11.79,13.07,90.3,0.8,14.52
11.8,13.07,90.3,0.8,14.52
11.8,13.07,90.3,0.8,14.52
11.81,13.07,90.3,0.8,14.52
11.81,13.07,90.3,0.8,14.52
11.82,13.07,90.3,0.8,14.52
11.82,13.07,90.3,0.8,14.52
11.83,13.07,90.3,0.8,14.52
11.83,13.07,90.3,0.8,14.51
11.84,13.07,90.3,0.8,14.51
11.84,13.07,90.3,0.8,14.51
11.85,13.07,90.3,0.8,14.51
11.85,13.07,90.3,0.8,14.51
11.86,13.07,90.3,0.8,14.51
11.86,13.07,90.3,0.8,14.51
11.87,13.07,90.3,0.8,14.51
11.87,13.07,90.3,0.8,14.51
11.88,13.07,90.3,0.8,14.51
11.88,13.07,90.3,0.8,14.51
11.89,13.07,90.3,0.8,14.51
11.89,13.07,90.2,0.8,14.51
11.9,13.07,90.2,0.8,14.51
11.9,13.07,90.2,0.8,14.51
11.91,13.07,90.2,0.8,14.51
11.91,13.07,90.2,0.8,14.51
11.92,13.07,90.2,0.8,14.51
11.92,13.07,90.2,0.8,14.51
11.93,13.07,90.2,0.8,14.51
11.93,13.07,90.2,0.8,14.51
11.94,13.07,90.2,0.8,14.51
11.94,13.07,90.2,0.8,14.51
11.95,13.07,90.2,0.8,14.51
11.95,13.07,90.2,0.8,14.51
11.96,13.07,90.2,0.8,14.51
11.96,13.07,90.2,0.8,14.51
11.96,13.07,90.2,0.8,14.51
11.97,13.07,90.2,0.8,14.51
11.97,13.07,90.2,0.8,14.51
11.98,13.07,90.2,0.8,14.51
11.98,13.07,90.2,0.8,14.51
11.99,13.07,90.2,0.8,14.51
11.99,13.07,90.2,0.8,14.51
12.0,13.07,90.2,0.8,14.51
12.01,13.07,90.2,0.8,14.51
12.01,13.07,90.1,0.8,14.51
12.02,13.07,90.1,0.8,14.51
12.03,13.07,90.1,0.8,14.51
12.03,13.07,90.1,0.8,14.51
12.04,13.07,90.1,0.8,14.51
12.04,13.07,90.1,0.8,14.51
12.05,13.07,90.1,0.8,14.51
12.05,13.07,90.1,0.8,14.51
12.06,13.07,90.1,0.8,14.51
12.06,13.07,90.1,0.8,14.51
12.07,13.07,90.1,0.8,14.51
12.07,13.07,90.1,0.8,14.51
12.08,13.07,90.1,0.8,14.5
12.08,13.07,90.1,0.8,14.5
12.09,13.07,90.1,0.8,14.5
12.09,13.07,90.1,0.8,14.5
12.1,13.07,90.1,0.8,14.5
12.1,13.07,90.1,0.8,14.5
12.11,13.07,90.1,0.8,14.5
12.11,13.07,90.1,0.8,14.5
12.12,13.07,90.1,0.8,14.5
12.12,13.07,90.1,0.8,14.5
12.13,13.07,90.1,0.8,14.5
12.13,13.07,90.1,0.8,14.5
12.14,13.07,90.0,0.8,14.5
12.14,13.07,90.0,0.8,14.5
12.15,13.07,90.0,0.8,14.5
12.15,13.07,90.0,0.8,14.5
12.16,13.07,90.0,0.8,14.5
12.16,13.07,90.0,0.8,14.5
12.17,13.07,90.0,0.8,14.5
12.17,13.07,90.0,0.8,14.5
12.18,13.07,90.0,0.8,14.5
12.18,13.07,90.0,0.8,14.5
12.19,13.07,90.0,0.8,14.5
12.19,13.07,90.0,0.8,14.5
12.2,13.07,90.0,0.8,14.5
12.2,13.07,90.0,0.8,14.5
12.21,13.07,90.0,0.8,14.5
12.21,13.07,90.0,0.8,14.5
12.22,13.07,90.0,0.8,14.5
12.23,13.07,90.0,0.8,14.5
12.23,13.07,90.0,0.8,14.5
12.23,13.07,90.0,0.8,14.5
12.24,13.07,90.0,0.8,14.5
12.25,13.07,90.0,0.8,14.5
12.25,13.07,90.0,0.8,14.5
12.26,13.07,90.0,0.8,14.5
12.26,13.07,89.9,0.8,14.5
12.26,13.07,89.9,0.8,14.5
12.27,13.07,89.9,0.8,14.5
12.27,13.07,89.9,0.8,14.5
12.28,13.07,89.9,0.8,14.5
12.28,13.07,89.9,0.8,14.5
12.29,13.07,89.9,0.8,14.5
12.29,13.07,89.9,0.8,14.5
12.3,13.07,89.9,0.8,14.5
12.3,13.07,89.9,0.8,14.5
12.31,13.07,89.9,0.8,14.5
12.31,13.07,89.9,0.8,14.5
12.32,13.07,89.9,0.8,14.49
12.32,13.07,89.9,0.8,14.49
12.33,13.07,89.9,0.8,14.49
12.33,13.07,89.9,0.8,14.49
12.34,13.07,89.9,0.8,14.49
12.34,13.07,89.9,0.8,14.49
12.35,13.07,89.9,0.8,14.49
12.35,13.07,89.9,0.8,14.49
12.36,13.07,89.9,0.8,14.49
12.36,13.07,89.9,0.8,14.49
12.37,13.07,89.9,0.8,14.49
12.37,13.07,89.9,0.8,14.49
12.38,13.07,89.8,0.8,14.49
12.38,13.07,89.8,0.8,14.49
12.39,13.07,89.8,0.8,14.49
12.39,13.07,89.8,0.8,14.49
12.4,13.07,89.8,0.8,14.49
12.4,13.07,89.8,0.8,14.49
12.41,13.07,89.8,0.8,14.49
12.41,13.07,89.8,0.8,14.49
12.42,13.07,89.8,0.8,14.49
12.42,13.07,89.8,0.8,14.49
12.43,13.07,89.8,0.8,14.49
12.43,13.07,89.8,0.8,14.49
12.44,13.07,89.8,0.8,14.49
12.44,13.07,89.8,0.8,14.49
12.45,13.07,89.8,0.8,14.49
12.45,13.07,89.8,0.8,14.49
12.46,13.07,89.8,0.8,14.49
12.46,13.07,89.8,0.8,14.49
12.47,13.07,89.8,0.8,14.49
12.47,13.07,89.8,0.8,14.49
12.48,13.07,89.8,0.8,14.49
12.48,13.07,89.8,0.8,14.49
12.49,13.07,89.8,0.8,14.49
12.49,13.07,89.8,0.8,14.49
12.5,13.07,89.7,0.8,14.49
12.5,13.07,89.7,0.8,14.49
12.51,13.07,89.7,0.8,14.49
12.51,13.07,89.7,0.8,14.49
12.52,13.07,89.7,0.8,14.49
12.52,13.07,89.7,0.8,14.49
12.53,13.07,89.7,0.8,14.49
12.53,13.07,89.7,0.8,14.49
12.54,13.07,89.7,0.8,14.49
12.54,13.07,89.7,0.8,14.49
12.55,13.07,89.7,0.8,14.49
12.56,13.07,89.7,0.8,14.49
12.56,13.07,89.7,0.8,14.48
12.56,13.07,89.7,0.8,14.48
12.57,13.07,89.7,0.8,14.48
12.57,13.07,89.7,0.8,14.48
12.58,13.07,89.7,0.8,14.48
12.58,13.07,89.7,0.8,14.48
12.59,13.07,89.7,0.8,14.48
12.59,13.07,89.7,0.8,14.48
12.6,13.07,89.7,0.8,14.48
12.6,13.07,89.7,0.8,14.48
12.61,13.07,89.7,0.8,14.48
12.61,13.07,89.7,0.8,14.48
12.62,13.07,89.6,0.8,14.48
12.62,13.07,89.6,0.8,14.48
12.63,13.07,89.6,0.8,14.48
12.63,13.07,89.6,0.8,14.48
12.64,13.07,89.6,0.8,14.48
12.64,13.07,89.6,0.8,14.48
12.65,13.07,89.6,0.8,14.48
12.65,13.07,89.6,0.8,14.48
12.66,13.07,89.6,0.8,14.48
12.66,13.07,89.6,0.8,14.48
12.67,13.07,89.6,0.8,14.48
12.67,13.07,89.6,0.8,14.48
12.68,13.07,89.6,0.8,14.48
12.68,13.07,89.6,0.8,14.48
12.69,13.07,89.6,0.8,14.48
12.69,13.07,89.6,0.8,14.48
12.69,13.07,89.6,0.8,14.48
12.7,13.07,89.6,0.8,14.48
12.7,13.07,89.6,0.8,14.48
12.71,13.07,89.6,0.8,14.48
12.72,13.07,89.6,0.8,14.48
12.72,13.07,89.6,0.8,14.48
12.73,13.07,89.6,0.8,14.48
12.73,13.07,89.6,0.8,14.48
12.74,13.07,89.5,0.8,14.48
12.74,13.07,89.5,0.8,14.48
12.75,13.07,89.5,0.8,14.48
12.75,13.07,89.5,0.8,14.48
12.76,13.07,89.5,0.8,14.48
12.76,13.07,89.5,0.8,14.48
12.77,13.07,89.5,0.8,14.48
12.77,13.07,89.5,0.8,14.48
12.78,13.07,89.5,0.8,14.48
12.79,13.07,89.5,0.8,14.48
12.79,13.07,89.5,0.8,14.48
12.8,13.07,89.5,0.8,14.48
12.8,13.07,89.5,0.8,14.47
12.81,13.07,89.5,0.8,14.47
12.81,13.07,89.5,0.8,14.47
12.82,13.07,89.5,0.8,14.47
12.82,13.07,89.5,0.8,14.47
12.83,13.07,89.5,0.8,14.47
12.84,13.07,89.5,0.8,14.47
12.84,13.07,89.5,0.8,14.47
12.85,13.07,89.5,0.8,14.47
12.85,13.07,89.5,0.8,14.47
12.86,13.07,89.5,0.8,14.47
12.86,13.07,89.5,0.8,14.47
12.87,13.07,89.4,0.8,14.47
12.87,13.07,89.4,0.8,14.47
12.88,13.07,89.4,0.8,14.47
12.88,13.07,89.4,0.8,14.47
12.89,13.07,89.4,0.8,14.47
12.89,13.07,89.4,0.8,14.47
12.9,13.07,89.4,0.8,14.47
12.9,13.07,89.4,0.8,14.47
12.91,13.07,89.4,0.8,14.47
12.91,13.07,89.4,0.8,14.47
12.92,13.07,89.4,0.8,14.47
12.93,13.07,89.4,0.8,14.47
12.93,13.07,89.4,0.8,14.47
12.94,13.07,89.4,0.8,14.47
12.94,13.07,89.4,0.8,14.47
12.95,13.07,89.4,0.8,14.47
12.95,13.07,89.4,0.8,14.47
12.96,13.07,89.4,0.8,14.47
12.96,13.07,89.4,0.8,14.47
12.97,13.07,89.4,0.8,14.47
12.97,13.07,89.4,0.8,14.47
12.98,13.07,89.4,0.8,14.47
12.98,13.07,89.4,0.8,14.47
12.98,13.07,89.4,0.8,14.47
12.99,13.07,89.3,0.8,14.47
12.99,13.07,89.3,0.8,14.47
13.0,13.07,89.3,0.8,14.47
13.0,13.07,89.3,0.8,14.47
13.01,13.07,89.3,0.8,14.47
13.02,13.07,89.3,0.8,14.47
13.02,13.07,89.3,0.8,14.47
13.02,13.07,89.3,0.8,14.47
13.03,13.07,89.3,0.8,14.47
13.04,13.07,89.3,0.8,14.47
13.04,13.07,89.3,0.8,14.47
13.05,13.07,89.3,0.8,14.47
13.05,13.07,89.3,0.8,14.46
13.06,13.07,89.3,0.8,14.46
13.06,13.07,89.3,0.8,14.46
13.07,13.07,89.3,0.8,14.46
13.07,13.07,89.3,0.8,14.46
13.08,13.07,89.3,0.8,14.46
13.08,13.07,89.3,0.8,14.46
13.09,13.07,89.3,0.8,14.46
13.09,13.07,89.3,0.8,14.46
13.1,13.07,89.3,0.8,14.46
13.1,13.07,89.3,0.8,14.46
13.11,13.07,89.3,0.8,14.46
13.11,13.07,89.2,0.8,14.46
13.12,13.07,89.2,0.8,14.46
13.12,13.07,89.2,0.8,14.46
13.13,13.07,89.2,0.8,14.46
13.13,13.07,89.2,0.8,14.46
13.14,13.07,89.2,0.8,14.46
13.14,13.07,89.2,0.8,14.46
13.15,13.07,89.2,0.8,14.46
13.15,13.07,89.2,0.8,14.46
13.16,13.07,89.2,0.8,14.46
13.16,13.07,89.2,0.8,14.46
13.17,13.07,89.2,0.8,14.46
13.17,13.07,89.2,0.8,14.46
13.18,13.07,89.2,0.8,14.46
13.18,13.07,89.2,0.8,14.46
13.19,13.07,89.2,0.8,14.46
13.19,13.07,89.2,0.8,14.46
13.2,13.07,89.2,0.8,14.46
13.2,13.07,89.2,0.8,14.46
13.21,13.07,89.2,0.8,14.46
13.21,13.07,89.2,0.8,14.46
13.22,13.07,89.2,0.8,14.46
13.22,13.07,89.2,0.8,14.46
13.23,13.07,89.2,0.8,14.46
13.24,13.07,89.1,0.8,14.46
13.24,13.07,89.1,0.8,14.46
13.24,13.07,89.1,0.8,14.46
13.25,13.07,89.1,0.8,14.46
13.25,13.07,89.1,0.8,14.46
13.26,13.07,89.1,0.8,14.46
13.26,13.07,89.1,0.8,14.46
13.27,13.07,89.1,0.8,14.46
13.27,13.07,89.1,0.8,14.46
13.28,13.07,89.1,0.8,14.46
13.28,13.07,89.1,0.8,14.46
13.29,13.07,89.1,0.8,14.46
13.29,13.07,89.1,0.8,14.45
13.3,13.07,89.1,0.8,14.45
13.3,13.07,89.1,0.8,14.45
13.31,13.07,89.1,0.8,14.45
13.32,13.07,89.1,0.8,14.45
13.32,13.07,89.1,0.8,14.45
13.32,13.07,89.1,0.8,14.45
13.33,13.07,89.1,0.8,14.45
13.33,13.07,89.1,0.8,14.45
13.34,13.07,89.1,0.8,14.45
13.35,13.07,89.1,0.8,14.45
13.35,13.07,89.1,0.8,14.45
13.35,13.07,89.0,0.8,14.45
13.36,13.07,89.0,0.8,14.45
13.36,13.07,89.0,0.8,14.45
13.37,13.07,89.0,0.8,14.45
13.38,13.07,89.0,0.8,14.45
13.38,13.07,89.0,0.8,14.45
13.39,13.07,89.0,0.8,14.45
13.39,13.07,89.0,0.8,14.45
13.4,13.07,89.0,0.8,14.45
13.4,13.07,89.0,0.8,14.45
13.41,13.07,89.0,0.8,14.45
13.41,13.07,89.0,0.8,14.45
13.42,13.07,89.0,0.8,14.45
13.42,13.07,89.0,0.8,14.45
13.43,13.07,89.0,0.8,14.45
13.43,13.07,89.0,0.8,14.45
13.44,13.07,89.0,0.8,14.45
13.44,13.07,89.0,0.8,14.45
13.45,13.07,89.0,0.8,14.45
13.45,13.07,89.0,0.8,14.45
13.46,13.07,89.0,0.8,14.45
13.47,13.07,89.0,0.8,14.45
13.47,13.07,89.0,0.8,14.45
13.47,13.07,89.0,0.8,14.45
13.48,13.07,88.9,0.8,14.45
13.49,13.07,88.9,0.8,14.45
13.49,13.07,88.9,0.8,14.45
13.5,13.07,88.9,0.8,14.45
13.5,13.07,88.9,0.8,14.45
13.51,13.07,88.9,0.8,14.45
13.51,13.07,88.9,0.8,14.45
13.52,13.07,88.9,0.8,14.45
13.52,13.07,88.9,0.8,14.45
13.53,13.07,88.9,0.8,14.45
13.53,13.07,88.9,0.8,14.45
13.54,13.07,88.9,0.8,14.45
13.54,13.07,88.9,0.8,14.44
13.55,13.07,88.9,0.8,14.44
13.55,13.07,88.9,0.8,14.44
13.56,13.07,88.9,0.8,14.44
13.56,13.07,88.9,0.8,14.44
13.57,13.07,88.9,0.8,14.44
13.57,13.07,88.9,0.8,14.44
13.58,13.07,88.9,0.8,14.44
13.58,13.07,88.9,0.8,14.44
13.59,13.07,88.9,0.8,14.44
13.59,13.07,88.9,0.8,14.44
13.6,13.07,88.9,0.8,14.44
13.6,13.07,88.8,0.8,14.44
13.61,13.07,88.8,0.8,14.44
13.61,13.07,88.8,0.8,14.44
13.61,13.07,88.8,0.8,14.44
13.62,13.07,88.8,0.8,14.44
13.63,13.07,88.8,0.8,14.44
13.63,13.07,88.8,0.8,14.44
13.64,13.07,88.8,0.8,14.44
13.65,13.07,88.8,0.8,14.44
13.65,13.07,88.8,0.8,14.44
13.66,13.07,88.8,0.8,14.44
13.66,13.07,88.8,0.8,14.44
13.66,13.07,88.8,0.8,14.44
13.67,13.07,88.8,0.8,14.44
13.67,13.07,88.8,0.8,14.44
13.68,13.07,88.8,0.8,14.44
13.68,13.07,88.8,0.8,14.44
13.69,13.07,88.8,0.8,14.44
13.69,13.07,88.8,0.8,14.44
13.7,13.07,88.8,0.8,14.44
13.71,13.07,88.8,0.8,14.44
13.71,13.07,88.8,0.8,14.44
13.72,13.07,88.8,0.8,14.44
13.72,13.07,88.8,0.8,14.44
13.73,13.07,88.7,0.8,14.44
13.73,13.07,88.7,0.8,14.44
13.73,13.07,88.7,0.8,14.44
13.74,13.07,88.7,0.8,14.44
13.74,13.07,88.7,0.8,14.44
13.75,13.07,88.7,0.8,14.44
13.76,13.07,88.7,0.8,14.44
13.76,13.07,88.7,0.8,14.44
13.77,13.07,88.7,0.8,14.44
13.77,13.07,88.7,0.8,14.44
13.78,13.07,88.7,0.8,14.44
13.78,13.07,88.7,0.8,14.44
13.79,13.07,88.7,0.8,14.43
13.79,13.07,88.7,0.8,14.43
13.8,13.07,88.7,0.8,14.43
13.8,13.07,88.7,0.8,14.43
13.81,13.07,88.7,0.8,14.43
13.81,13.07,88.7,0.8,14.43
13.82,13.07,88.7,0.8,14.43
13.82,13.07,88.7,0.8,14.43
13.83,13.07,88.7,0.8,14.43
13.83,13.07,88.7,0.8,14.43
13.84,13.07,88.7,0.8,14.43
13.84,13.07,88.7,0.8,14.43
13.85,13.07,88.6,0.8,14.43
13.85,13.07,88.6,0.8,14.43
13.86,13.07,88.6,0.8,14.43
13.86,13.07,88.6,0.8,14.43
13.87,13.07,88.6,0.8,14.43
13.87,13.07,88.6,0.8,14.43
13.88,13.07,88.6,0.8,14.43
13.88,13.07,88.6,0.8,14.43
13.89,13.07,88.6,0.8,14.43
13.89,13.07,88.6,0.8,14.43
13.9,13.07,88.6,0.8,14.43
13.91,13.07,88.6,0.8,14.43
13.91,13.07,88.6,0.8,14.43
13.92,13.07,88.6,0.8,14.43
13.92,13.07,88.6,0.8,14.43
13.93,13.07,88.6,0.8,14.43
13.93,13.07,88.6,0.8,14.43
13.94,13.07,88.6,0.8,14.43
13.94,13.07,88.6,0.8,14.43
13.95,13.07,88.6,0.8,14.43
13.95,13.07,88.6,0.8,14.43
13.96,13.07,88.6,0.8,14.43
13.96,13.07,88.6,0.8,14.43
13.97,13.07,88.6,0.8,14.43
13.97,13.07,88.5,0.8,14.43
13.98,13.07,88.5,0.8,14.43
13.98,13.07,88.5,0.8,14.43
13.99,13.07,88.5,0.8,14.43
13.99,13.07,88.5,0.8,14.43
14.0,13.07,88.5,0.8,14.43
14.0,13.07,88.5,0.8,14.43
14.01,13.07,88.5,0.8,14.43
14.01,13.07,88.5,0.8,14.43
14.02,13.07,88.5,0.8,14.43
14.02,13.07,88.5,0.8,14.43
14.03,13.07,88.5,0.8,14.43
14.03,13.07,88.5,0.8,14.42
14.04,13.07,88.5,0.8,14.42
14.04,13.07,88.5,0.8,14.42
14.05,13.07,88.5,0.8,14.42
14.05,13.07,88.5,0.8,14.42
14.06,13.07,88.5,0.8,14.42
14.06,13.07,88.5,0.8,14.42
14.07,13.07,88.5,0.8,14.42
14.07,13.07,88.5,0.8,14.42
14.08,13.07,88.5,0.8,14.42
14.08,13.07,88.5,0.8,14.42
14.09,13.07,88.5,0.8,14.42
14.09,13.07,88.4,0.8,14.42
14.1,13.07,88.4,0.8,14.42
14.1,13.07,88.4,0.8,14.42
14.11,13.07,88.4,0.8,14.42
14.11,13.07,88.4,0.8,14.42
14.12,13.07,88.4,0.8,14.42
14.12,13.07,88.4,0.8,14.42
14.13,13.07,88.4,0.8,14.42
14.13,13.07,88.4,0.8,14.42
14.14,13.07,88.4,0.8,14.42
14.14,13.07,88.4,0.8,14.42
14.15,13.07,88.4,0.8,14.42
14.15,13.07,88.4,0.8,14.42
14.16,13.07,88.4,0.8,14.42
14.16,13.07,88.4,0.8,14.42
14.17,13.07,88.4,0.8,14.42
14.17,13.07,88.4,0.8,14.42
14.17,13.07,88.4,0.8,14.42
14.18,13.07,88.4,0.8,14.42
14.19,13.07,88.4,0.8,14.42
14.19,13.07,88.4,0.8,14.42
14.2,13.07,88.4,0.8,14.42
14.2,13.07,88.4,0.8,14.42
14.21,13.07,88.4,0.8,14.42
14.21,13.07,88.3,0.8,14.42
14.22,13.07,88.3,0.8,14.42
14.22,13.07,88.3,0.8,14.42
14.23,13.07,88.3,0.8,14.42
14.23,13.07,88.3,0.8,14.42
14.24,13.07,88.3,0.8,14.42
14.24,13.07,88.3,0.8,14.42
14.25,13.07,88.3,0.8,14.42
14.25,13.07,88.3,0.8,14.42
14.26,13.07,88.3,0.8,14.42
14.26,13.07,88.3,0.8,14.42
14.27,13.07,88.3,0.8,14.42
14.27,13.07,88.3,0.8,14.41
14.28,13.07,88.3,0.8,14.41
14.28,13.07,88.3,0.8,14.41
14.29,13.07,88.3,0.8,14.41
14.29,13.07,88.3,0.8,14.41
14.3,13.07,88.3,0.8,14.41
14.3,13.07,88.3,0.8,14.41
14.31,13.07,88.3,0.8,14.41
14.31,13.07,88.3,0.8,14.41
14.32,13.07,88.3,0.8,14.41
14.32,13.07,88.3,0.8,14.41
14.33,13.07,88.3,0.8,14.41
14.33,13.07,88.2,0.8,14.41
14.34,13.07,88.2,0.8,14.41
14.34,13.07,88.2,0.8,14.41
14.35,13.07,88.2,0.8,14.41
14.35,13.07,88.2,0.8,14.41
14.36,13.07,88.2,0.8,14.41
14.36,13.07,88.2,0.8,14.41
14.37,13.07,88.2,0.8,14.41
14.37,13.07,88.2,0.8,14.41
14.38,13.07,88.2,0.8,14.41
14.38,13.07,88.2,0.8,14.41
14.39,13.07,88.2,0.8,14.41
14.39,13.07,88.2,0.8,14.41
14.4,13.07,88.2,0.8,14.41
14.4,13.07,88.2,0.8,14.41
14.41,13.07,88.2,0.8,14.41
14.41,13.07,88.2,0.8,14.41
14.42,13.07,88.2,0.8,14.41
14.42,13.07,88.2,0.8,14.41
14.43,13.07,88.2,0.8,14.41
14.43,13.07,88.2,0.8,14.41
14.44,13.07,88.2,0.8,14.41
14.44,13.07,88.2,0.8,14.41
14.45,13.07,88.2,0.8,14.41
14.45,13.07,88.1,0.8,14.41
14.46,13.07,88.1,0.8,14.41
14.46,13.07,88.1,0.8,14.41
14.47,13.07,88.1,0.8,14.41
14.48,13.07,88.1,0.8,14.41
14.48,13.07,88.1,0.8,14.41
14.48,13.07,88.1,0.8,14.41
14.49,13.07,88.1,0.8,14.41
14.49,13.07,88.1,0.8,14.41
14.5,13.07,88.1,0.8,14.41
14.5,13.07,88.1,0.8,14.41
14.51,13.07,88.1,0.8,14.41
14.51,13.07,88.1,0.8,14.4
14.52,13.07,88.1,0.8,14.4
14.52,13.07,88.1,0.8,14.4
14.53,13.07,88.1,0.8,14.4
14.53,13.07,88.1,0.8,14.4
14.54,13.07,88.1,0.8,14.4
14.55,13.07,88.1,0.8,14.4
14.55,13.07,88.1,0.8,14.4
14.55,13.07,88.1,0.8,14.4
14.56,13.07,88.1,0.8,14.4
14.56,13.07,88.1,0.8,14.4
14.57,13.07,88.1,0.8,14.4
14.57,13.07,88.0,0.8,14.4
14.58,13.07,88.0,0.8,14.4
14.58,13.07,88.0,0.8,14.4
14.59,13.07,88.0,0.8,14.4
14.59,13.07,88.0,0.8,14.4
14.6,13.07,88.0,0.8,14.4
14.6,13.07,88.0,0.8,14.4
14.61,13.07,88.0,0.8,14.4
14.61,13.07,88.0,0.8,14.4
14.62,13.07,88.0,0.8,14.4
14.62,13.07,88.0,0.8,14.4
14.63,13.07,88.0,0.8,14.4
14.63,13.07,88.0,0.8,14.4
14.64,13.07,88.0,0.8,14.4
14.64,13.07,88.0,0.8,14.4
14.65,13.07,88.0,0.8,14.4
14.66,13.07,88.0,0.8,14.4
14.66,13.07,88.0,0.8,14.4
14.66,13.07,88.0,0.8,14.4
14.67,13.07,88.0,0.8,14.4
14.68,13.07,88.0,0.8,14.4
14.68,13.07,88.0,0.8,14.4
14.68,13.07,88.0,0.8,14.4
14.69,13.07,88.0,0.8,14.4
14.69,13.07,87.9,0.8,14.4
14.7,13.07,87.9,0.8,14.4
14.7,13.07,87.9,0.8,14.4
14.71,13.07,87.9,0.8,14.4
14.71,13.07,87.9,0.8,14.4
14.72,13.07,87.9,0.8,14.4
14.72,13.07,87.9,0.8,14.4
14.73,13.07,87.9,0.8,14.4
14.73,13.07,87.9,0.8,14.4
14.74,13.07,87.9,0.8,14.4
14.74,13.07,87.9,0.8,14.4
14.75,13.07,87.9,0.8,14.4
14.75,13.07,87.9,0.8,14.39
14.76,13.07,87.9,0.8,14.39
14.76,13.07,87.9,0.8,14.39
14.77,13.07,87.9,0.8,14.39
14.77,13.07,87.9,0.8,14.39
14.78,13.07,87.9,0.8,14.39
14.78,13.07,87.9,0.8,14.39
14.79,13.07,87.9,0.8,14.39
14.79,13.07,87.9,0.8,14.39
14.8,13.07,87.9,0.8,14.39
14.8,13.07,87.9,0.8,14.39
14.81,13.07,87.9,0.8,14.39
14.81,13.07,87.8,0.8,14.39
14.82,13.07,87.8,0.8,14.39
14.82,13.07,87.8,0.8,14.39
14.83,13.07,87.8,0.8,14.39
14.83,13.07,87.8,0.8,14.39
14.84,13.07,87.8,0.8,14.39
14.84,13.07,87.8,0.8,14.39
14.85,13.07,87.8,0.8,14.39
14.85,13.07,87.8,0.8,14.39
14.86,13.07,87.8,0.8,14.39
14.86,13.07,87.8,0.8,14.39
14.87,13.07,87.8,0.8,14.39
14.87,13.07,87.8,0.8,14.39
14.88,13.07,87.8,0.8,14.39
14.88,13.07,87.8,0.8,14.39
14.89,13.07,87.8,0.8,14.39
14.89,13.07,87.8,0.8,14.39
14.9,13.07,87.8,0.8,14.39
14.9,13.07,87.8,0.8,14.39
14.91,13.07,87.8,0.8,14.39
14.91,13.07,87.8,0.8,14.39
14.92,13.07,87.8,0.8,14.39
14.92,13.07,87.8,0.8,14.39
14.93,13.07,87.8,0.8,14.39
14.93,13.07,87.7,0.8,14.39
14.94,13.07,87.7,0.8,14.39
14.94,13.07,87.7,0.8,14.39
14.95,13.07,87.7,0.8,14.39
14.95,13.07,87.7,0.8,14.39
14.96,13.07,87.7,0.8,14.39
14.96,13.07,87.7,0.8,14.39
14.97,13.07,87.7,0.8,14.39
14.97,13.07,87.7,0.8,14.39
14.98,13.07,87.7,0.8,14.39
14.98,13.07,87.7,0.8,14.39
14.99,13.07,87.7,0.8,14.39
14.99,13.07,87.7,0.8,14.38
15.0,13.07,87.7,0.8,14.38
15.0,13.07,87.7,0.8,14.38
0.0,13.07,87.7,0.8,14.38
0.01,13.07,87.7,0.8,14.38
0.01,13.07,87.7,0.8,14.38
0.02,13.07,87.7,0.8,14.38
0.02,13.07,87.7,0.8,14.38
0.03,13.07,87.7,0.8,14.38
0.03,13.07,87.7,0.8,14.38
0.04,13.07,87.7,0.8,14.38
0.04,13.07,87.7,0.8,14.38
0.05,13.07,87.6,0.8,14.38
0.05,13.07,87.6,0.8,14.38
0.06,13.07,87.6,0.8,14.38
0.06,13.07,87.6,0.8,14.38
0.07,13.07,87.6,0.8,14.38
0.07,13.07,87.6,0.8,14.38
0.08,13.07,87.6,0.8,14.38
0.08,13.07,87.6,0.8,14.38
0.09,13.07,87.6,0.8,14.38
0.09,13.07,87.6,0.8,14.38
0.1,13.07,87.6,0.8,14.38
0.1,13.07,87.6,0.8,14.38
0.11,13.07,87.6,0.8,14.38
0.11,13.07,87.6,0.8,14.38
0.12,13.07,87.6,0.8,14.38
0.12,13.07,87.6,0.8,14.38
0.13,13.07,87.6,0.8,14.38
0.13,13.07,87.6,0.8,14.38
0.14,13.07,87.6,0.8,14.38
0.14,13.07,87.6,0.8,14.38
0.15,13.07,87.6,0.8,14.38
0.15,13.07,87.6,0.8,14.38
0.16,13.07,87.6,0.8,14.38
0.16,13.07,87.6,0.8,14.38
0.17,13.07,87.5,0.8,14.38
0.17,13.07,87.5,0.8,14.38
0.18,13.07,87.5,0.8,14.38
0.18,13.07,87.5,0.8,14.38
0.19,13.07,87.5,0.8,14.38
0.19,13.07,87.5,0.8,14.38
0.2,13.07,87.5,0.8,14.38
0.2,13.07,87.5,0.8,14.38
0.21,13.07,87.5,0.8,14.38
0.21,13.07,87.5,0.8,14.38
0.22,13.07,87.5,0.8,14.38
0.22,13.07,87.5,0.8,14.38
0.23,13.07,87.5,0.8,14.37
0.23,13.07,87.5,0.8,14.37
0.24,13.07,87.5,0.8,14.37
0.24,13.07,87.5,0.8,14.37
0.25,13.07,87.5,0.8,14.37
0.25,13.07,87.5,0.8,14.37
0.26,13.07,87.5,0.8,14.37
0.27,13.07,87.5,0.8,14.37
0.27,13.07,87.5,0.8,14.37
0.28,13.07,87.5,0.8,14.37
0.28,13.07,87.5,0.8,14.37
0.29,13.07,87.5,0.8,14.37
0.29,13.07,87.4,0.8,14.37
0.3,13.07,87.4,0.8,14.37
0.3,13.07,87.4,0.8,14.37
0.31,13.07,87.4,0.8,14.37
0.31,13.07,87.4,0.8,14.37
0.32,13.07,87.4,0.8,14.37
0.32,13.07,87.4,0.8,14.37
0.33,13.07,87.4,0.8,14.37
0.33,13.07,87.4,0.8,14.37
0.34,13.07,87.4,0.8,14.37
0.34,13.07,87.4,0.8,14.37
0.35,13.07,87.4,0.8,14.37
0.35,13.07,87.4,0.8,14.37
0.36,13.07,87.4,0.8,14.37
0.36,13.07,87.4,0.8,14.37
0.37,13.07,87.4,0.8,14.37
0.37,13.07,87.4,0.8,14.37
0.38,13.07,87.4,0.8,14.37
0.38,13.07,87.4,0.8,14.37
0.39,13.07,87.4,0.8,14.37
0.39,13.07,87.4,0.8,14.37
0.4,13.07,87.4,0.8,14.37
0.4,13.07,87.4,0.8,14.37
0.41,13.07,87.4,0.8,14.37
0.41,13.07,87.3,0.8,14.37
0.42,13.07,87.3,0.8,14.37
0.42,13.07,87.3,0.8,14.37
0.42,13.07,87.3,0.8,14.37
0.43,13.07,87.3,0.8,14.37
0.44,13.07,87.3,0.8,14.37
0.44,13.07,87.3,0.8,14.37
0.45,13.07,87.3,0.8,14.37
0.45,13.07,87.3,0.8,14.37
0.45,13.07,87.3,0.8,14.37
0.46,13.07,87.3,0.8,14.37
0.47,13.07,87.3,0.8,14.37
0.47,13.07,87.3,0.8,14.36
0.47,13.07,87.3,0.8,14.36
0.48,13.08,87.3,0.8,14.36
0.49,13.08,87.3,0.8,14.36
0.49,13.08,87.3,0.8,14.36
0.5,13.08,87.3,0.8,14.36
0.5,13.08,87.3,0.8,14.36
0.51,13.08,87.3,0.8,14.36
0.51,13.08,87.3,0.8,14.36
0.52,13.08,87.3,0.8,14.36
0.52,13.08,87.3,0.8,14.36
0.53,13.08,87.3,0.8,14.36
0.53,13.08,87.2,0.8,14.36
0.54,13.08,87.2,0.8,14.36
0.54,13.08,87.2,0.8,14.36
0.55,13.08,87.2,0.8,14.36
0.55,13.08,87.2,0.8,14.36
0.56,13.08,87.2,0.8,14.36
0.56,13.08,87.2,0.8,14.36
0.57,13.08,87.2,0.8,14.36
0.57,13.08,87.2,0.8,14.36
0.58,13.08,87.2,0.8,14.36
0.58,13.08,87.2,0.8,14.36
0.59,13.08,87.2,0.8,14.36
0.59,13.08,87.2,0.8,14.36
0.6,13.08,87.2,0.8,14.36
0.6,13.08,87.2,0.8,14.36
0.61,13.08,87.2,0.8,14.36
0.61,13.08,87.2,0.8,14.36
0.62,13.08,87.2,0.8,14.36
0.63,13.08,87.2,0.8,14.36
0.63,13.08,87.2,0.8,14.36
0.64,13.08,87.2,0.8,14.36
0.64,13.08,87.2,0.8,14.36
0.64,13.08,87.2,0.8,14.36
0.65,13.08,87.2,0.8,14.36
0.66,13.08,87.1,0.8,14.36
0.66,13.08,87.1,0.8,14.36
0.66,13.08,87.1,0.8,14.36
0.67,13.08,87.1,0.8,14.36
0.67,13.08,87.1,0.8,14.36
0.68,13.08,87.1,0.8,14.36
0.68,13.08,87.1,0.8,14.36
0.69,13.08,87.1,0.8,14.36
0.7,13.08,87.1,0.8,14.36
0.7,13.08,87.1,0.8,14.36
0.7,13.08,87.1,0.8,14.36
0.71,13.08,87.1,0.8,14.36
0.71,13.08,87.1,0.8,14.35
0.72,13.08,87.1,0.8,14.35
0.72,13.08,87.1,0.8,14.35
0.73,13.08,87.1,0.8,14.35
0.73,13.08,87.1,0.8,14.35
0.74,13.08,87.1,0.8,14.35
0.74,13.08,87.1,0.8,14.35
0.75,13.08,87.1,0.8,14.35
0.75,13.08,87.1,0.8,14.35
0.76,13.08,87.1,0.8,14.35
0.76,13.08,87.1,0.8,14.35
0.77,13.08,87.1,0.8,14.35
0.77,13.08,87.0,0.8,14.35
0.78,13.08,87.0,0.8,14.35
0.78,13.08,87.0,0.8,14.35
0.79,13.08,87.0,0.8,14.35
0.79,13.08,87.0,0.8,14.35
0.8,13.09,87.0,0.8,14.35
0.8,13.09,87.0,0.8,14.35
0.81,13.09,87.0,0.8,14.35
0.81,13.09,87.0,0.8,14.35
0.82,13.09,87.0,0.8,14.35
0.82,13.09,87.0,0.8,14.35
0.83,13.09,87.0,0.8,14.35
0.83,13.09,87.0,0.8,14.35
0.84,13.09,87.0,0.8,14.35
0.84,13.09,87.0,0.8,14.35
0.85,13.09,87.0,0.8,14.35
0.85,13.09,87.0,0.8,14.35
0.86,13.09,87.0,0.8,14.35
0.86,13.09,87.0,0.8,14.35
0.86,13.09,87.0,0.8,14.35
0.87,13.09,87.0,0.8,14.35
0.87,13.09,87.0,0.8,14.35
0.88,13.09,87.0,0.8,14.35
0.89,13.09,87.0,0.8,14.35
0.89,13.09,86.9,0.8,14.35
0.9,13.09,86.9,0.8,14.35
0.9,13.09,86.9,0.8,14.35
0.91,13.09,86.9,0.8,14.35
0.91,13.09,86.9,0.8,14.35
0.91,13.09,86.9,0.8,14.35
0.92,13.09,86.9,0.8,14.35
0.92,13.09,86.9,0.8,14.35
0.93,13.09,86.9,0.8,14.35
0.93,13.09,86.9,0.8,14.35
0.94,13.09,86.9,0.8,14.35
0.94,13.09,86.9,0.8,14.35
0.95,13.09,86.9,0.8,14.34
0.95,13.09,86.9,0.8,14.34
0.96,13.09,86.9,0.8,14.34
0.96,13.09,86.9,0.8,14.34
0.97,13.09,86.9,0.8,14.34
0.97,13.09,86.9,0.8,14.34
0.98,13.09,86.9,0.8,14.34
0.99,13.09,86.9,0.8,14.34
0.99,13.09,86.9,0.8,14.34
0.99,13.09,86.9,0.8,14.34
1.0,13.09,86.9,0.8,14.34
1.0,13.09,86.9,0.8,14.34
1.01,13.09,86.8,0.8,14.34
1.01,13.09,86.8,0.8,14.34
1.02,13.09,86.8,0.8,14.34
1.02,13.09,86.8,0.8,14.34
1.03,13.09,86.8,0.8,14.34
1.03,13.09,86.8,0.8,14.34
1.04,13.09,86.8,0.8,14.34
1.04,13.09,86.8,0.8,14.34
1.05,13.09,86.8,0.8,14.34
1.05,13.09,86.8,0.8,14.34
1.06,13.09,86.8,0.8,14.34
1.06,13.09,86.8,0.8,14.34
1.07,13.09,86.8,0.8,14.34
1.08,13.09,86.8,0.8,14.34
1.08,13.1,86.8,0.8,14.34
1.09,13.1,86.8,0.8,14.34
1.09,13.1,86.8,0.8,14.34
1.1,13.1,86.8,0.8,14.34
1.1,13.1,86.8,0.8,14.34
1.11,13.1,86.8,0.8,14.34
1.11,13.1,86.8,0.8,14.34
1.12,13.1,86.8,0.8,14.34
1.12,13.1,86.8,0.8,14.34
1.13,13.1,86.8,0.8,14.34
1.13,13.1,86.7,0.8,14.34
1.14,13.1,86.7,0.8,14.34
1.14,13.1,86.7,0.8,14.34
1.15,13.1,86.7,0.8,14.34
1.15,13.1,86.7,0.8,14.34
1.16,13.1,86.7,0.8,14.34
1.16,13.1,86.7,0.8,14.34
1.17,13.1,86.7,0.8,14.34
1.17,13.1,86.7,0.8,14.34
1.18,13.1,86.7,0.8,14.34
1.18,13.1,86.7,0.8,14.34
1.19,13.1,86.7,0.8,14.34
1.19,13.1,86.7,0.8,14.33
1.2,13.1,86.7,0.8,14.33
1.2,13.1,86.7,0.8,14.33
1.21,13.1,86.7,0.8,14.33
1.21,13.1,86.7,0.8,14.33
1.22,13.1,86.7,0.8,14.33
1.22,13.1,86.7,0.8,14.33
1.23,13.1,86.7,0.8,14.33
1.23,13.1,86.7,0.8,14.33
1.24,13.1,86.7,0.8,14.33
1.24,13.1,86.7,0.8,14.33
1.25,13.1,86.7,0.8,14.33
1.25,13.1,86.6,0.8,14.33
1.26,13.1,86.6,0.8,14.33
1.26,13.1,86.6,0.8,14.33
1.27,13.1,86.6,0.8,14.33
1.27,13.1,86.6,0.8,14.33
1.28,13.1,86.6,0.8,14.33
1.28,13.1,86.6,0.8,14.33
1.29,13.1,86.6,0.8,14.33
1.29,13.1,86.6,0.8,14.33
1.3,13.1,86.6,0.8,14.33
1.3,13.1,86.6,0.8,14.33
1.31,13.1,86.6,0.8,14.33
1.31,13.1,86.6,0.8,14.33
1.32,13.1,86.6,0.8,14.33
1.32,13.1,86.6,0.8,14.33
1.33,13.1,86.6,0.8,14.33
1.33,13.1,86.6,0.8,14.33
1.34,13.1,86.6,0.8,14.33
1.34,13.1,86.6,0.8,14.33
1.35,13.1,86.6,0.8,14.33
1.35,13.1,86.6,0.8,14.33
1.36,13.1,86.6,0.8,14.33
1.36,13.1,86.6,0.8,14.33
1.37,13.1,86.6,0.8,14.33
1.37,13.1,86.5,0.8,14.33
1.38,13.1,86.5,0.8,14.33
1.38,13.1,86.5,0.8,14.33
1.39,13.1,86.5,0.8,14.33
1.39,13.1,86.5,0.8,14.33
1.4,13.1,86.5,0.8,14.33
1.4,13.1,86.5,0.8,14.33
1.41,13.1,86.5,0.8,14.33
1.41,13.1,86.5,0.8,14.33
1.42,13.1,86.5,0.8,14.33
1.42,13.1,86.5,0.8,14.33
1.42,13.1,86.5,0.8,14.33
1.43,13.1,86.5,0.8,14.32
1.44,13.1,86.5,0.8,14.32
1.44,13.1,86.5,0.8,14.32
1.44,13.1,86.5,0.8,14.32
1.45,13.1,86.5,0.8,14.32
1.45,13.1,86.5,0.8,14.32
1.46,13.1,86.5,0.8,14.32
1.47,13.1,86.5,0.8,14.32
1.47,13.1,86.5,0.8,14.32
1.48,13.1,86.5,0.8,14.32
1.48,13.1,86.5,0.8,14.32
1.49,13.11,86.5,0.8,14.32
1.49,13.11,86.4,0.8,14.32
1.5,13.11,86.4,0.8,14.32
1.5,13.11,86.4,0.8,14.32
1.51,13.11,86.4,0.8,14.32
1.51,13.11,86.4,0.8,14.32
1.52,13.11,86.4,0.8,14.32
1.52,13.11,86.4,0.8,14.32
1.53,13.11,86.4,0.8,14.32
1.53,13.11,86.4,0.8,14.32
1.53,13.11,86.4,0.8,14.32
1.54,13.11,86.4,0.8,14.32
1.55,13.11,86.4,0.8,14.32
1.55,13.11,86.4,0.8,14.32
1.56,13.11,86.4,0.8,14.32
1.56,13.11,86.4,0.8,14.32
1.57,13.11,86.4,0.8,14.32
1.58,13.11,86.4,0.8,14.32
1.58,13.11,86.4,0.8,14.32
1.59,13.11,86.4,0.8,14.32
1.6,13.11,86.4,0.8,14.32
1.6,13.11,86.4,0.8,14.32
1.61,13.11,86.4,0.8,14.32
1.61,13.11,86.4,0.8,14.32
1.62,13.11,86.4,0.8,14.32
1.62,13.11,86.3,0.8,14.32
1.63,13.11,86.3,0.8,14.32
1.63,13.11,86.3,0.8,14.32
1.64,13.11,86.3,0.8,14.32
1.64,13.11,86.3,0.8,14.32
1.65,13.11,86.3,0.8,14.32
1.65,13.11,86.3,0.8,14.32
1.66,13.11,86.3,0.8,14.32
1.66,13.11,86.3,0.8,14.32
1.67,13.11,86.3,0.8,14.32
1.67,13.11,86.3,0.8,14.32
1.68,13.11,86.3,0.8,14.32
1.68,13.11,86.3,0.8,14.31
1.69,13.11,86.3,0.8,14.31
1.69,13.11,86.3,0.8,14.31
1.7,13.11,86.3,0.8,14.31
1.7,13.11,86.3,0.8,14.31
1.71,13.11,86.3,0.8,14.31
1.71,13.11,86.3,0.8,14.31
1.72,13.11,86.3,0.8,14.31
1.72,13.11,86.3,0.8,14.31
1.73,13.11,86.3,0.8,14.31
1.73,13.11,86.3,0.8,14.31
1.74,13.11,86.3,0.8,14.31
1.74,13.11,86.2,0.8,14.31
1.75,13.11,86.2,0.8,14.31
1.76,13.11,86.2,0.8,14.31
1.76,13.11,86.2,0.8,14.31
1.77,13.11,86.2,0.8,14.31
1.77,13.11,86.2,0.8,14.31
1.77,13.11,86.2,0.8,14.31
1.78,13.11,86.2,0.8,14.31
1.78,13.11,86.2,0.8,14.31
1.79,13.11,86.2,0.8,14.31
1.79,13.11,86.2,0.8,14.31
1.8,13.11,86.2,0.8,14.31
1.8,13.11,86.2,0.8,14.31
1.81,13.11,86.2,0.8,14.31
1.81,13.11,86.2,0.8,14.31
1.82,13.11,86.2,0.8,14.31
1.82,13.11,86.2,0.8,14.31
1.83,13.11,86.2,0.8,14.31
1.83,13.11,86.2,0.8,14.31
1.84,13.11,86.2,0.8,14.31
1.84,13.11,86.2,0.8,14.31
1.85,13.11,86.2,0.8,14.31
1.85,13.11,86.2,0.8,14.31
1.86,13.11,86.2,0.8,14.31
1.86,13.11,86.1,0.8,14.31
1.87,13.11,86.1,0.8,14.31
1.87,13.11,86.1,0.8,14.31
1.88,13.11,86.1,0.8,14.31
1.88,13.11,86.1,0.8,14.31
1.89,13.11,86.1,0.8,14.31
1.9,13.11,86.1,0.8,14.31
1.9,13.11,86.1,0.8,14.31
1.91,13.11,86.1,0.8,14.31
1.91,13.11,86.1,0.8,14.31
1.92,13.11,86.1,0.8,14.31
1.92,13.11,86.1,0.8,14.31
1.93,13.11,86.1,0.8,14.3
1.93,13.11,86.1,0.8,14.3
1.94,13.11,86.1,0.8,14.3
1.94,13.11,86.1,0.8,14.3
1.95,13.11,86.1,0.8,14.3
1.95,13.11,86.1,0.8,14.3
1.96,13.11,86.1,0.8,14.3
1.96,13.11,86.1,0.8,14.3
1.97,13.11,86.1,0.8,14.3
1.97,13.11,86.1,0.8,14.3
1.98,13.11,86.1,0.8,14.3
1.98,13.11,86.1,0.8,14.3
1.99,13.11,86.0,0.8,14.3
1.99,13.11,86.0,0.8,14.3
2.0,13.11,86.0,0.8,14.3
2.0,13.11,86.0,0.8,14.3
2.01,13.11,86.0,0.8,14.3
2.01,13.11,86.0,0.8,14.3
2.02,13.11,86.0,0.8,14.3
2.03,13.11,86.0,0.8,14.3
2.03,13.11,86.0,0.8,14.3
2.03,13.11,86.0,0.8,14.3
2.04,13.11,86.0,0.8,14.3
2.05,13.11,86.0,0.8,14.3
2.05,13.11,86.0,0.8,14.3
2.05,13.11,86.0,0.8,14.3
2.06,13.11,86.0,0.8,14.3
2.06,13.11,86.0,0.8,14.3
2.07,13.11,86.0,0.8,14.3
2.07,13.11,86.0,0.8,14.3
2.08,13.11,86.0,0.8,14.3
2.08,13.11,86.0,0.8,14.3
2.09,13.11,86.0,0.8,14.3
2.1,13.11,86.0,0.8,14.3
2.1,13.11,86.0,0.8,14.3
2.11,13.11,86.0,0.8,14.3
2.11,13.11,85.9,0.8,14.3
2.11,13.11,85.9,0.8,14.3
2.12,13.11,85.9,0.8,14.3
2.13,13.11,85.9,0.8,14.3
2.13,13.11,85.9,0.8,14.3
2.13,13.11,85.9,0.8,14.3
2.14,13.11,85.9,0.8,14.3
2.15,13.11,85.9,0.8,14.3
2.15,13.11,85.9,0.8,14.3
2.16,13.11,85.9,0.8,14.3
2.16,13.11,85.9,0.8,14.3
2.17,13.11,85.9,0.8,14.3
2.17,13.11,85.9,0.8,14.29
2.18,13.11,85.9,0.8,14.29
2.19,13.11,85.9,0.8,14.29
2.19,13.11,85.9,0.8,14.29
2.2,13.11,85.9,0.8,14.29
2.2,13.11,85.9,0.8,14.29
2.21,13.11,85.9,0.8,14.29
2.21,13.11,85.9,0.8,14.29
2.22,13.1,85.9,0.8,14.29
2.22,13.1,85.9,0.8,14.29
2.23,13.1,85.9,0.8,14.29
2.23,13.1,85.9,0.8,14.29
2.24,13.1,85.8,0.8,14.29
2.24,13.1,85.8,0.8,14.29
2.25,13.1,85.8,0.8,14.29
2.25,13.1,85.8,0.8,14.29
2.26,13.1,85.8,0.8,14.29
2.26,13.1,85.8,0.8,14.29
2.27,13.1,85.8,0.8,14.29
2.27,13.1,85.8,0.8,14.29
2.28,13.1,85.8,0.8,14.29
2.28,13.1,85.8,0.8,14.29
2.29,13.1,85.8,0.8,14.29
2.29,13.1,85.8,0.8,14.29
2.3,13.1,85.8,0.8,14.29
2.3,13.1,85.8,0.8,14.29
2.31,13.1,85.8,0.8,14.29
2.31,13.1,85.8,0.8,14.29
2.32,13.1,85.8,0.8,14.29
2.32,13.1,85.8,0.8,14.29
2.33,13.1,85.8,0.8,14.29
2.33,13.1,85.8,0.8,14.29
2.34,13.1,85.8,0.8,14.29
2.34,13.1,85.8,0.8,14.29
2.35,13.1,85.8,0.8,14.29
2.35,13.1,85.8,0.8,14.29
2.36,13.1,85.7,0.8,14.29
2.36,13.1,85.7,0.8,14.29
2.37,13.1,85.7,0.8,14.29
2.37,13.1,85.7,0.8,14.29
2.38,13.1,85.7,0.8,14.29
2.38,13.1,85.7,0.8,14.29
2.39,13.1,85.7,0.8,14.29
2.39,13.1,85.7,0.8,14.29
2.4,13.1,85.7,0.8,14.29
2.4,13.1,85.7,0.8,14.29
2.41,13.1,85.7,0.8,14.29
2.41,13.1,85.7,0.8,14.29
2.42,13.1,85.7,0.8,14.28
2.43,13.1,85.7,0.8,14.28
2.43,13.1,85.7,0.8,14.28
2.43,13.1,85.7,0.8,14.28
2.44,13.1,85.7,0.8,14.28
2.44,13.1,85.7,0.8,14.28
2.45,13.1,85.7,0.8,14.28
2.45,13.1,85.7,0.8,14.28
2.46,13.1,85.7,0.8,14.28
2.46,13.1,85.7,0.8,14.28
2.47,13.1,85.7,0.8,14.28
2.47,13.1,85.7,0.8,14.28
2.48,13.1,85.6,0.8,14.28
2.48,13.1,85.6,0.8,14.28
2.49,13.1,85.6,0.8,14.28
2.49,13.1,85.6,0.8,14.28
2.5,13.1,85.6,0.8,14.28
2.5,13.1,85.6,0.8,14.28
2.51,13.1,85.6,0.8,14.28
2.51,13.1,85.6,0.8,14.28
2.52,13.1,85.6,0.8,14.28
2.52,13.1,85.6,0.8,14.28
2.53,13.1,85.6,0.8,14.28
2.53,13.1,85.6,0.8,14.28
2.54,13.1,85.6,0.8,14.28
2.54,13.1,85.6,0.8,14.28
2.55,13.1,85.6,0.8,14.28
2.55,13.1,85.6,0.8,14.28
2.56,13.1,85.6,0.8,14.28
2.56,13.1,85.6,0.8,14.28
2.57,13.1,85.6,0.8,14.28
2.57,13.1,85.6,0.8,14.28
2.58,13.1,85.6,0.8,14.28
2.58,13.1,85.6,0.8,14.28
2.59,13.1,85.6,0.8,14.28
2.6,13.1,85.6,0.8,14.28
2.6,13.1,85.5,0.8,14.28
2.61,13.1,85.5,0.8,14.28
2.61,13.1,85.5,0.8,14.28
2.62,13.1,85.5,0.8,14.28
2.62,13.1,85.5,0.8,14.28
2.63,13.1,85.5,0.8,14.28
2.63,13.1,85.5,0.8,14.28
2.64,13.1,85.5,0.8,14.28
2.64,13.1,85.5,0.8,14.28
2.65,13.1,85.5,0.8,14.28
2.65,13.1,85.5,0.8,14.28
2.66,13.1,85.5,0.8,14.28
2.66,13.1,85.5,0.8,14.27
2.66,13.1,85.5,0.8,14.27
2.67,13.1,85.5,0.8,14.27
2.67,13.1,85.5,0.8,14.27
2.68,13.1,85.5,0.8,14.27
2.69,13.1,85.5,0.8,14.27
2.69,13.1,85.5,0.8,14.27
2.69,13.1,85.5,0.8,14.27
2.7,13.1,85.5,0.8,14.27
2.7,13.1,85.5,0.8,14.27
2.71,13.1,85.5,0.8,14.27
2.71,13.1,85.5,0.8,14.27
2.72,13.1,85.4,0.8,14.27
2.72,13.1,85.4,0.8,14.27
2.73,13.1,85.4,0.8,14.27
2.73,13.1,85.4,0.8,14.27
2.74,13.1,85.4,0.8,14.27
2.74,13.1,85.4,0.8,14.27
2.75,13.1,85.4,0.8,14.27
2.75,13.1,85.4,0.8,14.27
2.76,13.1,85.4,0.8,14.27
2.77,13.1,85.4,0.8,14.27
2.77,13.1,85.4,0.8,14.27
2.78,13.1,85.4,0.8,14.27
2.78,13.1,85.4,0.8,14.27
2.78,13.1,85.4,0.8,14.27
2.79,13.09,85.4,0.8,14.27
2.79,13.09,85.4,0.8,14.27
2.8,13.09,85.4,0.8,14.27
2.8,13.09,85.4,0.8,14.27
2.81,13.09,85.4,0.8,14.27
2.82,13.09,85.4,0.8,14.27
2.82,13.09,85.4,0.8,14.27
2.82,13.09,85.4,0.8,14.27
2.83,13.09,85.4,0.8,14.27
2.84,13.09,85.4,0.8,14.27
2.84,13.09,85.3,0.8,14.27
2.84,13.09,85.3,0.8,14.27
2.85,13.09,85.3,0.8,14.27
2.86,13.09,85.3,0.8,14.27
2.86,13.09,85.3,0.8,14.27
2.86,13.09,85.3,0.8,14.27
2.87,13.09,85.3,0.8,14.27
2.88,13.09,85.3,0.8,14.27
2.88,13.09,85.3,0.8,14.27
2.88,13.09,85.3,0.8,14.27
2.89,13.09,85.3,0.8,14.27
2.89,13.09,85.3,0.8,14.27
2.9,13.09,85.3,0.8,14.26
2.91,13.09,85.3,0.8,14.26
2.91,13.09,85.3,0.8,14.26
2.92,13.09,85.3,0.8,14.26
2.92,13.09,85.3,0.8,14.26
2.93,13.09,85.3,0.8,14.26
2.93,13.09,85.3,0.8,14.26
2.94,13.09,85.3,0.8,14.26
2.94,13.09,85.3,0.8,14.26
2.95,13.09,85.3,0.8,14.26
2.95,13.09,85.3,0.8,14.26
2.96,13.09,85.3,0.8,14.26
2.96,13.09,85.2,0.8,14.26
2.97,13.09,85.2,0.8,14.26
2.97,13.09,85.2,0.8,14.26
2.98,13.09,85.2,0.8,14.26
2.98,13.09,85.2,0.8,14.26
2.99,13.09,85.2,0.8,14.26
2.99,13.09,85.2,0.8,14.26
3.0,13.09,85.2,0.8,14.26
3.0,13.09,85.2,0.8,14.26
3.01,13.09,85.2,0.8,14.26
3.02,13.09,85.2,0.8,14.26
3.02,13.09,85.2,0.8,14.26
3.03,13.09,85.2,0.8,14.26
3.03,13.09,85.2,0.8,14.26
3.04,13.09,85.2,0.8,14.26
3.04,13.09,85.2,0.8,14.26
3.05,13.09,85.2,0.8,14.26
3.05,13.09,85.2,0.8,14.26
3.06,13.09,85.2,0.8,14.26
3.06,13.09,85.2,0.8,14.26
3.07,13.09,85.2,0.8,14.26
3.07,13.09,85.2,0.8,14.26
3.08,13.09,85.2,0.8,14.26
3.08,13.09,85.2,0.8,14.26
3.09,13.09,85.1,0.8,14.26
3.09,13.09,85.1,0.8,14.26
3.1,13.09,85.1,0.8,14.26
3.1,13.09,85.1,0.8,14.26
3.1,13.09,85.1,0.8,14.26
3.11,13.09,85.1,0.8,14.26
3.11,13.09,85.1,0.8,14.26
3.12,13.09,85.1,0.8,14.26
3.12,13.09,85.1,0.8,14.26
3.13,13.09,85.1,0.8,14.26
3.14,13.09,85.1,0.8,14.26
3.15,13.09,85.1,0.8,14.26
3.15,13.09,85.1,0.8,14.25
3.16,13.09,85.1,0.8,14.25
3.16,13.09,85.1,0.8,14.25
3.17,13.09,85.1,0.8,14.25
3.17,13.09,85.1,0.8,14.25
3.18,13.09,85.1,0.8,14.25
3.18,13.09,85.1,0.8,14.25
3.19,13.09,85.1,0.8,14.25
3.19,13.09,85.1,0.8,14.25
3.2,13.09,85.1,0.8,14.25
3.2,13.09,85.1,0.8,14.25
3.21,13.09,85.1,0.8,14.25
3.21,13.09,85.0,0.8,14.25
3.22,13.09,85.0,0.8,14.25
3.22,13.09,85.0,0.8,14.25
3.23,13.09,85.0,0.8,14.25
3.23,13.09,85.0,0.8,14.25
3.24,13.09,85.0,0.8,14.25
3.24,13.09,85.0,0.8,14.25
3.25,13.09,85.0,0.8,14.25
3.25,13.09,85.0,0.8,14.25
3.26,13.09,85.0,0.8,14.25
3.26,13.09,85.0,0.8,14.25
3.27,13.09,85.0,0.8,14.25
3.27,13.09,85.0,0.8,14.25
3.28,13.09,85.0,0.8,14.25
3.28,13.09,85.0,0.8,14.25
3.29,13.09,85.0,0.8,14.25
3.29,13.09,85.0,0.8,14.25
3.3,13.09,85.0,0.8,14.25
3.3,13.09,85.0,0.8,14.25
3.31,13.09,85.0,0.8,14.25
3.31,13.09,85.0,0.8,14.25
3.32,13.09,85.0,0.8,14.25
3.33,13.09,85.0,0.8,14.25
3.33,13.08,85.0,0.8,14.25
3.34,13.08,84.9,0.8,14.25
3.34,13.08,84.9,0.8,14.25
3.35,13.08,84.9,0.8,14.25
3.35,13.08,84.9,0.8,14.25
3.36,13.08,84.9,0.8,14.25
3.36,13.08,84.9,0.8,14.25
3.37,13.08,84.9,0.8,14.25
3.37,13.08,84.9,0.8,14.25
3.38,13.08,84.9,0.8,14.25
3.38,13.08,84.9,0.8,14.25
3.39,13.08,84.9,0.8,14.25
3.39,13.08,84.9,0.8,14.25
3.4,13.08,84.9,0.8,14.24
3.4,13.08,84.9,0.8,14.24
3.4,13.08,84.9,0.8,14.24
3.41,13.08,84.9,0.8,14.24
3.42,13.08,84.9,0.8,14.24
3.42,13.08,84.9,0.8,14.24
3.42,13.08,84.9,0.8,14.24
3.43,13.08,84.9,0.8,14.24
3.43,13.08,84.9,0.8,14.24
3.44,13.08,84.9,0.8,14.24
3.44,13.08,84.9,0.8,14.24
3.45,13.08,84.9,0.8,14.24
3.45,13.08,84.8,0.8,14.24
3.46,13.08,84.8,0.8,14.24
3.46,13.08,84.8,0.8,14.24
3.47,13.08,84.8,0.8,14.24
3.47,13.08,84.8,0.8,14.24
3.48,13.08,84.8,0.8,14.24
3.49,13.08,84.8,0.8,14.24
3.49,13.08,84.8,0.8,14.24
3.5,13.08,84.8,0.8,14.24
3.5,13.08,84.8,0.8,14.24
3.51,13.08,84.8,0.8,14.24
3.51,13.08,84.8,0.8,14.24
3.52,13.08,84.8,0.8,14.24
3.52,13.08,84.8,0.8,14.24
3.53,13.08,84.8,0.8,14.24
3.53,13.08,84.8,0.8,14.24
3.54,13.08,84.8,0.8,14.24
3.54,13.08,84.8,0.8,14.24
3.55,13.08,84.8,0.8,14.24
3.55,13.08,84.8,0.8,14.24
3.56,13.08,84.8,0.8,14.24
3.56,13.08,84.8,0.8,14.24
3.57,13.08,84.8,0.8,14.24
3.57,13.08,84.8,0.8,14.24
3.58,13.08,84.7,0.8,14.24
3.58,13.08,84.7,0.8,14.24
3.59,13.08,84.7,0.8,14.24
3.59,13.08,84.7,0.8,14.24
3.6,13.08,84.7,0.8,14.24
3.6,13.08,84.7,0.8,14.24
3.61,13.08,84.7,0.8,14.24
3.61,13.08,84.7,0.8,14.24
3.62,13.08,84.7,0.8,14.24
3.62,13.08,84.7,0.8,14.24
3.63,13.08,84.7,0.8,14.24
3.63,13.08,84.7,0.8,14.24
3.64,13.08,84.7,0.8,14.23
3.64,13.08,84.7,0.8,14.23
3.65,13.08,84.7,0.8,14.23
3.65,13.08,84.7,0.8,14.23
3.66,13.08,84.7,0.8,14.23
3.66,13.08,84.7,0.8,14.23
3.67,13.08,84.7,0.8,14.23
3.67,13.08,84.7,0.8,14.23
3.68,13.08,84.7,0.8,14.23
3.68,13.08,84.7,0.8,14.23
3.69,13.08,84.7,0.8,14.23
3.69,13.08,84.7,0.8,14.23
3.7,13.08,84.6,0.8,14.23
3.7,13.08,84.6,0.8,14.23
3.71,13.08,84.6,0.8,14.23
3.71,13.08,84.6,0.8,14.23
3.72,13.08,84.6,0.8,14.23
3.72,13.08,84.6,0.8,14.23
3.73,13.08,84.6,0.8,14.23
3.73,13.08,84.6,0.8,14.23
3.74,13.08,84.6,0.8,14.23
3.74,13.08,84.6,0.8,14.23
3.75,13.08,84.6,0.8,14.23
3.75,13.08,84.6,0.8,14.23
3.76,13.08,84.6,0.8,14.23
3.76,13.08,84.6,0.8,14.23
3.77,13.08,84.6,0.8,14.23
3.77,13.08,84.6,0.8,14.23
3.78,13.08,84.6,0.8,14.23
3.78,13.08,84.6,0.8,14.23
3.79,13.08,84.6,0.8,14.23
3.79,13.08,84.6,0.8,14.23
3.8,13.08,84.6,0.8,14.23
3.8,13.08,84.6,0.8,14.23
3.81,13.08,84.6,0.8,14.23
3.81,13.08,84.6,0.8,14.23
3.82,13.08,84.5,0.8,14.23
3.82,13.08,84.5,0.8,14.23
3.82,13.08,84.5,0.8,14.23
3.83,13.08,84.5,0.8,14.23
3.83,13.08,84.5,0.8,14.23
3.84,13.08,84.5,0.8,14.23
3.84,13.08,84.5,0.8,14.23
3.85,13.08,84.5,0.8,14.23
3.85,13.08,84.5,0.8,14.23
3.86,13.08,84.5,0.8,14.23
3.86,13.08,84.5,0.8,14.23
3.87,13.08,84.5,0.8,14.23
3.87,13.08,84.5,0.8,14.22
3.88,13.08,84.5,0.8,14.22
3.88,13.08,84.5,0.8,14.22
3.89,13.08,84.5,0.8,14.22
3.89,13.08,84.5,0.8,14.22
3.9,13.08,84.5,0.8,14.22
3.9,13.08,84.5,0.8,14.22
3.91,13.08,84.5,0.8,14.22
3.91,13.08,84.5,0.8,14.22
3.92,13.08,84.5,0.8,14.22
3.92,13.08,84.5,0.8,14.22
3.93,13.08,84.5,0.8,14.22
3.93,13.08,84.4,0.8,14.22
3.94,13.08,84.4,0.8,14.22
3.94,13.08,84.4,0.8,14.22
3.95,13.08,84.4,0.8,14.22
3.95,13.08,84.4,0.8,14.22
3.96,13.08,84.4,0.8,14.22
3.96,13.08,84.4,0.8,14.22
3.97,13.08,84.4,0.8,14.22
3.97,13.08,84.4,0.8,14.22
3.98,13.08,84.4,0.8,14.22
3.98,13.08,84.4,0.8,14.22
3.99,13.08,84.4,0.8,14.22
3.99,13.08,84.4,0.8,14.22
4.0,13.08,84.4,0.8,14.22
4.0,13.08,84.4,0.8,14.22
4.01,13.08,84.4,0.8,14.22
4.01,13.08,84.4,0.8,14.22
4.02,13.08,84.4,0.8,14.22
4.02,13.08,84.4,0.8,14.22
4.03,13.08,84.4,0.8,14.22
4.03,13.08,84.4,0.8,14.22
4.04,13.08,84.4,0.8,14.22
4.04,13.08,84.4,0.8,14.22
4.05,13.08,84.4,0.8,14.22
4.05,13.08,84.3,0.8,14.22
4.06,13.08,84.3,0.8,14.22
4.06,13.08,84.3,0.8,14.22
4.07,13.08,84.3,0.8,14.22
4.07,13.08,84.3,0.8,14.22
4.08,13.08,84.3,0.8,14.22
4.08,13.08,84.3,0.8,14.22
4.09,13.08,84.3,0.8,14.22
4.09,13.08,84.3,0.8,14.22
4.1,13.08,84.3,0.8,14.22
4.1,13.08,84.3,0.8,14.22
4.11,13.08,84.3,0.8,14.22
4.11,13.08,84.3,0.8,14.21
4.12,13.08,84.3,0.8,14.21
4.12,13.08,84.3,0.8,14.21
4.13,13.08,84.3,0.8,14.21
4.13,13.08,84.3,0.8,14.21
4.14,13.07,84.3,0.8,14.21
4.14,13.07,84.3,0.8,14.21
4.15,13.07,84.3,0.8,14.21
4.15,13.07,84.3,0.8,14.21
4.16,13.07,84.3,0.8,14.21
4.17,13.07,84.3,0.8,14.21
4.17,13.07,84.3,0.8,14.21
4.18,13.07,84.2,0.8,14.21
4.18,13.07,84.2,0.8,14.21
4.19,13.07,84.2,0.8,14.21
4.19,13.07,84.2,0.8,14.21
4.2,13.07,84.2,0.8,14.21
4.2,13.07,84.2,0.8,14.21
4.21,13.07,84.2,0.8,14.21
4.21,13.07,84.2,0.8,14.21
4.22,13.07,84.2,0.8,14.21
4.22,13.07,84.2,0.8,14.21
4.23,13.07,84.2,0.8,14.21
4.23,13.07,84.2,0.8,14.21
4.24,13.07,84.2,0.8,14.21
4.24,13.07,84.2,0.8,14.21
4.25,13.07,84.2,0.8,14.21
4.25,13.07,84.2,0.8,14.21
4.26,13.07,84.2,0.8,14.21
4.26,13.07,84.2,0.8,14.21
4.27,13.07,84.2,0.8,14.21
4.27,13.07,84.2,0.8,14.21
4.28,13.07,84.2,0.8,14.21
4.28,13.07,84.2,0.8,14.21
4.29,13.07,84.2,0.8,14.21
4.29,13.07,84.2,0.8,14.21
4.3,13.07,84.1,0.8,14.21
4.3,13.07,84.1,0.8,14.21
4.31,13.07,84.1,0.8,14.21
4.31,13.07,84.1,0.8,14.21
4.32,13.07,84.1,0.8,14.21
4.32,13.07,84.1,0.8,14.21
4.33,13.07,84.1,0.8,14.21
4.33,13.07,84.1,0.8,14.21
4.34,13.07,84.1,0.8,14.21
4.34,13.07,84.1,0.8,14.21
4.34,13.07,84.1,0.8,14.21
4.35,13.07,84.1,0.8,14.21
4.36,13.07,84.1,0.8,14.2
4.36,13.07,84.1,0.8,14.2
4.36,13.07,84.1,0.8,14.2
4.37,13.07,84.1,0.8,14.2
4.37,13.07,84.1,0.8,14.2
4.38,13.07,84.1,0.8,14.2
4.38,13.07,84.1,0.8,14.2
4.39,13.07,84.1,0.8,14.2
4.39,13.07,84.1,0.8,14.2
4.4,13.07,84.1,0.8,14.2
4.4,13.07,84.1,0.8,14.2
4.41,13.07,84.1,0.8,14.2
4.41,13.07,84.0,0.8,14.2
4.42,13.07,84.0,0.8,14.2
4.42,13.07,84.0,0.8,14.2
4.43,13.07,84.0,0.8,14.2
4.43,13.07,84.0,0.8,14.2
4.44,13.07,84.0,0.8,14.2
4.44,13.07,84.0,0.8,14.2
4.45,13.07,84.0,0.8,14.2
4.45,13.07,84.0,0.8,14.2
4.46,13.07,84.0,0.8,14.2
4.46,13.07,84.0,0.8,14.2
4.47,13.07,84.0,0.8,14.2
4.47,13.07,84.0,0.8,14.2
4.48,13.07,84.0,0.8,14.2
4.48,13.07,84.0,0.8,14.2
4.49,13.07,84.0,0.8,14.2
4.49,13.07,84.0,0.8,14.2
4.5,13.07,84.0,0.8,14.2
4.5,13.07,84.0,0.8,14.2
4.51,13.07,84.0,0.8,14.2
4.51,13.07,84.0,0.8,14.2
4.52,13.07,84.0,0.8,14.2
4.52,13.07,84.0,0.8,14.2
4.53,13.07,84.0,0.8,14.2
4.53,13.07,83.9,0.8,14.2
4.54,13.07,83.9,0.8,14.2
4.54,13.07,83.9,0.8,14.2
4.55,13.07,83.9,0.8,14.2
4.55,13.07,83.9,0.8,14.2
4.56,13.07,83.9,0.8,14.2
4.56,13.07,83.9,0.8,14.2
4.57,13.07,83.9,0.8,14.2
4.57,13.07,83.9,0.8,14.2
4.58,13.07,83.9,0.8,14.2
4.58,13.07,83.9,0.8,14.2
4.59,13.07,83.9,0.8,14.2
4.59,13.07,83.9,0.8,14.19
4.6,13.07,83.9,0.8,14.19
4.6,13.07,83.9,0.8,14.19
4.61,13.07,83.9,0.8,14.19
4.61,13.07,83.9,0.8,14.19
4.62,13.07,83.9,0.8,14.19
4.62,13.07,83.9,0.8,14.19
4.63,13.07,83.9,0.8,14.19
4.63,13.07,83.9,0.8,14.19
4.64,13.07,83.9,0.8,14.19
4.65,13.07,83.9,0.8,14.19
4.65,13.07,83.9,0.8,14.19
4.66,13.07,83.8,0.8,14.19
4.66,13.07,83.8,0.8,14.19
4.67,13.07,83.8,0.8,14.19
4.68,13.07,83.8,0.8,14.19
4.68,13.07,83.8,0.8,14.19
4.69,13.07,83.8,0.8,14.19
4.69,13.07,83.8,0.8,14.19
4.7,13.07,83.8,0.8,14.19
4.7,13.07,83.8,0.8,14.19
4.71,13.07,83.8,0.8,14.19
4.71,13.07,83.8,0.8,14.19
4.72,13.07,83.8,0.8,14.19
4.72,13.07,83.8,0.8,14.19
4.73,13.07,83.8,0.8,14.19
4.73,13.07,83.8,0.8,14.19
4.73,13.07,83.8,0.8,14.19
4.74,13.07,83.8,0.8,14.19
4.74,13.07,83.8,0.8,14.19
4.75,13.07,83.8,0.8,14.19
4.76,13.07,83.8,0.8,14.19
4.76,13.07,83.8,0.8,14.19
4.77,13.07,83.8,0.8,14.19
4.77,13.07,83.8,0.8,14.19
4.78,13.07,83.8,0.8,14.19
4.78,13.07,83.7,0.8,14.19
4.79,13.07,83.7,0.8,14.19
4.79,13.07,83.7,0.8,14.19
4.8,13.07,83.7,0.8,14.19
4.8,13.07,83.7,0.8,14.19
4.81,13.07,83.7,0.8,14.19
4.81,13.07,83.7,0.8,14.19
4.82,13.07,83.7,0.8,14.19
4.82,13.07,83.7,0.8,14.19
4.83,13.07,83.7,0.8,14.19
4.83,13.07,83.7,0.8,14.19
4.84,13.07,83.7,0.8,14.19
4.84,13.07,83.7,0.8,14.18
4.85,13.07,83.7,0.8,14.18
4.85,13.07,83.7,0.8,14.18
4.86,13.07,83.7,0.8,14.18
4.86,13.07,83.7,0.8,14.18
4.87,13.07,83.7,0.8,14.18
4.87,13.07,83.7,0.8,14.18
4.88,13.07,83.7,0.8,14.18
4.88,13.07,83.7,0.8,14.18
4.89,13.07,83.7,0.8,14.18
4.89,13.07,83.7,0.8,14.18
4.9,13.07,83.7,0.8,14.18
4.9,13.07,83.6,0.8,14.18
4.91,13.07,83.6,0.8,14.18
4.91,13.07,83.6,0.8,14.18
4.92,13.07,83.6,0.8,14.18
4.92,13.07,83.6,0.8,14.18
4.93,13.07,83.6,0.8,14.18
4.94,13.07,83.6,0.8,14.18
4.94,13.07,83.6,0.8,14.18
4.94,13.07,83.6,0.8,14.18
4.95,13.07,83.6,0.8,14.18
4.95,13.07,83.6,0.8,14.18
4.96,13.07,83.6,0.8,14.18
4.97,13.07,83.6,0.8,14.18
4.97,13.07,83.6,0.8,14.18
4.98,13.07,83.6,0.8,14.18
4.98,13.07,83.6,0.8,14.18
4.99,13.07,83.6,0.8,14.18
4.99,13.07,83.6,0.8,14.18
5.0,13.07,83.6,0.8,14.18
5.0,13.07,83.6,0.8,14.18
5.01,13.07,83.6,0.8,14.18
5.01,13.07,83.6,0.8,14.18
5.02,13.07,83.6,0.8,14.18
5.02,13.07,83.6,0.8,14.18
5.03,13.07,83.5,0.8,14.18
5.03,13.07,83.5,0.8,14.18
5.04,13.07,83.5,0.8,14.18
5.04,13.07,83.5,0.8,14.18
5.05,13.07,83.5,0.8,14.18
5.05,13.07,83.5,0.8,14.18
5.06,13.07,83.5,0.8,14.18
5.06,13.07,83.5,0.8,14.18
5.07,13.07,83.5,0.8,14.18
5.07,13.07,83.5,0.8,14.18
5.08,13.07,83.5,0.8,14.18
5.08,13.07,83.5,0.8,14.18
5.09,13.07,83.5,0.8,14.17
5.09,13.07,83.5,0.8,14.17
5.1,13.07,83.5,0.8,14.17
5.1,13.07,83.5,0.8,14.17
5.11,13.07,83.5,0.8,14.17
5.11,13.07,83.5,0.8,14.17
5.12,13.07,83.5,0.8,14.17
5.12,13.07,83.5,0.8,14.17
5.13,13.07,83.5,0.8,14.17
5.13,13.07,83.5,0.8,14.17
5.14,13.07,83.5,0.8,14.17
5.14,13.07,83.5,0.8,14.17
5.15,13.07,83.4,0.8,14.17
5.15,13.07,83.4,0.8,14.17
5.16,13.07,83.4,0.8,14.17
5.16,13.07,83.4,0.8,14.17
5.17,13.07,83.4,0.8,14.17
5.17,13.07,83.4,0.8,14.17
5.18,13.07,83.4,0.8,14.17
5.18,13.07,83.4,0.8,14.17
5.19,13.07,83.4,0.8,14.17
5.19,13.07,83.4,0.8,14.17
5.2,13.07,83.4,0.8,14.17
5.2,13.07,83.4,0.8,14.17
5.21,13.07,83.4,0.8,14.17
5.21,13.07,83.4,0.8,14.17
5.22,13.07,83.4,0.8,14.17
5.22,13.07,83.4,0.8,14.17
5.22,13.07,83.4,0.8,14.17
5.23,13.07,83.4,0.8,14.17
5.23,13.07,83.4,0.8,14.17
5.24,13.07,83.4,0.8,14.17
5.24,13.07,83.4,0.8,14.17
5.25,13.07,83.4,0.8,14.17
5.25,13.07,83.4,0.8,14.17
5.26,13.07,83.4,0.8,14.17
5.26,13.07,83.3,0.8,14.17
5.27,13.07,83.3,0.8,14.17
5.28,13.07,83.3,0.8,14.17
5.28,13.07,83.3,0.8,14.17
5.29,13.07,83.3,0.8,14.17
5.29,13.07,83.3,0.8,14.17
5.3,13.07,83.3,0.8,14.17
5.3,13.07,83.3,0.8,14.17
5.31,13.07,83.3,0.8,14.17
5.31,13.07,83.3,0.8,14.17
5.32,13.07,83.3,0.8,14.17
5.32,13.07,83.3,0.8,14.17
5.33,13.07,83.3,0.8,14.16
5.33,13.07,83.3,0.8,14.16
5.34,13.07,83.3,0.8,14.16
5.34,13.07,83.3,0.8,14.16
5.35,13.07,83.3,0.8,14.16
5.35,13.07,83.3,0.8,14.16
5.36,13.07,83.3,0.8,14.16
5.36,13.07,83.3,0.8,14.16
5.37,13.07,83.3,0.8,14.16
5.37,13.07,83.3,0.8,14.16
5.38,13.07,83.3,0.8,14.16
5.38,13.07,83.3,0.8,14.16
5.39,13.07,83.2,0.8,14.16
5.39,13.07,83.2,0.8,14.16
5.4,13.07,83.2,0.8,14.16
5.4,13.07,83.2,0.8,14.16
5.41,13.07,83.2,0.8,14.16
5.41,13.07,83.2,0.8,14.16
5.42,13.07,83.2,0.8,14.16
5.42,13.07,83.2,0.8,14.16
5.43,13.07,83.2,0.8,14.16
5.43,13.07,83.2,0.8,14.16
5.44,13.07,83.2,0.8,14.16
5.44,13.07,83.2,0.8,14.16
5.45,13.07,83.2,0.8,14.16
5.45,13.07,83.2,0.8,14.16
5.46,13.07,83.2,0.8,14.16
5.47,13.07,83.2,0.8,14.16
5.47,13.07,83.2,0.8,14.16
5.47,13.07,83.2,0.8,14.16
5.48,13.07,83.2,0.8,14.16
5.48,13.07,83.2,0.8,14.16
5.49,13.07,83.2,0.8,14.16
5.49,13.07,83.2,0.8,14.16
5.5,13.07,83.2,0.8,14.16
5.5,13.07,83.2,0.8,14.16
5.51,13.07,83.1,0.8,14.16
5.51,13.07,83.1,0.8,14.16
5.52,13.07,83.1,0.8,14.16
5.52,13.07,83.1,0.8,14.16
5.53,13.07,83.1,0.8,14.16
5.53,13.07,83.1,0.8,14.16
5.54,13.07,83.1,0.8,14.16
5.54,13.07,83.1,0.8,14.16
5.55,13.07,83.1,0.8,14.16
5.55,13.07,83.1,0.8,14.16
5.56,13.07,83.1,0.8,14.16
5.56,13.07,83.1,0.8,14.16
5.57,13.07,83.1,0.8,14.15
5.57,13.07,83.1,0.8,14.15
5.58,13.07,83.1,0.8,14.15
5.58,13.07,83.1,0.8,14.15
5.59,13.07,83.1,0.8,14.15
5.59,13.07,83.1,0.8,14.15
5.6,13.07,83.1,0.8,14.15
5.6,13.07,83.1,0.8,14.15
5.61,13.07,83.1,0.8,14.15
5.61,13.07,83.1,0.8,14.15
5.62,13.07,83.1,0.8,14.15
5.62,13.07,83.1,0.8,14.15
5.63,13.07,83.0,0.8,14.15
5.63,13.07,83.0,0.8,14.15
5.64,13.07,83.0,0.8,14.15
5.64,13.07,83.0,0.8,14.15
5.64,13.07,83.0,0.8,14.15
5.65,13.07,83.0,0.8,14.15
5.65,13.07,83.0,0.8,14.15
5.66,13.07,83.0,0.8,14.15
5.66,13.07,83.0,0.8,14.15
5.67,13.07,83.0,0.8,14.15
5.67,13.07,83.0,0.8,14.15
5.68,13.07,83.0,0.8,14.15
5.68,13.07,83.0,0.8,14.15
5.69,13.07,83.0,0.8,14.15
5.69,13.07,83.0,0.8,14.15
5.7,13.07,83.0,0.8,14.15
5.7,13.07,83.0,0.8,14.15
5.71,13.07,83.0,0.8,14.15
5.71,13.07,83.0,0.8,14.15
5.72,13.07,83.0,0.8,14.15
5.72,13.07,83.0,0.8,14.15
5.73,13.07,83.0,0.8,14.15
5.73,13.07,83.0,0.8,14.15
5.74,13.07,83.0,0.8,14.15
5.74,13.07,82.9,0.8,14.15
5.75,13.07,82.9,0.8,14.15
5.75,13.07,82.9,0.8,14.15
5.76,13.07,82.9,0.8,14.15
5.76,13.07,82.9,0.8,14.15
5.77,13.07,82.9,0.8,14.15
5.77,13.07,82.9,0.8,14.15
5.78,13.07,82.9,0.8,14.15
5.79,13.07,82.9,0.8,14.15
5.79,13.07,82.9,0.8,14.15
5.8,13.07,82.9,0.8,14.15
5.8,13.07,82.9,0.8,14.15
5.81,13.07,82.9,0.8,14.14
5.81,13.07,82.9,0.8,14.14
5.82,13.07,82.9,0.8,14.14
5.82,13.07,82.9,0.8,14.14
5.83,13.07,82.9,0.8,14.14
5.83,13.07,82.9,0.8,14.14
5.84,13.07,82.9,0.8,14.14
5.84,13.07,82.9,0.8,14.14
5.85,13.07,82.9,0.8,14.14
5.85,13.07,82.9,0.8,14.14
5.86,13.07,82.9,0.8,14.14
5.86,13.07,82.9,0.8,14.14
5.87,13.07,82.8,0.8,14.14
5.87,13.07,82.8,0.8,14.14
5.88,13.07,82.8,0.8,14.14
5.88,13.07,82.8,0.8,14.14
5.89,13.07,82.8,0.8,14.14
5.89,13.07,82.8,0.8,14.14
5.9,13.07,82.8,0.8,14.14
5.9,13.07,82.8,0.8,14.14
5.91,13.07,82.8,0.8,14.14
5.91,13.07,82.8,0.8,14.14
5.92,13.07,82.8,0.8,14.14
5.92,13.07,82.8,0.8,14.14
5.93,13.07,82.8,0.8,14.14
5.93,13.07,82.8,0.8,14.14
5.94,13.07,82.8,0.8,14.14
5.94,13.07,82.8,0.8,14.14
5.95,13.07,82.8,0.8,14.14
5.95,13.07,82.8,0.8,14.14
5.96,13.07,82.8,0.8,14.14
5.96,13.07,82.8,0.8,14.14
5.97,13.07,82.8,0.8,14.14
5.97,13.07,82.8,0.8,14.14
5.98,13.07,82.8,0.8,14.14
5.98,13.07,82.8,0.8,14.14
5.99,13.07,82.7,0.8,14.14
5.99,13.07,82.7,0.8,14.14
6.0,13.07,82.7,0.8,14.14
6.0,13.07,82.7,0.8,14.14
6.01,13.07,82.7,0.8,14.14
6.01,13.07,82.7,0.8,14.14
6.02,13.07,82.7,0.8,14.14
6.02,13.07,82.7,0.8,14.14
6.03,13.07,82.7,0.8,14.14
6.04,13.07,82.7,0.8,14.14
6.04,13.07,82.7,0.8,14.14
6.04,13.07,82.7,0.8,14.14
6.05,13.07,82.7,0.8,14.13
6.05,13.07,82.7,0.8,14.13
6.06,13.07,82.7,0.8,14.13
6.06,13.07,82.7,0.8,14.13
6.07,13.07,82.7,0.8,14.13
6.07,13.07,82.7,0.8,14.13
6.08,13.07,82.7,0.8,14.13
6.08,13.07,82.7,0.8,14.13
6.09,13.07,82.7,0.8,14.13
6.09,13.07,82.7,0.8,14.13
6.1,13.07,82.7,0.8,14.13
6.1,13.07,82.7,0.8,14.13
6.11,13.07,82.6,0.8,14.13
6.11,13.07,82.6,0.8,14.13
6.12,13.07,82.6,0.8,14.13
6.12,13.07,82.6,0.8,14.13
6.13,13.07,82.6,0.8,14.13
6.13,13.07,82.6,0.8,14.13
6.14,13.07,82.6,0.8,14.13
6.14,13.07,82.6,0.8,14.13
6.14,13.07,82.6,0.8,14.13
6.15,13.07,82.6,0.8,14.13
6.15,13.07,82.6,0.8,14.13
6.16,13.07,82.6,0.8,14.13
6.16,13.07,82.6,0.8,14.13
6.17,13.07,82.6,0.8,14.13
6.17,13.07,82.6,0.8,14.13
6.18,13.07,82.6,0.8,14.13
6.18,13.07,82.6,0.8,14.13
6.19,13.07,82.6,0.8,14.13
6.2,13.07,82.6,0.8,14.13
6.2,13.07,82.6,0.8,14.13
6.21,13.07,82.6,0.8,14.13
6.22,13.07,82.6,0.8,14.13
6.22,13.07,82.6,0.8,14.13
6.23,13.07,82.6,0.8,14.13
6.23,13.07,82.5,0.8,14.13
6.24,13.07,82.5,0.8,14.13
6.24,13.07,82.5,0.8,14.13
6.25,13.07,82.5,0.8,14.13
6.25,13.07,82.5,0.8,14.13
6.26,13.07,82.5,0.8,14.13
6.26,13.07,82.5,0.8,14.13
6.27,13.07,82.5,0.8,14.13
6.27,13.07,82.5,0.8,14.13
6.28,13.07,82.5,0.8,14.13
6.28,13.07,82.5,0.8,14.13
6.29,13.07,82.5,0.8,14.13
6.29,13.07,82.5,0.8,14.12
6.3,13.07,82.5,0.8,14.12
6.3,13.07,82.5,0.8,14.12
6.31,13.07,82.5,0.8,14.12
6.31,13.07,82.5,0.8,14.12
6.32,13.07,82.5,0.8,14.12
6.32,13.07,82.5,0.8,14.12
6.33,13.07,82.5,0.8,14.12
6.33,13.07,82.5,0.8,14.12
6.33,13.07,82.5,0.8,14.12
6.34,13.07,82.5,0.8,14.12
6.34,13.07,82.5,0.8,14.12
6.35,13.07,82.4,0.8,14.12
6.35,13.07,82.4,0.8,14.12
6.36,13.07,82.4,0.8,14.12
6.36,13.07,82.4,0.8,14.12
6.37,13.07,82.4,0.8,14.12
6.37,13.07,82.4,0.8,14.12
6.38,13.07,82.4,0.8,14.12
6.38,13.07,82.4,0.8,14.12
6.39,13.07,82.4,0.8,14.12
6.39,13.07,82.4,0.8,14.12
6.4,13.07,82.4,0.8,14.12
6.4,13.07,82.4,0.8,14.12
6.41,13.07,82.4,0.8,14.12
6.41,13.07,82.4,0.8,14.12
6.42,13.07,82.4,0.8,14.12
6.42,13.07,82.4,0.8,14.12
6.43,13.07,82.4,0.8,14.12
6.44,13.07,82.4,0.8,14.12
6.44,13.07,82.4,0.8,14.12
6.45,13.07,82.4,0.8,14.12
6.45,13.07,82.4,0.8,14.12
6.45,13.07,82.4,0.8,14.12
6.46,13.07,82.4,0.8,14.12
6.46,13.07,82.4,0.8,14.12
6.47,13.07,82.3,0.8,14.12
6.47,13.07,82.3,0.8,14.12
6.48,13.07,82.3,0.8,14.12
6.49,13.07,82.3,0.8,14.12
6.49,13.07,82.3,0.8,14.12
6.5,13.07,82.3,0.8,14.12
6.5,13.07,82.3,0.8,14.12
6.51,13.07,82.3,0.8,14.12
6.51,13.07,82.3,0.8,14.12
6.52,13.07,82.3,0.8,14.12
6.52,13.07,82.3,0.8,14.12
6.53,13.07,82.3,0.8,14.12
6.53,13.07,82.3,0.8,14.11
6.54,13.07,82.3,0.8,14.11
6.54,13.07,82.3,0.8,14.11
6.55,13.07,82.3,0.8,14.11
6.55,13.07,82.3,0.8,14.11
6.56,13.07,82.3,0.8,14.11
6.56,13.07,82.3,0.8,14.11
6.57,13.07,82.3,0.8,14.11
6.57,13.07,82.3,0.8,14.11
6.58,13.07,82.3,0.8,14.11
6.58,13.07,82.3,0.8,14.11
6.59,13.07,82.3,0.8,14.11
6.59,13.07,82.2,0.8,14.11
6.6,13.07,82.2,0.8,14.11
6.6,13.07,82.2,0.8,14.11
6.61,13.07,82.2,0.8,14.11
6.61,13.07,82.2,0.8,14.11
6.62,13.07,82.2,0.8,14.11
6.62,13.07,82.2,0.8,14.11
6.63,13.07,82.2,0.8,14.11
6.63,13.07,82.2,0.8,14.11
6.64,13.07,82.2,0.8,14.11
6.64,13.07,82.2,0.8,14.11
6.64,13.07,82.2,0.8,14.11
6.65,13.07,82.2,0.8,14.11
6.65,13.07,82.2,0.8,14.11
6.66,13.07,82.2,0.8,14.11
6.66,13.07,82.2,0.8,14.11
6.67,13.07,82.2,0.8,14.11
6.67,13.07,82.2,0.8,14.11
6.68,13.07,82.2,0.8,14.11
6.68,13.07,82.2,0.8,14.11
6.69,13.07,82.2,0.8,14.11
6.69,13.07,82.2,0.8,14.11
6.7,13.07,82.2,0.8,14.11
6.71,13.07,82.2,0.8,14.11
6.71,13.07,82.1,0.8,14.11
6.72,13.07,82.1,0.8,14.11
6.73,13.07,82.1,0.8,14.11
6.73,13.07,82.1,0.8,14.11
6.74,13.07,82.1,0.8,14.11
6.74,13.07,82.1,0.8,14.11
6.75,13.07,82.1,0.8,14.11
6.75,13.07,82.1,0.8,14.11
6.76,13.07,82.1,0.8,14.11
6.76,13.07,82.1,0.8,14.11
6.77,13.07,82.1,0.8,14.11
6.77,13.07,82.1,0.8,14.11
6.78,13.07,82.1,0.8,14.1
6.78,13.07,82.1,0.8,14.1
6.79,13.07,82.1,0.8,14.1
6.79,13.07,82.1,0.8,14.1
6.8,13.07,82.1,0.8,14.1
6.8,13.07,82.1,0.8,14.1
6.81,13.07,82.1,0.8,14.1
6.81,13.07,82.1,0.8,14.1
6.82,13.07,82.1,0.8,14.1
6.82,13.07,82.1,0.8,14.1
6.83,13.07,82.1,0.8,14.1
6.83,13.07,82.1,0.8,14.1
6.84,13.07,82.0,0.8,14.1
6.84,13.07,82.0,0.8,14.1
6.85,13.07,82.0,0.8,14.1
6.86,13.07,82.0,0.8,14.1
6.86,13.07,82.0,0.8,14.1
6.87,13.07,82.0,0.8,14.1
6.87,13.07,82.0,0.8,14.1
6.88,13.07,82.0,0.8,14.1
6.88,13.07,82.0,0.8,14.1
6.89,13.07,82.0,0.8,14.1
6.89,13.07,82.0,0.8,14.1
6.9,13.07,82.0,0.8,14.1
6.9,13.07,82.0,0.8,14.1
6.91,13.07,82.0,0.8,14.1
6.91,13.07,82.0,0.8,14.1
6.92,13.07,82.0,0.8,14.1
6.92,13.07,82.0,0.8,14.1
6.93,13.07,82.0,0.8,14.1
6.93,13.07,82.0,0.8,14.1
6.94,13.07,82.0,0.8,14.1
6.95,13.07,82.0,0.8,14.1
6.95,13.07,82.0,0.8,14.1
6.96,13.07,82.0,0.8,14.1
6.96,13.07,82.0,0.8,14.1
6.96,13.07,81.9,0.8,14.1
6.97,13.07,81.9,0.8,14.1
6.98,13.07,81.9,0.8,14.1
6.98,13.07,81.9,0.8,14.1
6.99,13.07,81.9,0.8,14.1
6.99,13.07,81.9,0.8,14.1
7.0,13.07,81.9,0.8,14.1
7.0,13.07,81.9,0.8,14.1
7.01,13.07,81.9,0.8,14.1
7.01,13.07,81.9,0.8,14.1
7.02,13.07,81.9,0.8,14.1
7.02,13.07,81.9,0.8,14.1
7.03,13.07,81.9,0.8,14.09
7.04,13.07,81.9,0.8,14.09
7.04,13.07,81.9,0.8,14.09
7.05,13.07,81.9,0.8,14.09
7.05,13.07,81.9,0.8,14.09
7.06,13.07,81.9,0.8,14.09
7.06,13.07,81.9,0.8,14.09
7.07,13.07,81.9,0.8,14.09
7.07,13.07,81.9,0.8,14.09
7.08,13.07,81.9,0.8,14.09
7.08,13.07,81.9,0.8,14.09
7.09,13.07,81.9,0.8,14.09
7.09,13.07,81.8,0.8,14.09
7.1,13.07,81.8,0.8,14.09
7.1,13.07,81.8,0.8,14.09
7.11,13.07,81.8,0.8,14.09
7.12,13.07,81.8,0.8,14.09
7.12,13.07,81.8,0.8,14.09
7.13,13.07,81.8,0.8,14.09
7.13,13.07,81.8,0.8,14.09
7.14,13.07,81.8,0.8,14.09
7.14,13.07,81.8,0.8,14.09
7.15,13.07,81.8,0.8,14.09
7.15,13.07,81.8,0.8,14.09
7.16,13.07,81.8,0.8,14.09
7.16,13.07,81.8,0.8,14.09
7.17,13.07,81.8,0.8,14.09
7.17,13.07,81.8,0.8,14.09
7.18,13.07,81.8,0.8,14.09
7.18,13.07,81.8,0.8,14.09
7.19,13.07,81.8,0.8,14.09
7.19,13.07,81.8,0.8,14.09
7.2,13.07,81.8,0.8,14.09
7.2,13.07,81.8,0.8,14.09
7.21,13.07,81.8,0.8,14.09
7.21,13.07,81.8,0.8,14.09
7.22,13.07,81.7,0.8,14.09
7.22,13.07,81.7,0.8,14.09
7.23,13.07,81.7,0.8,14.09
7.23,13.07,81.7,0.8,14.09
7.24,13.07,81.7,0.8,14.09
7.24,13.07,81.7,0.8,14.09
7.25,13.07,81.7,0.8,14.09
7.25,13.07,81.7,0.8,14.09
7.26,13.07,81.7,0.8,14.09
7.26,13.07,81.7,0.8,14.09
7.27,13.07,81.7,0.8,14.09
7.27,13.07,81.7,0.8,14.09
7.28,13.07,81.7,0.8,14.08
7.28,13.07,81.7,0.8,14.08
7.29,13.07,81.7,0.8,14.08
7.29,13.07,81.7,0.8,14.08
7.3,13.07,81.7,0.8,14.08
7.31,13.07,81.7,0.8,14.08
7.31,13.07,81.7,0.8,14.08
7.32,13.07,81.7,0.8,14.08
7.32,13.07,81.7,0.8,14.08
7.32,13.07,81.7,0.8,14.08
7.33,13.07,81.7,0.8,14.08
7.33,13.07,81.7,0.8,14.08
7.34,13.07,81.6,0.8,14.08
7.34,13.07,81.6,0.8,14.08
7.35,13.07,81.6,0.8,14.08
7.35,13.07,81.6,0.8,14.08
7.36,13.07,81.6,0.8,14.08
7.36,13.07,81.6,0.8,14.08
7.37,13.07,81.6,0.8,14.08
7.37,13.07,81.6,0.8,14.08
7.38,13.07,81.6,0.8,14.08
7.38,13.07,81.6,0.8,14.08
7.39,13.07,81.6,0.8,14.08
7.39,13.07,81.6,0.8,14.08
7.4,13.07,81.6,0.8,14.08
7.4,13.07,81.6,0.8,14.08
7.41,13.07,81.6,0.8,14.08
7.41,13.07,81.6,0.8,14.08
7.42,13.07,81.6,0.8,14.08
7.42,13.07,81.6,0.8,14.08
7.43,13.07,81.6,0.8,14.08
7.43,13.07,81.6,0.8,14.08
7.44,13.07,81.6,0.8,14.08
7.44,13.07,81.6,0.8,14.08
7.45,13.07,81.6,0.8,14.08
7.45,13.07,81.6,0.8,14.08
7.46,13.07,81.5,0.8,14.08
7.46,13.07,81.5,0.8,14.08
7.47,13.07,81.5,0.8,14.08
7.47,13.07,81.5,0.8,14.08
7.48,13.07,81.5,0.8,14.08
7.48,13.07,81.5,0.8,14.08
7.49,13.07,81.5,0.8,14.08
7.49,13.07,81.5,0.8,14.08
7.5,13.07,81.5,0.8,14.08
7.5,13.07,81.5,0.8,14.08
7.51,13.07,81.5,0.8,14.08
7.51,13.07,81.5,0.8,14.08
7.52,13.07,81.5,0.8,14.07
7.52,13.07,81.5,0.8,14.07
7.53,13.07,81.5,0.8,14.07
7.53,13.07,81.5,0.8,14.07
7.54,13.07,81.5,0.8,14.07
7.54,13.07,81.5,0.8,14.07
7.55,13.07,81.5,0.8,14.07
7.55,13.07,81.5,0.8,14.07
7.56,13.07,81.5,0.8,14.07
7.56,13.07,81.5,0.8,14.07
7.56,13.07,81.5,0.8,14.07
7.57,13.07,81.5,0.8,14.07
7.57,13.07,81.4,0.8,14.07
7.58,13.07,81.4,0.8,14.07
7.58,13.07,81.4,0.8,14.07
7.59,13.07,81.4,0.8,14.07
7.6,13.07,81.4,0.8,14.07
7.6,13.07,81.4,0.8,14.07
7.61,13.07,81.4,0.8,14.07
7.61,13.07,81.4,0.8,14.07
7.61,13.07,81.4,0.8,14.07
7.62,13.07,81.4,0.8,14.07
7.63,13.07,81.4,0.8,14.07
7.63,13.07,81.4,0.8,14.07
7.64,13.07,81.4,0.8,14.07
7.64,13.07,81.4,0.8,14.07
7.65,13.07,81.4,0.8,14.07
7.65,13.07,81.4,0.8,14.07
7.66,13.07,81.4,0.8,14.07
7.66,13.07,81.4,0.8,14.07
7.67,13.07,81.4,0.8,14.07
7.67,13.07,81.4,0.8,14.07
7.68,13.07,81.4,0.8,14.07
7.68,13.07,81.4,0.8,14.07
7.69,13.07,81.4,0.8,14.07
7.69,13.07,81.4,0.8,14.07
7.69,13.07,81.3,0.8,14.07
7.7,13.07,81.3,0.8,14.07
7.7,13.07,81.3,0.8,14.07
7.71,13.07,81.3,0.8,14.07
7.71,13.07,81.3,0.8,14.07
7.73,13.07,81.3,0.8,14.07
7.73,13.07,81.3,0.8,14.07
7.74,13.07,81.3,0.8,14.07
7.74,13.07,81.3,0.8,14.07
7.75,13.07,81.3,0.8,14.07
7.75,13.07,81.3,0.8,14.07
7.76,13.07,81.3,0.8,14.07
7.76,13.07,81.3,0.8,14.06
7.76,13.07,81.3,0.8,14.06
7.77,13.07,81.3,0.8,14.06
7.78,13.07,81.3,0.8,14.06
7.78,13.07,81.3,0.8,14.06
7.79,13.07,81.3,0.8,14.06
7.79,13.07,81.3,0.8,14.06
7.79,13.07,81.3,0.8,14.06
7.8,13.07,81.3,0.8,14.06
7.8,13.07,81.3,0.8,14.06
7.81,13.07,81.3,0.8,14.06
7.81,13.07,81.3,0.8,14.06
7.82,13.07,81.2,0.8,14.06
7.82,13.07,81.2,0.8,14.06
7.83,13.07,81.2,0.8,14.06
7.84,13.07,81.2,0.8,14.06
7.84,13.07,81.2,0.8,14.06
7.85,13.07,81.2,0.8,14.06
7.85,13.07,81.2,0.8,14.06
7.86,13.07,81.2,0.8,14.06
7.86,13.07,81.2,0.8,14.06
7.87,13.07,81.2,0.8,14.06
7.87,13.07,81.2,0.8,14.06
7.88,13.07,81.2,0.8,14.06
7.88,13.07,81.2,0.8,14.06
7.89,13.07,81.2,0.8,14.06
7.89,13.07,81.2,0.8,14.06
7.9,13.07,81.2,0.8,14.06
7.9,13.07,81.2,0.8,14.06
7.91,13.07,81.2,0.8,14.06
7.91,13.07,81.2,0.8,14.06
7.92,13.07,81.2,0.8,14.06
7.92,13.07,81.2,0.8,14.06
7.93,13.07,81.2,0.8,14.06
7.93,13.07,81.2,0.8,14.06
7.94,13.07,81.2,0.8,14.06
7.94,13.07,81.1,0.8,14.06
7.95,13.07,81.1,0.8,14.06
7.95,13.07,81.1,0.8,14.06
7.96,13.07,81.1,0.8,14.06
7.96,13.07,81.1,0.8,14.06
7.97,13.07,81.1,0.8,14.06
7.97,13.07,81.1,0.8,14.06
7.98,13.07,81.1,0.8,14.06
7.98,13.07,81.1,0.8,14.06
7.99,13.07,81.1,0.8,14.06
7.99,13.07,81.1,0.8,14.06
8.0,13.07,81.1,0.8,14.06
8.0,13.07,81.1,0.8,14.05
8.01,13.07,81.1,0.8,14.05
8.01,13.07,81.1,0.8,14.05
8.02,13.07,81.1,0.8,14.05
8.02,13.07,81.1,0.8,14.05
8.03,13.07,81.1,0.8,14.05
8.03,13.07,81.1,0.8,14.05
8.04,13.07,81.1,0.8,14.05
8.04,13.07,81.1,0.8,14.05
8.05,13.07,81.1,0.8,14.05
8.05,13.07,81.1,0.8,14.05
8.06,13.07,81.1,0.8,14.05
8.06,13.07,81.0,0.8,14.05
8.07,13.07,81.0,0.8,14.05
8.07,13.07,81.0,0.8,14.05
8.08,13.07,81.0,0.8,14.05
8.08,13.07,81.0,0.8,14.05
8.09,13.07,81.0,0.8,14.05
8.09,13.07,81.0,0.8,14.05
8.1,13.07,81.0,0.8,14.05
8.1,13.07,81.0,0.8,14.05
8.11,13.07,81.0,0.8,14.05
8.11,13.07,81.0,0.8,14.05
8.12,13.07,81.0,0.8,14.05
8.12,13.07,81.0,0.8,14.05
8.13,13.07,81.0,0.8,14.05
8.13,13.07,81.0,0.8,14.05
8.14,13.07,81.0,0.8,14.05
8.14,13.07,81.0,0.8,14.05
8.15,13.07,81.0,0.8,14.05
8.15,13.07,81.0,0.8,14.05
8.16,13.07,81.0,0.8,14.05
8.16,13.07,81.0,0.8,14.05
8.17,13.07,81.0,0.8,14.05
8.17,13.07,81.0,0.8,14.05
8.18,13.07,81.0,0.8,14.05
8.18,13.07,80.9,0.8,14.05
8.19,13.07,80.9,0.8,14.05
8.19,13.07,80.9,0.8,14.05
8.2,13.07,80.9,0.8,14.05
8.2,13.07,80.9,0.8,14.05
8.21,13.07,80.9,0.8,14.05
8.21,13.07,80.9,0.8,14.05
8.22,13.07,80.9,0.8,14.05
8.22,13.07,80.9,0.8,14.05
8.23,13.07,80.9,0.8,14.05
8.23,13.07,80.9,0.8,14.05
8.24,13.07,80.9,0.8,14.05
8.24,13.07,80.9,0.8,14.04
8.25,13.07,80.9,0.8,14.04
8.25,13.07,80.9,0.8,14.04
8.26,13.07,80.9,0.8,14.04
8.26,13.07,80.9,0.8,14.04
8.27,13.07,80.9,0.8,14.04
8.27,13.07,80.9,0.8,14.04
8.28,13.07,80.9,0.8,14.04
8.28,13.07,80.9,0.8,14.04
8.29,13.07,80.9,0.8,14.04
8.29,13.07,80.9,0.8,14.04
8.3,13.07,80.9,0.8,14.04
8.3,13.07,80.8,0.8,14.04
8.31,13.07,80.8,0.8,14.04
8.31,13.07,80.8,0.8,14.04
8.32,13.07,80.8,0.8,14.04
8.32,13.07,80.8,0.8,14.04
8.33,13.07,80.8,0.8,14.04
8.33,13.07,80.8,0.8,14.04
8.34,13.07,80.8,0.8,14.04
8.34,13.07,80.8,0.8,14.04
8.35,13.07,80.8,0.8,14.04
8.35,13.07,80.8,0.8,14.04
8.36,13.07,80.8,0.8,14.04
8.36,13.07,80.8,0.8,14.04
8.37,13.07,80.8,0.8,14.04
8.37,13.07,80.8,0.8,14.04
8.37,13.07,80.8,0.8,14.04
8.38,13.07,80.8,0.8,14.04
8.38,13.07,80.8,0.8,14.04
8.39,13.07,80.8,0.8,14.04
8.39,13.07,80.8,0.8,14.04
8.4,13.07,80.8,0.8,14.04
8.4,13.07,80.8,0.8,14.04
8.41,13.07,80.8,0.8,14.04
8.41,13.07,80.8,0.8,14.04
8.42,13.07,80.7,0.8,14.04
8.42,13.07,80.7,0.8,14.04
8.43,13.07,80.7,0.8,14.04
8.43,13.07,80.7,0.8,14.04
8.44,13.07,80.7,0.8,14.04
8.44,13.07,80.7,0.8,14.04
8.45,13.07,80.7,0.8,14.04
8.45,13.07,80.7,0.8,14.04
8.46,13.07,80.7,0.8,14.04
8.46,13.07,80.7,0.8,14.04
8.47,13.07,80.7,0.8,14.04
8.47,13.07,80.7,0.8,14.04
8.48,13.07,80.7,0.8,14.03
8.48,13.07,80.7,0.8,14.03
8.49,13.07,80.7,0.8,14.03
8.49,13.07,80.7,0.8,14.03
8.5,13.07,80.7,0.8,14.03
8.5,13.07,80.7,0.8,14.03
8.51,13.07,80.7,0.8,14.03
8.51,13.07,80.7,0.8,14.03
8.52,13.07,80.7,0.8,14.03
8.52,13.07,80.7,0.8,14.03
8.53,13.07,80.7,0.8,14.03
8.53,13.07,80.7,0.8,14.03
8.54,13.07,80.6,0.8,14.03
8.54,13.07,80.6,0.8,14.03
8.55,13.07,80.6,0.8,14.03
8.56,13.07,80.6,0.8,14.03
8.56,13.07,80.6,0.8,14.03
8.57,13.07,80.6,0.8,14.03
8.57,13.07,80.6,0.8,14.03
8.58,13.07,80.6,0.8,14.03
8.58,13.07,80.6,0.8,14.03
8.59,13.07,80.6,0.8,14.03
8.59,13.07,80.6,0.8,14.03
8.6,13.07,80.6,0.8,14.03
8.6,13.07,80.6,0.8,14.03
8.61,13.07,80.6,0.8,14.03
8.61,13.07,80.6,0.8,14.03
8.62,13.07,80.6,0.8,14.03
8.62,13.07,80.6,0.8,14.03
8.63,13.07,80.6,0.8,14.03
8.63,13.07,80.6,0.8,14.03
8.64,13.07,80.6,0.8,14.03
8.65,13.07,80.6,0.8,14.03
8.65,13.07,80.6,0.8,14.03
8.66,13.07,80.6,0.8,14.03
8.66,13.07,80.6,0.8,14.03
8.67,13.07,80.5,0.8,14.03
8.67,13.07,80.5,0.8,14.03
8.68,13.07,80.5,0.8,14.03
8.68,13.07,80.5,0.8,14.03
8.69,13.07,80.5,0.8,14.03
8.69,13.07,80.5,0.8,14.03
8.7,13.07,80.5,0.8,14.03
8.7,13.07,80.5,0.8,14.03
8.71,13.07,80.5,0.8,14.03
8.71,13.07,80.5,0.8,14.03
8.72,13.07,80.5,0.8,14.03
8.72,13.07,80.5,0.8,14.03
8.73,13.07,80.5,0.8,14.02
8.73,13.07,80.5,0.8,14.02
8.74,13.07,80.5,0.8,14.02
8.74,13.07,80.5,0.8,14.02
8.75,13.07,80.5,0.8,14.02
8.75,13.07,80.5,0.8,14.02
8.75,13.07,80.5,0.8,14.02
8.76,13.07,80.5,0.8,14.02
8.76,13.07,80.5,0.8,14.02
8.77,13.07,80.5,0.8,14.02
8.78,13.07,80.5,0.8,14.02
8.78,13.07,80.5,0.8,14.02
8.79,13.07,80.4,0.8,14.02
8.79,13.07,80.4,0.8,14.02
8.8,13.07,80.4,0.8,14.02
8.8,13.07,80.4,0.8,14.02
8.81,13.07,80.4,0.8,14.02
8.81,13.07,80.4,0.8,14.02
8.82,13.07,80.4,0.8,14.02
8.82,13.07,80.4,0.8,14.02
8.83,13.07,80.4,0.8,14.02
8.83,13.07,80.4,0.8,14.02
8.84,13.07,80.4,0.8,14.02
8.84,13.07,80.4,0.8,14.02
8.85,13.07,80.4,0.8,14.02
8.86,13.07,80.4,0.8,14.02
8.86,13.07,80.4,0.8,14.02
8.86,13.07,80.4,0.8,14.02
8.87,13.07,80.4,0.8,14.02
8.88,13.07,80.4,0.8,14.02
8.88,13.07,80.4,0.8,14.02
8.89,13.07,80.4,0.8,14.02
8.89,13.07,80.4,0.8,14.02
8.9,13.07,80.4,0.8,14.02
8.9,13.07,80.4,0.8,14.02
8.91,13.07,80.4,0.8,14.02
8.91,13.07,80.3,0.8,14.02
8.92,13.07,80.3,0.8,14.02
8.92,13.07,80.3,0.8,14.02
8.93,13.07,80.3,0.8,14.02
8.93,13.07,80.3,0.8,14.02
8.94,13.07,80.3,0.8,14.02
8.94,13.07,80.3,0.8,14.02
8.95,13.07,80.3,0.8,14.02
8.95,13.07,80.3,0.8,14.02
8.96,13.07,80.3,0.8,14.02
8.96,13.07,80.3,0.8,14.02
8.96,13.07,80.3,0.8,14.02
8.97,13.07,80.3,0.8,14.01
8.97,13.07,80.3,0.8,14.01
8.98,13.07,80.3,0.8,14.01
8.99,13.07,80.3,0.8,14.01
8.99,13.07,80.3,0.8,14.01
9.0,13.07,80.3,0.8,14.01
9.0,13.07,80.3,0.8,14.01
9.01,13.07,80.3,0.8,14.01
9.01,13.07,80.3,0.8,14.01
9.02,13.07,80.3,0.8,14.01
9.02,13.07,80.3,0.8,14.01
9.02,13.07,80.3,0.8,14.01
9.03,13.07,80.2,0.8,14.01
9.04,13.07,80.2,0.8,14.01
9.04,13.07,80.2,0.8,14.01
9.05,13.07,80.2,0.8,14.01
9.05,13.07,80.2,0.8,14.01
9.05,13.07,80.2,0.8,14.01
9.06,13.07,80.2,0.8,14.01
9.06,13.07,80.2,0.8,14.01
9.07,13.07,80.2,0.8,14.01
9.07,13.07,80.2,0.8,14.01
9.08,13.07,80.2,0.8,14.01
9.08,13.07,80.2,0.8,14.01
9.09,13.07,80.2,0.8,14.01
9.1,13.07,80.2,0.8,14.01
9.1,13.07,80.2,0.8,14.01
9.1,13.07,80.2,0.8,14.01
9.11,13.07,80.2,0.8,14.01
9.11,13.07,80.2,0.8,14.01
9.12,13.07,80.2,0.8,14.01
9.12,13.07,80.2,0.8,14.01
9.13,13.07,80.2,0.8,14.01
9.13,13.07,80.2,0.8,14.01
9.14,13.07,80.2,0.8,14.01
9.14,13.07,80.2,0.8,14.01
9.15,13.07,80.1,0.8,14.01
9.15,13.07,80.1,0.8,14.01
9.16,13.07,80.1,0.8,14.01
9.16,13.07,80.1,0.8,14.01
9.17,13.07,80.1,0.8,14.01
9.17,13.07,80.1,0.8,14.01
9.18,13.07,80.1,0.8,14.01
9.18,13.07,80.1,0.8,14.01
9.19,13.07,80.1,0.8,14.01
9.19,13.07,80.1,0.8,14.01
9.2,13.07,80.1,0.8,14.01
9.2,13.07,80.1,0.8,14.01
9.21,13.07,80.1,0.8,14.0
9.21,13.07,80.1,0.8,14.0
9.22,13.07,80.1,0.8,14.0
9.22,13.07,80.1,0.8,14.0
9.23,13.07,80.1,0.8,14.0
9.23,13.07,80.1,0.8,14.0
9.24,13.07,80.1,0.8,14.0
9.24,13.07,80.1,0.8,14.0
9.25,13.07,80.1,0.8,14.0
9.25,13.07,80.1,0.8,14.0
9.26,13.07,80.1,0.8,14.0
9.26,13.07,80.1,0.8,14.0
9.27,13.07,80.0,0.8,14.0
9.27,13.07,80.0,0.8,14.0
9.28,13.07,80.0,0.8,14.0
9.28,13.07,80.0,0.8,14.0
9.29,13.07,80.0,0.8,14.0
9.29,13.07,80.0,0.8,14.0
9.29,13.07,80.0,0.8,14.0
9.3,13.07,80.0,0.8,14.0
9.3,13.07,80.0,0.8,14.0
9.31,13.07,80.0,0.8,14.0
9.31,13.07,80.0,0.8,14.0
9.32,13.07,80.0,0.8,14.0
9.32,13.07,80.0,0.8,14.0
9.33,13.07,80.0,0.8,14.0
9.34,13.07,80.0,0.8,14.0
9.34,13.07,80.0,0.8,14.0
9.35,13.07,80.0,0.8,14.0
9.35,13.07,80.0,0.8,14.0
9.36,13.07,80.0,0.8,14.0
9.36,13.07,80.0,0.8,14.0
9.37,13.07,80.0,0.8,14.0
9.37,13.07,80.0,0.8,14.0
9.38,13.07,80.0,0.8,14.0
9.38,13.07,80.0,0.8,14.0
9.39,13.07,79.9,0.8,14.0
9.39,13.07,79.9,0.8,14.0
9.4,13.07,79.9,0.8,14.0
9.4,13.07,79.9,0.8,14.0
9.41,13.07,79.9,0.8,14.0
9.41,13.07,79.9,0.8,14.0
9.42,13.07,79.9,0.8,14.0
9.42,13.07,79.9,0.8,14.0
9.43,13.07,79.9,0.8,14.0
9.43,13.07,79.9,0.8,14.0
9.44,13.07,79.9,0.8,14.0
9.44,13.07,79.9,0.8,14.0
9.45,13.07,79.9,0.8,13.99
9.45,13.07,79.9,0.8,13.99
9.46,13.07,79.9,0.8,13.99
9.46,13.07,79.9,0.8,13.99
9.47,13.07,79.9,0.8,13.99
9.47,13.07,79.9,0.8,13.99
9.48,13.07,79.9,0.8,13.99
9.48,13.07,79.9,0.8,13.99
9.49,13.07,79.9,0.8,13.99
9.49,13.07,79.9,0.8,13.99
9.49,13.07,79.9,0.8,13.99
9.5,13.07,79.9,0.8,13.99
9.5,13.07,79.8,0.8,13.99
9.51,13.07,79.8,0.8,13.99
9.51,13.07,79.8,0.8,13.99
9.52,13.07,79.8,0.8,13.99
9.52,13.07,79.8,0.8,13.99
9.53,13.07,79.8,0.8,13.99
9.53,13.07,79.8,0.8,13.99
9.54,13.07,79.8,0.8,13.99
9.54,13.07,79.8,0.8,13.99
9.55,13.07,79.8,0.8,13.99
9.55,13.07,79.8,0.8,13.99
9.56,13.07,79.8,0.8,13.99
9.56,13.07,79.8,0.8,13.99
9.57,13.07,79.8,0.8,13.99
9.57,13.07,79.8,0.8,13.99
9.58,13.07,79.8,0.8,13.99
9.58,13.07,79.8,0.8,13.99
9.59,13.07,79.8,0.8,13.99
9.59,13.07,79.8,0.8,13.99
9.6,13.07,79.8,0.8,13.99
9.6,13.07,79.8,0.8,13.99
9.61,13.07,79.8,0.8,13.99
9.61,13.07,79.8,0.8,13.99
9.62,13.07,79.8,0.8,13.99
9.62,13.07,79.7,0.8,13.99
9.63,13.07,79.7,0.8,13.99
9.63,13.07,79.7,0.8,13.99
9.64,13.07,79.7,0.8,13.99
9.64,13.07,79.7,0.8,13.99
9.65,13.07,79.7,0.8,13.99
9.65,13.07,79.7,0.8,13.99
9.66,13.07,79.7,0.8,13.99
9.66,13.07,79.7,0.8,13.99
9.67,13.07,79.7,0.8,13.99
9.67,13.07,79.7,0.8,13.99
9.68,13.07,79.7,0.8,13.99
9.68,13.07,79.7,0.8,13.98
9.69,13.07,79.7,0.8,13.98
9.69,13.07,79.7,0.8,13.98
9.7,13.07,79.7,0.8,13.98
9.7,13.07,79.7,0.8,13.98
9.71,13.07,79.7,0.8,13.98
9.71,13.07,79.7,0.8,13.98
9.72,13.07,79.7,0.8,13.98
9.72,13.07,79.7,0.8,13.98
9.73,13.07,79.7,0.8,13.98
9.73,13.07,79.7,0.8,13.98
9.73,13.07,79.7,0.8,13.98
9.74,13.07,79.6,0.8,13.98
9.74,13.07,79.6,0.8,13.98
9.75,13.07,79.6,0.8,13.98
9.76,13.07,79.6,0.8,13.98
9.76,13.07,79.6,0.8,13.98
9.76,13.07,79.6,0.8,13.98
9.77,13.07,79.6,0.8,13.98
9.78,13.07,79.6,0.8,13.98
9.78,13.07,79.6,0.8,13.98
9.78,13.07,79.6,0.8,13.98
9.79,13.07,79.6,0.8,13.98
9.79,13.07,79.6,0.8,13.98
9.8,13.07,79.6,0.8,13.98
9.8,13.07,79.6,0.8,13.98
9.81,13.07,79.6,0.8,13.98
9.81,13.07,79.6,0.8,13.98
9.82,13.07,79.6,0.8,13.98
9.82,13.07,79.6,0.8,13.98
9.83,13.07,79.6,0.8,13.98
9.83,13.07,79.6,0.8,13.98
9.84,13.07,79.6,0.8,13.98
9.84,13.07,79.6,0.8,13.98
9.85,13.07,79.6,0.8,13.98
9.85,13.07,79.6,0.8,13.98
9.86,13.07,79.5,0.8,13.98
9.86,13.07,79.5,0.8,13.98
9.87,13.07,79.5,0.8,13.98
9.87,13.07,79.5,0.8,13.98
9.88,13.07,79.5,0.8,13.98
9.88,13.07,79.5,0.8,13.98
9.89,13.07,79.5,0.8,13.98
9.89,13.07,79.5,0.8,13.98
9.9,13.07,79.5,0.8,13.98
9.9,13.07,79.5,0.8,13.98
9.91,13.07,79.5,0.8,13.98
9.91,13.07,79.5,0.8,13.98
9.92,13.07,79.5,0.8,13.97
9.92,13.07,79.5,0.8,13.97
9.93,13.07,79.5,0.8,13.97
9.93,13.07,79.5,0.8,13.97
9.94,13.07,79.5,0.8,13.97
9.94,13.07,79.5,0.8,13.97
9.95,13.07,79.5,0.8,13.97
9.95,13.07,79.5,0.8,13.97
9.96,13.07,79.5,0.8,13.97
9.96,13.07,79.5,0.8,13.97
9.97,13.07,79.5,0.8,13.97
9.97,13.07,79.5,0.8,13.97
9.98,13.07,79.4,0.8,13.97
9.98,13.07,79.4,0.8,13.97
9.99,13.07,79.4,0.8,13.97
9.99,13.07,79.4,0.8,13.97
10.0,13.07,79.4,0.8,13.97
10.0,13.07,79.4,0.8,13.97
10.01,13.07,79.4,0.8,13.97
10.01,13.07,79.4,0.8,13.97
10.02,13.07,79.4,0.8,13.97
10.02,13.07,79.4,0.8,13.97
10.03,13.07,79.4,0.8,13.97
10.03,13.07,79.4,0.8,13.97
10.04,13.07,79.4,0.8,13.97
10.04,13.07,79.4,0.8,13.97
10.05,13.07,79.4,0.8,13.97
10.05,13.07,79.4,0.8,13.97
10.06,13.07,79.4,0.8,13.97
10.06,13.07,79.4,0.8,13.97
10.07,13.07,79.4,0.8,13.97
10.08,13.07,79.4,0.8,13.97
10.09,13.07,79.4,0.8,13.97
10.09,13.07,79.4,0.8,13.97
10.1,13.07,79.4,0.8,13.97
10.1,13.07,79.4,0.8,13.97
10.11,13.07,79.3,0.8,13.97
10.11,13.07,79.3,0.8,13.97
10.12,13.07,79.3,0.8,13.97
10.12,13.07,79.3,0.8,13.97
10.13,13.07,79.3,0.8,13.97
10.13,13.07,79.3,0.8,13.97
10.14,13.07,79.3,0.8,13.97
10.14,13.07,79.3,0.8,13.97
10.15,13.07,79.3,0.8,13.97
10.15,13.07,79.3,0.8,13.97
10.16,13.07,79.3,0.8,13.97
10.16,13.07,79.3,0.8,13.97
10.17,13.07,79.3,0.8,13.96
10.17,13.07,79.3,0.8,13.96
10.18,13.07,79.3,0.8,13.96
10.18,13.07,79.3,0.8,13.96
10.19,13.07,79.3,0.8,13.96
10.19,13.07,79.3,0.8,13.96
10.2,13.07,79.3,0.8,13.96
10.2,13.07,79.3,0.8,13.96
10.21,13.07,79.3,0.8,13.96
10.21,13.07,79.3,0.8,13.96
10.22,13.07,79.3,0.8,13.96
10.22,13.07,79.3,0.8,13.96
10.23,13.07,79.2,0.8,13.96
10.23,13.07,79.2,0.8,13.96
10.24,13.07,79.2,0.8,13.96
10.24,13.07,79.2,0.8,13.96
10.25,13.07,79.2,0.8,13.96
10.25,13.07,79.2,0.8,13.96
10.26,13.07,79.2,0.8,13.96
10.26,13.07,79.2,0.8,13.96
10.27,13.07,79.2,0.8,13.96
10.27,13.07,79.2,0.8,13.96
10.28,13.07,79.2,0.8,13.96
10.28,13.07,79.2,0.8,13.96
10.29,13.07,79.2,0.8,13.96
10.29,13.07,79.2,0.8,13.96
10.3,13.07,79.2,0.8,13.96
10.3,13.07,79.2,0.8,13.96
10.3,13.07,79.2,0.8,13.96
10.31,13.07,79.2,0.8,13.96
10.31,13.07,79.2,0.8,13.96
10.32,13.07,79.2,0.8,13.96
10.32,13.07,79.2,0.8,13.96
10.33,13.07,79.2,0.8,13.96
10.33,13.07,79.2,0.8,13.96
10.34,13.07,79.2,0.8,13.96
10.34,13.07,79.1,0.8,13.96
10.35,13.07,79.1,0.8,13.96
10.35,13.07,79.1,0.8,13.96
10.36,13.07,79.1,0.8,13.96
10.36,13.07,79.1,0.8,13.96
10.37,13.07,79.1,0.8,13.96
10.37,13.07,79.1,0.8,13.96
10.38,13.07,79.1,0.8,13.96
10.38,13.07,79.1,0.8,13.96
10.39,13.07,79.1,0.8,13.96
10.39,13.07,79.1,0.8,13.96
10.4,13.07,79.1,0.8,13.96
10.4,13.07,79.1,0.8,13.95
10.41,13.07,79.1,0.8,13.95
10.41,13.07,79.1,0.8,13.95
10.42,13.07,79.1,0.8,13.95
10.42,13.07,79.1,0.8,13.95
10.43,13.07,79.1,0.8,13.95
10.43,13.07,79.1,0.8,13.95
10.44,13.07,79.1,0.8,13.95
10.44,13.07,79.1,0.8,13.95
10.45,13.07,79.1,0.8,13.95
10.45,13.07,79.1,0.8,13.95
10.46,13.07,79.1,0.8,13.95
10.46,13.07,79.0,0.8,13.95
10.47,13.07,79.0,0.8,13.95
10.47,13.07,79.0,0.8,13.95
10.48,13.07,79.0,0.8,13.95
10.48,13.07,79.0,0.8,13.95
10.49,13.07,79.0,0.8,13.95
10.49,13.07,79.0,0.8,13.95
10.5,13.07,79.0,0.8,13.95
10.5,13.07,79.0,0.8,13.95
10.51,13.07,79.0,0.8,13.95
10.51,13.07,79.0,0.8,13.95
10.52,13.07,79.0,0.8,13.95
10.52,13.07,79.0,0.8,13.95
10.53,13.07,79.0,0.8,13.95
10.53,13.07,79.0,0.8,13.95
10.54,13.07,79.0,0.8,13.95
10.54,13.07,79.0,0.8,13.95
10.55,13.07,79.0,0.8,13.95
10.55,13.07,79.0,0.8,13.95
10.55,13.07,79.0,0.8,13.95
10.56,13.07,79.0,0.8,13.95
10.56,13.07,79.0,0.8,13.95
10.57,13.07,79.0,0.8,13.95
10.57,13.07,79.0,0.8,13.95
10.58,13.07,78.9,0.8,13.95
10.58,13.07,78.9,0.8,13.95
10.59,13.07,78.9,0.8,13.95
10.59,13.07,78.9,0.8,13.95
10.6,13.07,78.9,0.8,13.95
10.6,13.07,78.9,0.8,13.95
10.61,13.07,78.9,0.8,13.95
10.61,13.07,78.9,0.8,13.95
10.62,13.07,78.9,0.8,13.95
10.63,13.07,78.9,0.8,13.95
10.63,13.07,78.9,0.8,13.95
10.63,13.07,78.9,0.8,13.95
10.64,13.07,78.9,0.8,13.94
10.64,13.07,78.9,0.8,13.94
10.65,13.07,78.9,0.8,13.94
10.65,13.07,78.9,0.8,13.94
10.66,13.07,78.9,0.8,13.94
10.66,13.07,78.9,0.8,13.94
10.67,13.07,78.9,0.8,13.94
10.68,13.07,78.9,0.8,13.94
10.68,13.07,78.9,0.8,13.94
10.69,13.07,78.9,0.8,13.94
10.69,13.07,78.9,0.8,13.94
10.7,13.07,78.9,0.8,13.94
10.7,13.07,78.8,0.8,13.94
10.71,13.07,78.8,0.8,13.94
10.71,13.07,78.8,0.8,13.94
10.72,13.07,78.8,0.8,13.94
10.72,13.07,78.8,0.8,13.94
10.73,13.07,78.8,0.8,13.94
10.73,13.07,78.8,0.8,13.94
10.74,13.07,78.8,0.8,13.94
10.74,13.07,78.8,0.8,13.94
10.75,13.07,78.8,0.8,13.94
10.75,13.07,78.8,0.8,13.94
10.76,13.07,78.8,0.8,13.94
10.76,13.07,78.8,0.8,13.94
10.77,13.07,78.8,0.8,13.94
10.77,13.07,78.8,0.8,13.94
10.78,13.07,78.8,0.8,13.94
10.79,13.07,78.8,0.8,13.94
10.79,13.07,78.8,0.8,13.94
10.8,13.07,78.8,0.8,13.94
10.8,13.07,78.8,0.8,13.94
10.81,13.07,78.8,0.8,13.94
10.81,13.07,78.8,0.8,13.94
10.82,13.07,78.8,0.8,13.94
10.82,13.07,78.8,0.8,13.94
10.82,13.07,78.7,0.8,13.94
10.83,13.07,78.7,0.8,13.94
10.84,13.07,78.7,0.8,13.94
10.84,13.07,78.7,0.8,13.94
10.84,13.07,78.7,0.8,13.94
10.85,13.07,78.7,0.8,13.94
10.86,13.07,78.7,0.8,13.94
10.86,13.07,78.7,0.8,13.94
10.87,13.07,78.7,0.8,13.94
10.87,13.07,78.7,0.8,13.94
10.88,13.07,78.7,0.8,13.94
10.88,13.07,78.7,0.8,13.94
10.89,13.07,78.7,0.8,13.93
10.89,13.07,78.7,0.8,13.93
10.9,13.07,78.7,0.8,13.93
10.9,13.07,78.7,0.8,13.93
10.91,13.07,78.7,0.8,13.93
10.91,13.07,78.7,0.8,13.93
10.92,13.07,78.7,0.8,13.93
10.92,13.07,78.7,0.8,13.93
10.93,13.07,78.7,0.8,13.93
10.93,13.07,78.7,0.8,13.93
10.94,13.07,78.7,0.8,13.93
10.94,13.07,78.7,0.8,13.93
10.95,13.07,78.6,0.8,13.93
10.95,13.07,78.6,0.8,13.93
10.96,13.07,78.6,0.8,13.93
10.96,13.07,78.6,0.8,13.93
10.96,13.07,78.6,0.8,13.93
10.97,13.07,78.6,0.8,13.93
10.97,13.07,78.6,0.8,13.93
10.98,13.07,78.6,0.8,13.93
10.99,13.07,78.6,0.8,13.93
10.99,13.07,78.6,0.8,13.93
11.0,13.07,78.6,0.8,13.93
11.0,13.07,78.6,0.8,13.93
11.01,13.07,78.6,0.8,13.93
11.01,13.07,78.6,0.8,13.93
11.02,13.07,78.6,0.8,13.93
11.02,13.07,78.6,0.8,13.93
11.03,13.07,78.6,0.8,13.93
11.03,13.07,78.6,0.8,13.93
11.04,13.07,78.6,0.8,13.93
11.04,13.07,78.6,0.8,13.93
11.05,13.07,78.6,0.8,13.93
11.05,13.07,78.6,0.8,13.93
11.06,13.07,78.6,0.8,13.93
11.06,13.07,78.6,0.8,13.93
11.07,13.07,78.5,0.8,13.93
11.07,13.07,78.5,0.8,13.93
11.08,13.07,78.5,0.8,13.93
11.08,13.07,78.5,0.8,13.93
11.09,13.07,78.5,0.8,13.93
11.09,13.07,78.5,0.8,13.93
11.1,13.07,78.5,0.8,13.93
11.1,13.07,78.5,0.8,13.93
11.11,13.07,78.5,0.8,13.93
11.11,13.07,78.5,0.8,13.93
11.12,13.07,78.5,0.8,13.93
11.12,13.07,78.5,0.8,13.93
11.13,13.07,78.5,0.8,13.92
11.13,13.07,78.5,0.8,13.92
11.14,13.07,78.5,0.8,13.92
11.14,13.07,78.5,0.8,13.92
11.15,13.07,78.5,0.8,13.92
11.15,13.07,78.5,0.8,13.92
11.16,13.07,78.5,0.8,13.92
11.16,13.07,78.5,0.8,13.92
11.17,13.07,78.5,0.8,13.92
11.18,13.07,78.5,0.8,13.92
11.18,13.07,78.5,0.8,13.92
11.19,13.07,78.5,0.8,13.92
11.19,13.07,78.4,0.8,13.92
11.2,13.07,78.4,0.8,13.92
11.2,13.07,78.4,0.8,13.92
11.21,13.07,78.4,0.8,13.92
11.21,13.07,78.4,0.8,13.92
11.22,13.07,78.4,0.8,13.92
11.22,13.07,78.4,0.8,13.92
11.23,13.07,78.4,0.8,13.92
11.23,13.07,78.4,0.8,13.92
11.24,13.07,78.4,0.8,13.92
11.24,13.07,78.4,0.8,13.92
11.25,13.07,78.4,0.8,13.92
11.25,13.07,78.4,0.8,13.92
11.26,13.07,78.4,0.8,13.92
11.26,13.07,78.4,0.8,13.92
11.27,13.07,78.4,0.8,13.92
11.27,13.07,78.4,0.8,13.92
11.27,13.07,78.4,0.8,13.92
11.28,13.07,78.4,0.8,13.92
11.28,13.07,78.4,0.8,13.92
11.29,13.07,78.4,0.8,13.92
11.29,13.07,78.4,0.8,13.92
11.3,13.07,78.4,0.8,13.92
11.31,13.07,78.4,0.8,13.92
11.31,13.07,78.3,0.8,13.92
11.32,13.07,78.3,0.8,13.92
11.33,13.07,78.3,0.8,13.92
11.33,13.07,78.3,0.8,13.92
11.33,13.07,78.3,0.8,13.92
11.34,13.07,78.3,0.8,13.92
11.34,13.07,78.3,0.8,13.92
11.35,13.07,78.3,0.8,13.92
11.36,13.07,78.3,0.8,13.92
11.36,13.07,78.3,0.8,13.92
11.37,13.07,78.3,0.8,13.92
11.37,13.07,78.3,0.8,13.92
11.37,13.07,78.3,0.8,13.91
11.38,13.07,78.3,0.8,13.91
11.38,13.07,78.3,0.8,13.91
11.39,13.07,78.3,0.8,13.91
11.39,13.07,78.3,0.8,13.91
11.4,13.07,78.3,0.8,13.91
11.4,13.07,78.3,0.8,13.91
11.41,13.07,78.3,0.8,13.91
11.41,13.07,78.3,0.8,13.91
11.42,13.07,78.3,0.8,13.91
11.42,13.07,78.3,0.8,13.91
11.43,13.07,78.3,0.8,13.91
11.43,13.07,78.2,0.8,13.91
11.44,13.07,78.2,0.8,13.91
11.44,13.07,78.2,0.8,13.91
11.45,13.07,78.2,0.8,13.91
11.45,13.07,78.2,0.8,13.91
11.46,13.07,78.2,0.8,13.91
11.46,13.07,78.2,0.8,13.91
11.47,13.07,78.2,0.8,13.91
11.47,13.07,78.2,0.8,13.91
11.48,13.07,78.2,0.8,13.91
11.48,13.07,78.2,0.8,13.91
11.49,13.07,78.2,0.8,13.91
11.49,13.07,78.2,0.8,13.91
11.5,13.07,78.2,0.8,13.91
11.5,13.07,78.2,0.8,13.91
11.51,13.07,78.2,0.8,13.91
11.51,13.07,78.2,0.8,13.91
11.52,13.07,78.2,0.8,13.91
11.52,13.07,78.2,0.8,13.91
11.53,13.07,78.2,0.8,13.91
11.53,13.07,78.2,0.8,13.91
11.54,13.07,78.2,0.8,13.91
11.54,13.07,78.2,0.8,13.91
11.55,13.07,78.2,0.8,13.91
11.55,13.07,78.1,0.8,13.91
11.56,13.07,78.1,0.8,13.91
11.56,13.07,78.1,0.8,13.91
11.57,13.07,78.1,0.8,13.91
11.58,13.07,78.1,0.8,13.91
11.58,13.07,78.1,0.8,13.91
11.59,13.07,78.1,0.8,13.91
11.59,13.07,78.1,0.8,13.91
11.6,13.07,78.1,0.8,13.91
11.6,13.07,78.1,0.8,13.91
11.61,13.07,78.1,0.8,13.91
11.61,13.07,78.1,0.8,13.91
11.62,13.07,78.1,0.8,13.9
11.62,13.07,78.1,0.8,13.9
11.63,13.07,78.1,0.8,13.9
11.63,13.07,78.1,0.8,13.9
11.64,13.07,78.1,0.8,13.9
11.64,13.07,78.1,0.8,13.9
11.65,13.07,78.1,0.8,13.9
11.65,13.07,78.1,0.8,13.9
11.66,13.07,78.1,0.8,13.9
11.66,13.07,78.1,0.8,13.9
11.67,13.07,78.1,0.8,13.9
11.67,13.07,78.1,0.8,13.9
11.68,13.07,78.0,0.8,13.9
11.68,13.07,78.0,0.8,13.9
11.69,13.07,78.0,0.8,13.9
11.7,13.07,78.0,0.8,13.9
11.7,13.07,78.0,0.8,13.9
11.71,13.07,78.0,0.8,13.9
11.71,13.07,78.0,0.8,13.9
11.72,13.07,78.0,0.8,13.9
11.72,13.07,78.0,0.8,13.9
11.72,13.07,78.0,0.8,13.9
11.73,13.07,78.0,0.8,13.9
11.73,13.07,78.0,0.8,13.9
11.74,13.07,78.0,0.8,13.9
11.74,13.07,78.0,0.8,13.9
11.75,13.07,78.0,0.8,13.9
11.75,13.07,78.0,0.8,13.9
11.76,13.07,78.0,0.8,13.9
11.76,13.07,78.0,0.8,13.9
11.77,13.07,78.0,0.8,13.9
11.77,13.07,78.0,0.8,13.9
11.78,13.07,78.0,0.8,13.9
11.78,13.07,78.0,0.8,13.9
11.79,13.07,78.0,0.8,13.9
11.79,13.07,78.0,0.8,13.9
11.8,13.07,77.9,0.8,13.9
11.8,13.07,77.9,0.8,13.9
11.81,13.07,77.9,0.8,13.9
11.81,13.07,77.9,0.8,13.9
11.81,13.07,77.9,0.8,13.9
11.82,13.07,77.9,0.8,13.9
11.82,13.07,77.9,0.8,13.9
11.83,13.07,77.9,0.8,13.9
11.83,13.07,77.9,0.8,13.9
11.84,13.07,77.9,0.8,13.9
11.84,13.07,77.9,0.8,13.9
11.85,13.07,77.9,0.8,13.9
11.85,13.07,77.9,0.8,13.89
11.86,13.07,77.9,0.8,13.89
11.86,13.07,77.9,0.8,13.89
11.87,13.07,77.9,0.8,13.89
11.87,13.07,77.9,0.8,13.89
11.88,13.07,77.9,0.8,13.89
11.88,13.07,77.9,0.8,13.89
11.89,13.07,77.9,0.8,13.89
11.89,13.07,77.9,0.8,13.89
11.9,13.07,77.9,0.8,13.89
11.9,13.07,77.9,0.8,13.89
11.91,13.07,77.9,0.8,13.89
11.91,13.07,77.8,0.8,13.89
11.92,13.07,77.8,0.8,13.89
11.92,13.07,77.8,0.8,13.89
11.93,13.07,77.8,0.8,13.89
11.93,13.07,77.8,0.8,13.89
11.94,13.07,77.8,0.8,13.89
11.94,13.07,77.8,0.8,13.89
11.95,13.07,77.8,0.8,13.89
11.95,13.07,77.8,0.8,13.89
11.96,13.07,77.8,0.8,13.89
11.96,13.07,77.8,0.8,13.89
11.97,13.07,77.8,0.8,13.89
11.97,13.07,77.8,0.8,13.89
11.98,13.07,77.8,0.8,13.89
11.98,13.07,77.8,0.8,13.89
11.99,13.07,77.8,0.8,13.89
11.99,13.07,77.8,0.8,13.89
12.0,13.07,77.8,0.8,13.89
12.0,13.07,77.8,0.8,13.89
12.01,13.07,77.8,0.8,13.89
12.01,13.07,77.8,0.8,13.89
12.02,13.07,77.8,0.8,13.89
12.02,13.07,77.8,0.8,13.89
12.03,13.07,77.8,0.8,13.89
12.03,13.07,77.7,0.8,13.89
12.04,13.07,77.7,0.8,13.89
12.04,13.07,77.7,0.8,13.89
12.05,13.07,77.7,0.8,13.89
12.05,13.07,77.7,0.8,13.89
12.06,13.07,77.7,0.8,13.89
12.06,13.07,77.7,0.8,13.89
12.07,13.07,77.7,0.8,13.89
12.07,13.07,77.7,0.8,13.89
12.08,13.07,77.7,0.8,13.89
12.08,13.07,77.7,0.8,13.89
12.09,13.07,77.7,0.8,13.89
12.09,13.07,77.7,0.8,13.88
12.1,13.07,77.7,0.8,13.88
12.1,13.07,77.7,0.8,13.88
12.11,13.07,77.7,0.8,13.88
12.11,13.07,77.7,0.8,13.88
12.12,13.07,77.7,0.8,13.88
12.14,13.07,77.7,0.8,13.88
12.14,13.07,77.7,0.8,13.88
12.15,13.07,77.7,0.8,13.88
12.15,13.07,77.7,0.8,13.88
12.15,13.07,77.7,0.8,13.88
12.16,13.07,77.7,0.8,13.88
12.16,13.07,77.6,0.8,13.88
12.17,13.07,77.6,0.8,13.88
12.17,13.07,77.6,0.8,13.88
12.18,13.07,77.6,0.8,13.88
12.18,13.07,77.6,0.8,13.88
12.19,13.07,77.6,0.8,13.88
12.19,13.07,77.6,0.8,13.88
12.2,13.07,77.6,0.8,13.88
12.2,13.07,77.6,0.8,13.88
12.21,13.07,77.6,0.8,13.88
12.21,13.07,77.6,0.8,13.88
12.22,13.07,77.6,0.8,13.88
12.22,13.07,77.6,0.8,13.88
12.23,13.07,77.6,0.8,13.88
12.23,13.07,77.6,0.8,13.88
12.24,13.07,77.6,0.8,13.88
12.24,13.07,77.6,0.8,13.88
12.25,13.07,77.6,0.8,13.88
12.25,13.07,77.6,0.8,13.88
12.26,13.07,77.6,0.8,13.88
12.26,13.07,77.6,0.8,13.88
12.27,13.07,77.6,0.8,13.88
12.27,13.07,77.6,0.8,13.88
12.28,13.07,77.6,0.8,13.88
12.28,13.07,77.5,0.8,13.88
12.29,13.07,77.5,0.8,13.88
12.29,13.07,77.5,0.8,13.88
12.3,13.07,77.5,0.8,13.88
12.3,13.07,77.5,0.8,13.88
12.3,13.07,77.5,0.8,13.88
12.31,13.07,77.5,0.8,13.88
12.32,13.07,77.5,0.8,13.88
12.32,13.07,77.5,0.8,13.88
12.33,13.07,77.5,0.8,13.88
12.33,13.07,77.5,0.8,13.88
12.34,13.07,77.5,0.8,13.88
12.35,13.07,77.5,0.8,13.87
12.35,13.07,77.5,0.8,13.87
12.36,13.07,77.5,0.8,13.87
12.36,13.07,77.5,0.8,13.87
12.37,13.07,77.5,0.8,13.87
12.37,13.07,77.5,0.8,13.87
12.38,13.07,77.5,0.8,13.87
12.38,13.07,77.5,0.8,13.87
12.39,13.07,77.5,0.8,13.87
12.39,13.07,77.5,0.8,13.87
12.4,13.07,77.5,0.8,13.87
12.4,13.07,77.5,0.8,13.87
12.41,13.07,77.4,0.8,13.87
12.41,13.07,77.4,0.8,13.87
12.42,13.07,77.4,0.8,13.87
12.42,13.07,77.4,0.8,13.87
12.43,13.07,77.4,0.8,13.87
12.43,13.07,77.4,0.8,13.87
12.44,13.07,77.4,0.8,13.87
12.44,13.07,77.4,0.8,13.87
12.45,13.07,77.4,0.8,13.87
12.45,13.07,77.4,0.8,13.87
12.46,13.07,77.4,0.8,13.87
12.46,13.07,77.4,0.8,13.87
12.47,13.07,77.4,0.8,13.87
12.47,13.07,77.4,0.8,13.87
12.48,13.07,77.4,0.8,13.87
12.48,13.07,77.4,0.8,13.87
12.49,13.07,77.4,0.8,13.87
12.49,13.07,77.4,0.8,13.87
12.5,13.07,77.4,0.8,13.87
12.5,13.07,77.4,0.8,13.87
12.51,13.07,77.4,0.8,13.87
12.51,13.07,77.4,0.8,13.87
12.52,13.07,77.4,0.8,13.87
12.52,13.07,77.4,0.8,13.87
12.53,13.07,77.3,0.8,13.87
12.53,13.07,77.3,0.8,13.87
12.54,13.07,77.3,0.8,13.87
12.54,13.07,77.3,0.8,13.87
12.55,13.07,77.3,0.8,13.87
12.55,13.07,77.3,0.8,13.87
12.56,13.07,77.3,0.8,13.87
12.56,13.07,77.3,0.8,13.87
12.57,13.07,77.3,0.8,13.87
12.57,13.07,77.3,0.8,13.87
12.58,13.07,77.3,0.8,13.87
12.58,13.07,77.3,0.8,13.87
12.59,13.07,77.3,0.8,13.86
12.59,13.07,77.3,0.8,13.86
12.6,13.07,77.3,0.8,13.86
12.6,13.07,77.3,0.8,13.86
12.61,13.07,77.3,0.8,13.86
12.61,13.07,77.3,0.8,13.86
12.62,13.07,77.3,0.8,13.86
12.63,13.07,77.3,0.8,13.86
12.63,13.07,77.3,0.8,13.86
12.64,13.07,77.3,0.8,13.86
12.64,13.07,77.3,0.8,13.86
12.64,13.07,77.3,0.8,13.86
12.65,13.07,77.2,0.8,13.86
12.65,13.07,77.2,0.8,13.86
12.66,13.07,77.2,0.8,13.86
12.66,13.07,77.2,0.8,13.86
12.67,13.07,77.2,0.8,13.86
12.67,13.07,77.2,0.8,13.86
12.68,13.07,77.2,0.8,13.86
12.68,13.07,77.2,0.8,13.86
12.69,13.07,77.2,0.8,13.86
12.69,13.07,77.2,0.8,13.86
12.7,13.07,77.2,0.8,13.86
12.7,13.07,77.2,0.8,13.86
12.71,13.07,77.2,0.8,13.86
12.71,13.07,77.2,0.8,13.86
12.72,13.07,77.2,0.8,13.86
12.72,13.07,77.2,0.8,13.86
12.73,13.07,77.2,0.8,13.86
12.73,13.07,77.2,0.8,13.86
12.74,13.07,77.2,0.8,13.86
12.74,13.07,77.2,0.8,13.86
12.75,13.07,77.2,0.8,13.86
12.75,13.07,77.2,0.8,13.86
12.76,13.07,77.2,0.8,13.86
12.76,13.07,77.2,0.8,13.86
12.77,13.07,77.1,0.8,13.86
12.77,13.07,77.1,0.8,13.86
12.78,13.07,77.1,0.8,13.86
12.78,13.07,77.1,0.8,13.86
12.79,13.07,77.1,0.8,13.86
12.79,13.07,77.1,0.8,13.86
12.8,13.07,77.1,0.8,13.86
12.8,13.07,77.1,0.8,13.86
12.81,13.07,77.1,0.8,13.86
12.81,13.07,77.1,0.8,13.86
12.82,13.07,77.1,0.8,13.86
12.82,13.07,77.1,0.8,13.86
12.83,13.07,77.1,0.8,13.85
12.83,13.07,77.1,0.8,13.85
12.84,13.07,77.1,0.8,13.85
12.84,13.07,77.1,0.8,13.85
12.85,13.07,77.1,0.8,13.85
12.85,13.07,77.1,0.8,13.85
12.86,13.07,77.1,0.8,13.85
12.86,13.07,77.1,0.8,13.85
12.87,13.07,77.1,0.8,13.85
12.87,13.07,77.1,0.8,13.85
12.88,13.07,77.1,0.8,13.85
12.88,13.07,77.1,0.8,13.85
12.88,13.07,77.0,0.8,13.85
12.89,13.07,77.0,0.8,13.85
12.89,13.07,77.0,0.8,13.85
12.9,13.07,77.0,0.8,13.85
12.9,13.07,77.0,0.8,13.85
12.91,13.07,77.0,0.8,13.85
12.91,13.07,77.0,0.8,13.85
12.92,13.07,77.0,0.8,13.85
12.92,13.07,77.0,0.8,13.85
12.93,13.07,77.0,0.8,13.85
12.93,13.07,77.0,0.8,13.85
12.94,13.07,77.0,0.8,13.85
12.94,13.07,77.0,0.8,13.85
12.95,13.07,77.0,0.8,13.85
12.95,13.07,77.0,0.8,13.85
12.96,13.07,77.0,0.8,13.85
12.96,13.07,77.0,0.8,13.85
12.97,13.07,77.0,0.8,13.85
12.97,13.07,77.0,0.8,13.85
12.97,13.07,77.0,0.8,13.85
12.98,13.07,77.0,0.8,13.85
12.99,13.07,77.0,0.8,13.85
12.99,13.07,77.0,0.8,13.85
13.0,13.07,77.0,0.8,13.85
13.0,13.07,76.9,0.8,13.85
13.01,13.07,76.9,0.8,13.85
13.01,13.07,76.9,0.8,13.85
13.02,13.07,76.9,0.8,13.85
13.02,13.07,76.9,0.8,13.85
13.03,13.07,76.9,0.8,13.85
13.03,13.07,76.9,0.8,13.85
13.04,13.07,76.9,0.8,13.85
13.04,13.07,76.9,0.8,13.85
13.05,13.07,76.9,0.8,13.85
13.05,13.07,76.9,0.8,13.85
13.05,13.07,76.9,0.8,13.85
13.06,13.07,76.9,0.8,13.84
13.06,13.07,76.9,0.8,13.84
13.07,13.07,76.9,0.8,13.84
13.08,13.07,76.9,0.8,13.84
13.08,13.07,76.9,0.8,13.84
13.09,13.07,76.9,0.8,13.84
13.09,13.07,76.9,0.8,13.84
13.09,13.07,76.9,0.8,13.84
13.1,13.07,76.9,0.8,13.84
13.1,13.07,76.9,0.8,13.84
13.11,13.07,76.9,0.8,13.84
13.11,13.07,76.9,0.8,13.84
13.12,13.07,76.8,0.8,13.84
13.12,13.07,76.8,0.8,13.84
13.13,13.07,76.8,0.8,13.84
13.13,13.07,76.8,0.8,13.84
13.14,13.07,76.8,0.8,13.84
13.14,13.07,76.8,0.8,13.84
13.15,13.07,76.8,0.8,13.84
13.15,13.07,76.8,0.8,13.84
13.16,13.07,76.8,0.8,13.84
13.16,13.07,76.8,0.8,13.84
13.17,13.07,76.8,0.8,13.84
13.17,13.07,76.8,0.8,13.84
13.18,13.07,76.8,0.8,13.84
13.19,13.07,76.8,0.8,13.84
13.19,13.07,76.8,0.8,13.84
13.2,13.07,76.8,0.8,13.84
13.2,13.07,76.8,0.8,13.84
13.2,13.07,76.8,0.8,13.84
13.21,13.07,76.8,0.8,13.84
13.22,13.07,76.8,0.8,13.84
13.22,13.07,76.8,0.8,13.84
13.23,13.07,76.8,0.8,13.84
13.23,13.07,76.8,0.8,13.84
13.23,13.07,76.8,0.8,13.84
13.24,13.07,76.7,0.8,13.84
13.24,13.07,76.7,0.8,13.84
13.25,13.07,76.7,0.8,13.84
13.26,13.07,76.7,0.8,13.84
13.26,13.07,76.7,0.8,13.84
13.27,13.07,76.7,0.8,13.84
13.27,13.07,76.7,0.8,13.84
13.28,13.07,76.7,0.8,13.84
13.28,13.07,76.7,0.8,13.84
13.29,13.07,76.7,0.8,13.84
13.29,13.07,76.7,0.8,13.84
13.3,13.07,76.7,0.8,13.84
13.3,13.07,76.7,0.8,13.83
13.3,13.07,76.7,0.8,13.83
13.31,13.07,76.7,0.8,13.83
13.31,13.07,76.7,0.8,13.83
13.32,13.07,76.7,0.8,13.83
13.33,13.07,76.7,0.8,13.83
13.33,13.07,76.7,0.8,13.83
13.34,13.07,76.7,0.8,13.83
13.34,13.07,76.7,0.8,13.83
13.34,13.07,76.7,0.8,13.83
13.35,13.07,76.7,0.8,13.83
13.35,13.07,76.7,0.8,13.83
13.36,13.07,76.6,0.8,13.83
13.36,13.07,76.6,0.8,13.83
13.37,13.07,76.6,0.8,13.83
13.38,13.07,76.6,0.8,13.83
13.38,13.07,76.6,0.8,13.83
13.39,13.07,76.6,0.8,13.83
13.39,13.07,76.6,0.8,13.83
13.4,13.07,76.6,0.8,13.83
13.4,13.07,76.6,0.8,13.83
13.41,13.07,76.6,0.8,13.83
13.41,13.07,76.6,0.8,13.83
13.42,13.07,76.6,0.8,13.83
13.42,13.07,76.6,0.8,13.83
13.43,13.07,76.6,0.8,13.83
13.43,13.07,76.6,0.8,13.83
13.44,13.07,76.6,0.8,13.83
13.44,13.07,76.6,0.8,13.83
13.44,13.07,76.6,0.8,13.83
13.45,13.07,76.6,0.8,13.83
13.46,13.07,76.6,0.8,13.83
13.46,13.07,76.6,0.8,13.83
13.47,13.07,76.6,0.8,13.83
13.47,13.07,76.6,0.8,13.83
13.48,13.07,76.6,0.8,13.83
13.48,13.07,76.5,0.8,13.83
13.49,13.07,76.5,0.8,13.83
13.49,13.07,76.5,0.8,13.83
13.5,13.07,76.5,0.8,13.83
13.5,13.07,76.5,0.8,13.83
13.51,13.07,76.5,0.8,13.83
13.51,13.07,76.5,0.8,13.83
13.52,13.07,76.5,0.8,13.83
13.52,13.07,76.5,0.8,13.83
13.53,13.07,76.5,0.8,13.83
13.53,13.07,76.5,0.8,13.83
13.54,13.07,76.5,0.8,13.83
13.54,13.07,76.5,0.8,13.82
13.55,13.07,76.5,0.8,13.82
13.55,13.07,76.5,0.8,13.82
13.56,13.07,76.5,0.8,13.82
13.56,13.07,76.5,0.8,13.82
13.57,13.07,76.5,0.8,13.82
13.57,13.07,76.5,0.8,13.82
13.58,13.07,76.5,0.8,13.82
13.58,13.07,76.5,0.8,13.82
13.59,13.07,76.5,0.8,13.82
13.59,13.07,76.5,0.8,13.82
13.6,13.07,76.5,0.8,13.82
13.6,13.07,76.4,0.8,13.82
13.61,13.07,76.4,0.8,13.82
13.61,13.07,76.4,0.8,13.82
13.62,13.07,76.4,0.8,13.82
13.62,13.07,76.4,0.8,13.82
13.63,13.07,76.4,0.8,13.82
13.63,13.07,76.4,0.8,13.82
13.64,13.07,76.4,0.8,13.82
13.64,13.07,76.4,0.8,13.82
13.65,13.07,76.4,0.8,13.82
13.65,13.07,76.4,0.8,13.82
13.66,13.07,76.4,0.8,13.82
13.66,13.07,76.4,0.8,13.82
13.67,13.07,76.4,0.8,13.82
13.67,13.07,76.4,0.8,13.82
13.67,13.07,76.4,0.8,13.82
13.68,13.07,76.4,0.8,13.82
13.69,13.07,76.4,0.8,13.82
13.69,13.07,76.4,0.8,13.82
13.69,13.07,76.4,0.8,13.82
13.7,13.07,76.4,0.8,13.82
13.7,13.07,76.4,0.8,13.82
13.71,13.07,76.4,0.8,13.82
13.71,13.07,76.4,0.8,13.82
13.72,13.07,76.3,0.8,13.82
13.73,13.07,76.3,0.8,13.82
13.73,13.07,76.3,0.8,13.82
13.74,13.07,76.3,0.8,13.82
13.74,13.07,76.3,0.8,13.82
13.75,13.07,76.3,0.8,13.82
13.75,13.07,76.3,0.8,13.82
13.76,13.07,76.3,0.8,13.82
13.77,13.07,76.3,0.8,13.82
13.77,13.07,76.3,0.8,13.82
13.77,13.07,76.3,0.8,13.82
13.78,13.07,76.3,0.8,13.82
13.79,13.07,76.3,0.8,13.81
13.79,13.07,76.3,0.8,13.81
13.8,13.07,76.3,0.8,13.81
13.8,13.07,76.3,0.8,13.81
13.81,13.07,76.3,0.8,13.81
13.81,13.07,76.3,0.8,13.81
13.82,13.07,76.3,0.8,13.81
13.82,13.07,76.3,0.8,13.81
13.83,13.07,76.3,0.8,13.81
13.84,13.07,76.3,0.8,13.81
13.85,13.07,76.3,0.8,13.81
13.85,13.07,76.3,0.8,13.81
13.86,13.07,76.2,0.8,13.81
13.86,13.07,76.2,0.8,13.81
13.87,13.07,76.2,0.8,13.81
13.87,13.07,76.2,0.8,13.81
13.88,13.07,76.2,0.8,13.81
13.89,13.07,76.2,0.8,13.81
13.89,13.07,76.2,0.8,13.81
13.9,13.07,76.2,0.8,13.81
13.9,13.07,76.2,0.8,13.81
13.91,13.07,76.2,0.8,13.81
13.91,13.07,76.2,0.8,13.81
13.92,13.07,76.2,0.8,13.81
13.93,13.07,76.2,0.8,13.81
13.93,13.07,76.2,0.8,13.81
13.94,13.07,76.2,0.8,13.81
13.94,13.07,76.2,0.8,13.81
13.95,13.07,76.2,0.8,13.81
13.96,13.07,76.2,0.8,13.81
13.97,13.07,76.2,0.8,13.81
13.97,13.07,76.2,0.8,13.81
13.98,13.07,76.2,0.8,13.81
13.98,13.07,76.2,0.8,13.81
13.99,13.07,76.2,0.8,13.81
14.0,13.07,76.2,0.8,13.81
14.0,13.07,76.1,0.8,13.81
14.01,13.07,76.1,0.8,13.81
14.01,13.07,76.1,0.8,13.81
14.02,13.07,76.1,0.8,13.81
14.02,13.07,76.1,0.8,13.81
14.03,13.07,76.1,0.8,13.81
14.04,13.07,76.1,0.8,13.81
14.04,13.07,76.1,0.8,13.81
14.05,13.07,76.1,0.8,13.81
14.05,13.07,76.1,0.8,13.81
14.06,13.07,76.1,0.8,13.81
14.07,13.07,76.1,0.8,13.81
14.07,13.07,76.1,0.8,13.8
14.07,13.07,76.1,0.8,13.8
14.08,13.07,76.1,0.8,13.8
14.09,13.07,76.1,0.8,13.8
14.09,13.07,76.1,0.8,13.8
14.09,13.07,76.1,0.8,13.8
14.1,13.07,76.1,0.8,13.8
14.1,13.07,76.1,0.8,13.8
14.11,13.07,76.1,0.8,13.8
14.11,13.07,76.1,0.8,13.8
14.12,13.07,76.1,0.8,13.8
14.12,13.07,76.1,0.8,13.8
14.13,13.07,76.0,0.8,13.8
14.13,13.07,76.0,0.8,13.8
14.14,13.07,76.0,0.8,13.8
14.15,13.07,76.0,0.8,13.8
14.15,13.07,76.0,0.8,13.8
14.15,13.07,76.0,0.8,13.8
14.16,13.07,76.0,0.8,13.8
14.16,13.07,76.0,0.8,13.8
14.17,13.07,76.0,0.8,13.8
14.17,13.07,76.0,0.8,13.8
14.18,13.07,76.0,0.8,13.8
14.18,13.07,76.0,0.8,13.8
14.19,13.07,76.0,0.8,13.8
14.19,13.07,76.0,0.8,13.8
14.2,13.07,76.0,0.8,13.8
14.2,13.07,76.0,0.8,13.8
14.21,13.07,76.0,0.8,13.8
14.21,13.07,76.0,0.8,13.8
14.22,13.07,76.0,0.8,13.8
14.22,13.07,76.0,0.8,13.8
14.23,13.07,76.0,0.8,13.8
14.23,13.07,76.0,0.8,13.8
14.24,13.07,76.0,0.8,13.8
14.24,13.07,76.0,0.8,13.8
14.25,13.07,75.9,0.8,13.8
14.26,13.07,75.9,0.8,13.8
14.26,13.07,75.9,0.8,13.8
14.26,13.07,75.9,0.8,13.8
14.27,13.07,75.9,0.8,13.8
14.27,13.07,75.9,0.8,13.8
14.28,13.07,75.9,0.8,13.8
14.28,13.07,75.9,0.8,13.8
14.29,13.07,75.9,0.8,13.8
14.29,13.07,75.9,0.8,13.8
14.3,13.07,75.9,0.8,13.8
14.3,13.07,75.9,0.8,13.8
14.31,13.07,75.9,0.8,13.79
14.31,13.07,75.9,0.8,13.79
14.32,13.07,75.9,0.8,13.79
14.32,13.07,75.9,0.8,13.79
14.33,13.07,75.9,0.8,13.79
14.33,13.07,75.9,0.8,13.79
14.34,13.07,75.9,0.8,13.79
14.34,13.07,75.9,0.8,13.79
14.35,13.07,75.9,0.8,13.79
14.36,13.07,75.9,0.8,13.79
14.36,13.07,75.9,0.8,13.79
14.36,13.07,75.9,0.8,13.79
14.37,13.07,75.8,0.8,13.79
14.38,13.07,75.8,0.8,13.79
14.38,13.07,75.8,0.8,13.79
14.39,13.07,75.8,0.8,13.79
14.39,13.07,75.8,0.8,13.79
14.4,13.07,75.8,0.8,13.79
14.4,13.07,75.8,0.8,13.79
14.41,13.07,75.8,0.8,13.79
14.41,13.07,75.8,0.8,13.79
14.42,13.07,75.8,0.8,13.79
14.42,13.07,75.8,0.8,13.79
14.43,13.07,75.8,0.8,13.79
14.43,13.07,75.8,0.8,13.79
14.44,13.07,75.8,0.8,13.79
14.44,13.07,75.8,0.8,13.79
14.45,13.07,75.8,0.8,13.79
14.45,13.07,75.8,0.8,13.79
14.46,13.07,75.8,0.8,13.79
14.46,13.07,75.8,0.8,13.79
14.46,13.07,75.8,0.8,13.79
14.47,13.07,75.8,0.8,13.79
14.47,13.07,75.8,0.8,13.79
14.48,13.07,75.8,0.8,13.79
14.49,13.07,75.8,0.8,13.79
14.49,13.07,75.7,0.8,13.79
14.5,13.07,75.7,0.8,13.79
14.5,13.07,75.7,0.8,13.79
14.5,13.07,75.7,0.8,13.79
14.51,13.07,75.7,0.8,13.79
14.51,13.07,75.7,0.8,13.79
14.52,13.07,75.7,0.8,13.79
14.52,13.07,75.7,0.8,13.79
14.53,13.07,75.7,0.8,13.79
14.53,13.07,75.7,0.8,13.79
14.54,13.07,75.7,0.8,13.79
14.55,13.07,75.7,0.8,13.79
14.55,13.07,75.7,0.8,13.78
14.55,13.07,75.7,0.8,13.78
14.56,13.07,75.7,0.8,13.78
14.57,13.07,75.7,0.8,13.78
14.57,13.07,75.7,0.8,13.78
14.58,13.07,75.7,0.8,13.78
14.58,13.07,75.7,0.8,13.78
14.59,13.07,75.7,0.8,13.78
14.59,13.07,75.7,0.8,13.78
14.6,13.07,75.7,0.8,13.78
14.6,13.07,75.7,0.8,13.78
14.61,13.07,75.7,0.8,13.78
14.61,13.07,75.6,0.8,13.78
14.62,13.07,75.6,0.8,13.78
14.62,13.07,75.6,0.8,13.78
14.63,13.07,75.6,0.8,13.78
14.63,13.07,75.6,0.8,13.78
14.64,13.07,75.6,0.8,13.78
14.64,13.07,75.6,0.8,13.78
14.65,13.07,75.6,0.8,13.78
14.65,13.07,75.6,0.8,13.78
14.66,13.07,75.6,0.8,13.78
14.66,13.07,75.6,0.8,13.78
14.67,13.07,75.6,0.8,13.78
14.67,13.07,75.6,0.8,13.78
14.68,13.07,75.6,0.8,13.78
14.68,13.07,75.6,0.8,13.78
14.68,13.07,75.6,0.8,13.78
14.69,13.07,75.6,0.8,13.78
14.69,13.07,75.6,0.8,13.78
14.7,13.07,75.6,0.8,13.78
14.7,13.07,75.6,0.8,13.78
14.71,13.07,75.6,0.8,13.78
14.71,13.07,75.6,0.8,13.78
14.72,13.07,75.6,0.8,13.78
14.72,13.07,75.6,0.8,13.78
14.73,13.07,75.5,0.8,13.78
14.73,13.07,75.5,0.8,13.78
14.74,13.07,75.5,0.8,13.78
14.74,13.07,75.5,0.8,13.78
14.75,13.07,75.5,0.8,13.78
14.75,13.07,75.5,0.8,13.78
14.76,13.07,75.5,0.8,13.78
14.76,13.07,75.5,0.8,13.78
14.76,13.07,75.5,0.8,13.78
14.77,13.07,75.5,0.8,13.78
14.77,13.07,75.5,0.8,13.78
14.78,13.07,75.5,0.8,13.78
14.78,13.07,75.5,0.8,13.77
14.79,13.07,75.5,0.8,13.77
14.8,13.07,75.5,0.8,13.77
14.8,13.07,75.5,0.8,13.77
14.8,13.07,75.5,0.8,13.77
14.81,13.07,75.5,0.8,13.77
14.82,13.07,75.5,0.8,13.77
14.82,13.07,75.5,0.8,13.77
14.83,13.07,75.5,0.8,13.77
14.84,13.07,75.5,0.8,13.77
14.84,13.07,75.5,0.8,13.77
14.84,13.07,75.5,0.8,13.77
14.85,13.07,75.4,0.8,13.77
14.85,13.07,75.4,0.8,13.77
14.86,13.07,75.4,0.8,13.77
14.86,13.07,75.4,0.8,13.77
14.87,13.07,75.4,0.8,13.77
14.87,13.07,75.4,0.8,13.77
14.88,13.07,75.4,0.8,13.77
14.88,13.07,75.4,0.8,13.77
14.89,13.07,75.4,0.8,13.77
14.89,13.07,75.4,0.8,13.77
14.9,13.07,75.4,0.8,13.77
14.9,13.07,75.4,0.8,13.77
14.91,13.07,75.4,0.8,13.77
14.91,13.07,75.4,0.8,13.77
14.92,13.07,75.4,0.8,13.77
14.92,13.07,75.4,0.8,13.77
14.93,13.07,75.4,0.8,13.77
14.93,13.07,75.4,0.8,13.77
14.94,13.07,75.4,0.8,13.77
14.94,13.07,75.4,0.8,13.77
14.95,13.07,75.4,0.8,13.77
14.95,13.07,75.4,0.8,13.77
14.96,13.07,75.4,0.8,13.77
14.96,13.07,75.4,0.8,13.77
14.96,13.07,75.3,0.8,13.77
14.97,13.07,75.3,0.8,13.77
14.97,13.07,75.3,0.8,13.77
14.98,13.07,75.3,0.8,13.77
14.99,13.07,75.3,0.8,13.77
14.99,13.07,75.3,0.8,13.77
15.0,13.07,75.3,0.8,13.77
15.0,13.07,75.3,0.8,13.77
15.01,13.07,75.3,0.8,13.77
15.01,13.07,75.3,0.8,13.77
15.02,13.07,75.3,0.8,13.77
15.02,13.07,75.3,0.8,13.77
15.03,13.07,75.3,0.8,13.76
15.03,13.07,75.3,0.8,13.76
15.04,13.07,75.3,0.8,13.76
15.04,13.07,75.3,0.8,13.76
15.05,13.07,75.3,0.8,13.76
15.05,13.07,75.3,0.8,13.76
15.06,13.07,75.3,0.8,13.76
15.06,13.07,75.3,0.8,13.76
15.07,13.07,75.3,0.8,13.76
15.07,13.07,75.3,0.8,13.76
15.08,13.07,75.3,0.8,13.76
15.08,13.07,75.3,0.8,13.76
15.09,13.07,75.2,0.8,13.76
15.09,13.07,75.2,0.8,13.76
15.1,13.07,75.2,0.8,13.76
15.1,13.07,75.2,0.8,13.76
15.11,13.07,75.2,0.8,13.76
15.12,13.07,75.2,0.8,13.76
15.12,13.07,75.2,0.8,13.76
15.13,13.07,75.2,0.8,13.76
15.13,13.07,75.2,0.8,13.76
15.13,13.07,75.2,0.8,13.76
15.14,13.07,75.2,0.8,13.76
15.15,13.07,75.2,0.8,13.76
15.15,13.07,75.2,0.8,13.76
15.16,13.07,75.2,0.8,13.76
15.16,13.07,75.2,0.8,13.76
15.17,13.07,75.2,0.8,13.76
15.17,13.07,75.2,0.8,13.76
15.18,13.07,75.2,0.8,13.76
15.18,13.07,75.2,0.8,13.76
15.19,13.07,75.2,0.8,13.76
15.19,13.07,75.2,0.8,13.76
15.2,13.07,75.2,0.8,13.76
15.2,13.07,75.2,0.8,13.76
15.21,13.07,75.2,0.8,13.76
15.21,13.07,75.1,0.8,13.76
15.22,13.07,75.1,0.8,13.76
15.22,13.07,75.1,0.8,13.76
15.23,13.07,75.1,0.8,13.76
15.23,13.07,75.1,0.8,13.76
15.24,13.07,75.1,0.8,13.76
15.24,13.07,75.1,0.8,13.76
15.25,13.07,75.1,0.8,13.76
15.25,13.07,75.1,0.8,13.76
15.26,13.07,75.1,0.8,13.76
15.26,13.07,75.1,0.8,13.76
15.27,13.07,75.1,0.8,13.76
15.27,13.07,75.1,0.8,13.75
15.28,13.07,75.1,0.8,13.75
15.29,13.07,75.1,0.8,13.75
15.29,13.07,75.1,0.8,13.75
15.29,13.07,75.1,0.8,13.75
15.3,13.07,75.1,0.8,13.75
15.3,13.07,75.1,0.8,13.75
15.31,13.07,75.1,0.8,13.75
15.31,13.07,75.1,0.8,13.75
15.32,13.07,75.1,0.8,13.75
15.32,13.07,75.1,0.8,13.75
15.33,13.07,75.1,0.8,13.75
15.33,13.07,75.0,0.8,13.75
15.34,13.07,75.0,0.8,13.75
15.34,13.07,75.0,0.8,13.75
15.35,13.07,75.0,0.8,13.75
15.35,13.07,75.0,0.8,13.75
15.36,13.07,75.0,0.8,13.75
15.37,13.07,75.0,0.8,13.75
15.37,13.07,75.0,0.8,13.75
15.38,13.07,75.0,0.8,13.75
15.38,13.07,75.0,0.8,13.75
15.39,13.07,75.0,0.8,13.75
15.39,13.07,75.0,0.8,13.75
15.4,13.07,75.0,0.8,13.75
15.4,13.07,75.0,0.8,13.75
15.41,13.07,75.0,0.8,13.75
15.41,13.07,75.0,0.8,13.75
15.42,13.07,75.0,0.8,13.75
15.42,13.07,75.0,0.8,13.75
15.43,13.07,75.0,0.8,13.75
15.43,13.07,75.0,0.8,13.75
15.44,13.07,75.0,0.8,13.75
15.44,13.07,75.0,0.8,13.75
15.45,13.07,75.0,0.8,13.75
15.45,13.07,75.0,0.8,13.75
15.46,13.07,74.9,0.8,13.75
15.46,13.07,74.9,0.8,13.75
15.47,13.07,74.9,0.8,13.75
15.47,13.07,74.9,0.8,13.75
15.48,13.07,74.9,0.8,13.75
15.48,13.07,74.9,0.8,13.75
15.49,13.07,74.9,0.8,13.75
15.49,13.07,74.9,0.8,13.75
15.5,13.07,74.9,0.8,13.75
15.5,13.07,74.9,0.8,13.75
15.51,13.07,74.9,0.8,13.75
15.51,13.07,74.9,0.8,13.75
15.52,13.07,74.9,0.8,13.74
15.52,13.07,74.9,0.8,13.74
15.53,13.07,74.9,0.8,13.74
15.53,13.07,74.9,0.8,13.74
15.54,13.07,74.9,0.8,13.74
15.54,13.07,74.9,0.8,13.74
15.55,13.07,74.9,0.8,13.74
15.55,13.07,74.9,0.8,13.74
15.56,13.07,74.9,0.8,13.74
15.56,13.07,74.9,0.8,13.74
15.57,13.07,74.9,0.8,13.74
15.57,13.07,74.9,0.8,13.74
15.58,13.07,74.8,0.8,13.74
15.58,13.07,74.8,0.8,13.74
15.59,13.07,74.8,0.8,13.74
15.59,13.07,74.8,0.8,13.74
15.6,13.07,74.8,0.8,13.74
15.6,13.07,74.8,0.8,13.74
15.61,13.07,74.8,0.8,13.74
15.61,13.07,74.8,0.8,13.74
15.62,13.07,74.8,0.8,13.74
15.62,13.07,74.8,0.8,13.74
15.63,13.07,74.8,0.8,13.74
15.63,13.07,74.8,0.8,13.74
15.64,13.07,74.8,0.8,13.74
15.64,13.07,74.8,0.8,13.74
15.65,13.07,74.8,0.8,13.74
15.65,13.07,74.8,0.8,13.74
15.66,13.07,74.8,0.8,13.74
15.66,13.07,74.8,0.8,13.74
15.67,13.07,74.8,0.8,13.74
15.67,13.07,74.8,0.8,13.74
15.68,13.07,74.8,0.8,13.74
15.68,13.07,74.8,0.8,13.74
15.69,13.07,74.8,0.8,13.74
15.69,13.07,74.8,0.8,13.74
15.7,13.07,74.7,0.8,13.74
15.7,13.07,74.7,0.8,13.74
15.71,13.07,74.7,0.8,13.74
15.72,13.07,74.7,0.8,13.74
15.72,13.07,74.7,0.8,13.74
15.72,13.07,74.7,0.8,13.74
15.73,13.07,74.7,0.8,13.74
15.74,13.07,74.7,0.8,13.74
15.74,13.07,74.7,0.8,13.74
15.74,13.07,74.7,0.8,13.74
15.75,13.07,74.7,0.8,13.74
15.75,13.07,74.7,0.8,13.74
15.76,13.07,74.7,0.8,13.73
15.77,13.07,74.7,0.8,13.73
15.77,13.07,74.7,0.8,13.73
15.78,13.07,74.7,0.8,13.73
15.78,13.07,74.7,0.8,13.73
15.79,13.07,74.7,0.8,13.73
15.79,13.07,74.7,0.8,13.73
15.8,13.07,74.7,0.8,13.73
15.8,13.07,74.7,0.8,13.73
15.81,13.07,74.7,0.8,13.73
15.81,13.07,74.7,0.8,13.73
15.82,13.07,74.7,0.8,13.73
15.82,13.07,74.6,0.8,13.73
15.83,13.07,74.6,0.8,13.73
15.83,13.07,74.6,0.8,13.73
15.84,13.07,74.6,0.8,13.73
15.84,13.07,74.6,0.8,13.73
15.85,13.07,74.6,0.8,13.73
15.85,13.07,74.6,0.8,13.73
15.86,13.07,74.6,0.8,13.73
15.86,13.07,74.6,0.8,13.73
15.87,13.07,74.6,0.8,13.73
15.87,13.07,74.6,0.8,13.73
15.88,13.07,74.6,0.8,13.73
15.88,13.07,74.6,0.8,13.73
15.89,13.07,74.6,0.8,13.73
15.9,13.07,74.6,0.8,13.73
15.9,13.07,74.6,0.8,13.73
15.91,13.07,74.6,0.8,13.73
15.91,13.07,74.6,0.8,13.73
15.92,13.07,74.6,0.8,13.73
15.92,13.07,74.6,0.8,13.73
15.93,13.07,74.6,0.8,13.73
15.93,13.07,74.6,0.8,13.73
15.94,13.07,74.6,0.8,13.73
15.94,13.07,74.6,0.8,13.73
15.95,13.07,74.5,0.8,13.73
15.95,13.07,74.5,0.8,13.73
15.96,13.07,74.5,0.8,13.73
15.96,13.07,74.5,0.8,13.73
15.97,13.07,74.5,0.8,13.73
15.97,13.07,74.5,0.8,13.73
15.98,13.07,74.5,0.8,13.73
15.98,13.07,74.5,0.8,13.73
15.99,13.07,74.5,0.8,13.73
15.99,13.07,74.5,0.8,13.73
16.0,13.07,74.5,0.8,13.73
16.0,13.07,74.5,0.8,13.73
16.01,13.07,74.5,0.8,13.72
16.01,13.07,74.5,0.8,13.72
16.02,13.07,74.5,0.8,13.72
16.02,13.07,74.5,0.8,13.72
16.03,13.07,74.5,0.8,13.72
16.03,13.07,74.5,0.8,13.72
16.04,13.07,74.5,0.8,13.72
16.04,13.07,74.5,0.8,13.72
16.05,13.07,74.5,0.8,13.72
16.05,13.07,74.5,0.8,13.72
16.06,13.07,74.5,0.8,13.72
16.06,13.07,74.5,0.8,13.72
16.07,13.07,74.4,0.8,13.72
16.07,13.07,74.4,0.8,13.72
16.08,13.07,74.4,0.8,13.72
16.08,13.07,74.4,0.8,13.72
16.09,13.07,74.4,0.8,13.72
16.09,13.07,74.4,0.8,13.72
16.1,13.07,74.4,0.8,13.72
16.1,13.07,74.4,0.8,13.72
16.11,13.07,74.4,0.8,13.72
16.11,13.07,74.4,0.8,13.72
16.12,13.07,74.4,0.8,13.72
16.12,13.07,74.4,0.8,13.72
16.13,13.07,74.4,0.8,13.72
16.14,13.07,74.4,0.8,13.72
16.14,13.07,74.4,0.8,13.72
16.14,13.07,74.4,0.8,13.72
16.15,13.07,74.4,0.8,13.72
16.16,13.07,74.4,0.8,13.72
16.16,13.07,74.4,0.8,13.72
16.16,13.07,74.4,0.8,13.72
16.17,13.07,74.4,0.8,13.72
16.17,13.07,74.4,0.8,13.72
16.18,13.07,74.4,0.8,13.72
16.18,13.07,74.4,0.8,13.72
16.19,13.07,74.3,0.8,13.72
16.19,13.07,74.3,0.8,13.72
16.2,13.07,74.3,0.8,13.72
16.2,13.07,74.3,0.8,13.72
16.21,13.07,74.3,0.8,13.72
16.21,13.07,74.3,0.8,13.72
16.22,13.07,74.3,0.8,13.72
16.22,13.07,74.3,0.8,13.72
16.23,13.07,74.3,0.8,13.72
16.23,13.07,74.3,0.8,13.72
16.24,13.07,74.3,0.8,13.72
16.24,13.07,74.3,0.8,13.72
16.25,13.07,74.3,0.8,13.71
16.25,13.07,74.3,0.8,13.71
16.26,13.07,74.3,0.8,13.71
16.26,13.07,74.3,0.8,13.71
16.27,13.07,74.3,0.8,13.71
16.27,13.07,74.3,0.8,13.71
16.28,13.07,74.3,0.8,13.71
16.28,13.07,74.3,0.8,13.71
16.29,13.07,74.3,0.8,13.71
16.29,13.07,74.3,0.8,13.71
16.3,13.07,74.3,0.8,13.71
16.3,13.07,74.3,0.8,13.71
16.31,13.07,74.2,0.8,13.71
16.31,13.07,74.2,0.8,13.71
16.32,13.07,74.2,0.8,13.71
16.32,13.07,74.2,0.8,13.71
16.33,13.07,74.2,0.8,13.71
16.33,13.07,74.2,0.8,13.71
16.34,13.07,74.2,0.8,13.71
16.34,13.07,74.2,0.8,13.71
16.35,13.07,74.2,0.8,13.71
16.35,13.07,74.2,0.8,13.71
16.36,13.07,74.2,0.8,13.71
16.36,13.07,74.2,0.8,13.71
16.37,13.07,74.2,0.8,13.71
16.37,13.07,74.2,0.8,13.71
16.37,13.07,74.2,0.8,13.71
16.38,13.07,74.2,0.8,13.71
16.38,13.07,74.2,0.8,13.71
16.39,13.07,74.2,0.8,13.71
16.39,13.07,74.2,0.8,13.71
16.4,13.07,74.2,0.8,13.71
16.4,13.07,74.2,0.8,13.71
16.41,13.07,74.2,0.8,13.71
16.41,13.07,74.2,0.8,13.71
16.42,13.07,74.2,0.8,13.71
16.42,13.07,74.1,0.8,13.71
16.43,13.07,74.1,0.8,13.71
16.43,13.07,74.1,0.8,13.71
16.44,13.07,74.1,0.8,13.71
16.44,13.07,74.1,0.8,13.71
16.45,13.07,74.1,0.8,13.71
16.45,13.07,74.1,0.8,13.71
16.46,13.07,74.1,0.8,13.71
16.46,13.07,74.1,0.8,13.71
16.47,13.07,74.1,0.8,13.71
16.47,13.07,74.1,0.8,13.71
16.48,13.07,74.1,0.8,13.71
16.48,13.07,74.1,0.8,13.7
16.49,13.07,74.1,0.8,13.7
16.49,13.07,74.1,0.8,13.7
16.5,13.07,74.1,0.8,13.7
16.5,13.07,74.1,0.8,13.7
16.51,13.07,74.1,0.8,13.7
16.51,13.07,74.1,0.8,13.7
16.52,13.07,74.1,0.8,13.7
16.53,13.07,74.1,0.8,13.7
16.53,13.07,74.1,0.8,13.7
16.54,13.07,74.1,0.8,13.7
16.54,13.07,74.1,0.8,13.7
16.55,13.07,74.0,0.8,13.7
16.55,13.07,74.0,0.8,13.7
16.56,13.07,74.0,0.8,13.7
16.57,13.07,74.0,0.8,13.7
16.58,13.07,74.0,0.8,13.7
16.58,13.07,74.0,0.8,13.7
16.58,13.07,74.0,0.8,13.7
16.59,13.07,74.0,0.8,13.7
16.6,13.07,74.0,0.8,13.7
16.6,13.07,74.0,0.8,13.7
16.61,13.07,74.0,0.8,13.7
16.61,13.07,74.0,0.8,13.7
16.62,13.07,74.0,0.8,13.7
16.62,13.07,74.0,0.8,13.7
16.62,13.07,74.0,0.8,13.7
16.63,13.07,74.0,0.8,13.7
16.63,13.07,74.0,0.8,13.7
16.64,13.07,74.0,0.8,13.7
16.64,13.07,74.0,0.8,13.7
16.65,13.07,74.0,0.8,13.7
16.65,13.07,74.0,0.8,13.7
16.66,13.07,74.0,0.8,13.7
16.66,13.07,74.0,0.8,13.7
16.67,13.07,74.0,0.8,13.7
16.67,13.07,73.9,0.8,13.7
16.68,13.07,73.9,0.8,13.7
16.68,13.07,73.9,0.8,13.7
16.69,13.07,73.9,0.8,13.7
16.69,13.07,73.9,0.8,13.7
16.7,13.07,73.9,0.8,13.7
16.7,13.07,73.9,0.8,13.7
16.71,13.07,73.9,0.8,13.7
16.71,13.07,73.9,0.8,13.7
16.72,13.07,73.9,0.8,13.7
16.72,13.07,73.9,0.8,13.7
16.73,13.07,73.9,0.8,13.7
16.73,13.07,73.9,0.8,13.69
16.74,13.07,73.9,0.8,13.69
16.74,13.07,73.9,0.8,13.69
16.75,13.07,73.9,0.8,13.69
16.75,13.07,73.9,0.8,13.69
16.76,13.07,73.9,0.8,13.69
16.76,13.07,73.9,0.8,13.69
16.77,13.07,73.9,0.8,13.69
16.77,13.07,73.9,0.8,13.69
16.77,13.07,73.9,0.8,13.69
16.78,13.07,73.9,0.8,13.69
16.79,13.07,73.9,0.8,13.69
16.79,13.07,73.8,0.8,13.69
16.79,13.07,73.8,0.8,13.69
16.8,13.07,73.8,0.8,13.69
16.8,13.07,73.8,0.8,13.69
16.81,13.07,73.8,0.8,13.69
16.81,13.07,73.8,0.8,13.69
16.82,13.07,73.8,0.8,13.69
16.83,13.07,73.8,0.8,13.69
16.83,13.07,73.8,0.8,13.69
16.84,13.07,73.8,0.8,13.69
16.84,13.07,73.8,0.8,13.69
16.85,13.07,73.8,0.8,13.69
16.85,13.07,73.8,0.8,13.69
16.86,13.07,73.8,0.8,13.69
16.86,13.07,73.8,0.8,13.69
16.87,13.07,73.8,0.8,13.69
16.87,13.07,73.8,0.8,13.69
16.88,13.07,73.8,0.8,13.69
16.88,13.07,73.8,0.8,13.69
16.89,13.07,73.8,0.8,13.69
16.89,13.07,73.8,0.8,13.69
16.89,13.07,73.8,0.8,13.69
16.9,13.07,73.8,0.8,13.69
16.91,13.07,73.8,0.8,13.69
16.91,13.07,73.7,0.8,13.69
16.92,13.07,73.7,0.8,13.69
16.92,13.07,73.7,0.8,13.69
16.93,13.07,73.7,0.8,13.69
16.93,13.07,73.7,0.8,13.69
16.94,13.07,73.7,0.8,13.69
16.94,13.07,73.7,0.8,13.69
16.95,13.07,73.7,0.8,13.69
16.95,13.07,73.7,0.8,13.69
16.96,13.07,73.7,0.8,13.69
16.96,13.07,73.7,0.8,13.69
16.97,13.07,73.7,0.8,13.69
16.97,13.07,73.7,0.8,13.68
16.98,13.07,73.7,0.8,13.68
16.98,13.07,73.7,0.8,13.68
16.99,13.07,73.7,0.8,13.68
16.99,13.07,73.7,0.8,13.68
17.0,13.07,73.7,0.8,13.68
17.0,13.07,73.7,0.8,13.68
17.01,13.07,73.7,0.8,13.68
17.01,13.07,73.7,0.8,13.68
17.02,13.07,73.7,0.8,13.68
17.02,13.07,73.7,0.8,13.68
17.03,13.07,73.7,0.8,13.68
17.03,13.07,73.6,0.8,13.68
17.04,13.07,73.6,0.8,13.68
17.04,13.07,73.6,0.8,13.68
17.05,13.07,73.6,0.8,13.68
17.06,13.07,73.6,0.8,13.68
17.06,13.07,73.6,0.8,13.68
17.07,13.07,73.6,0.8,13.68
17.07,13.07,73.6,0.8,13.68
17.07,13.07,73.6,0.8,13.68
17.08,13.07,73.6,0.8,13.68
17.08,13.07,73.6,0.8,13.68
17.09,13.07,73.6,0.8,13.68
17.1,13.07,73.6,0.8,13.68
17.1,13.07,73.6,0.8,13.68
17.11,13.07,73.6,0.8,13.68
17.11,13.07,73.6,0.8,13.68
17.11,13.07,73.6,0.8,13.68
17.12,13.07,73.6,0.8,13.68
17.13,13.07,73.6,0.8,13.68
17.13,13.07,73.6,0.8,13.68
17.14,13.07,73.6,0.8,13.68
17.14,13.07,73.6,0.8,13.68
17.15,13.07,73.6,0.8,13.68
17.15,13.07,73.6,0.8,13.68
17.16,13.07,73.5,0.8,13.68
17.16,13.07,73.5,0.8,13.68
17.17,13.07,73.5,0.8,13.68
17.17,13.07,73.5,0.8,13.68
17.18,13.07,73.5,0.8,13.68
17.18,13.07,73.5,0.8,13.68
17.19,13.07,73.5,0.8,13.68
17.19,13.07,73.5,0.8,13.68
17.2,13.07,73.5,0.8,13.68
17.2,13.07,73.5,0.8,13.68
17.21,13.07,73.5,0.8,13.68
17.21,13.07,73.5,0.8,13.68
17.22,13.07,73.5,0.8,13.67
17.22,13.07,73.5,0.8,13.67
17.23,13.07,73.5,0.8,13.67
17.23,13.07,73.5,0.8,13.67
17.24,13.07,73.5,0.8,13.67
17.25,13.07,73.5,0.8,13.67
17.25,13.07,73.5,0.8,13.67
17.26,13.07,73.5,0.8,13.67
17.26,13.07,73.5,0.8,13.67
17.27,13.07,73.5,0.8,13.67
17.27,13.07,73.5,0.8,13.67
17.28,13.07,73.5,0.8,13.67
17.28,13.07,73.4,0.8,13.67
17.28,13.07,73.4,0.8,13.67
17.29,13.07,73.4,0.8,13.67
17.29,13.07,73.4,0.8,13.67
17.3,13.07,73.4,0.8,13.67
17.3,13.07,73.4,0.8,13.67
17.31,13.07,73.4,0.8,13.67
17.32,13.07,73.4,0.8,13.67
17.32,13.07,73.4,0.8,13.67
17.33,13.07,73.4,0.8,13.67
17.33,13.07,73.4,0.8,13.67
17.34,13.07,73.4,0.8,13.67
17.34,13.07,73.4,0.8,13.67
17.35,13.07,73.4,0.8,13.67
17.35,13.07,73.4,0.8,13.67
17.36,13.07,73.4,0.8,13.67
17.36,13.07,73.4,0.8,13.67
17.37,13.07,73.4,0.8,13.67
17.37,13.07,73.4,0.8,13.67
17.37,13.07,73.4,0.8,13.67
17.38,13.07,73.4,0.8,13.67
17.39,13.07,73.4,0.8,13.67
17.39,13.07,73.4,0.8,13.67
17.4,13.07,73.4,0.8,13.67
17.4,13.07,73.3,0.8,13.67
17.41,13.07,73.3,0.8,13.67
17.42,13.07,73.3,0.8,13.67
17.42,13.07,73.3,0.8,13.67
17.43,13.07,73.3,0.8,13.67
17.43,13.07,73.3,0.8,13.67
17.44,13.07,73.3,0.8,13.67
17.44,13.07,73.3,0.8,13.67
17.45,13.07,73.3,0.8,13.67
17.46,13.07,73.3,0.8,13.67
17.46,13.07,73.3,0.8,13.67
17.47,13.07,73.3,0.8,13.67
17.48,13.07,73.3,0.8,13.66
17.48,13.07,73.3,0.8,13.66
17.49,13.07,73.3,0.8,13.66
17.49,13.07,73.3,0.8,13.66
17.5,13.07,73.3,0.8,13.66
17.5,13.07,73.3,0.8,13.66
17.51,13.07,73.3,0.8,13.66
17.51,13.07,73.3,0.8,13.66
17.52,13.07,73.3,0.8,13.66
17.53,13.07,73.3,0.8,13.66
17.54,13.07,73.3,0.8,13.66
17.54,13.07,73.3,0.8,13.66
17.55,13.07,73.2,0.8,13.66
17.55,13.07,73.2,0.8,13.66
17.56,13.07,73.2,0.8,13.66
17.56,13.07,73.2,0.8,13.66
17.57,13.07,73.2,0.8,13.66
17.57,13.07,73.2,0.8,13.66
17.58,13.07,73.2,0.8,13.66
17.58,13.07,73.2,0.8,13.66
17.59,13.07,73.2,0.8,13.66
17.59,13.07,73.2,0.8,13.66
17.6,13.07,73.2,0.8,13.66
17.61,13.07,73.2,0.8,13.66
17.61,13.07,73.2,0.8,13.66
17.61,13.07,73.2,0.8,13.66
17.62,13.07,73.2,0.8,13.66
17.62,13.07,73.2,0.8,13.66
17.63,13.07,73.2,0.8,13.66
17.63,13.07,73.2,0.8,13.66
17.64,13.07,73.2,0.8,13.66
17.64,13.07,73.2,0.8,13.66
17.65,13.07,73.2,0.8,13.66
17.66,13.07,73.2,0.8,13.66
17.66,13.07,73.2,0.8,13.66
17.67,13.07,73.2,0.8,13.66
17.67,13.07,73.1,0.8,13.66
17.68,13.07,73.1,0.8,13.66
17.68,13.07,73.1,0.8,13.66
17.69,13.07,73.1,0.8,13.66
17.69,13.07,73.1,0.8,13.66
17.7,13.07,73.1,0.8,13.66
17.7,13.07,73.1,0.8,13.66
17.71,13.07,73.1,0.8,13.66
17.71,13.07,73.1,0.8,13.66
17.72,13.07,73.1,0.8,13.66
17.72,13.07,73.1,0.8,13.66
17.73,13.07,73.1,0.8,13.66
17.73,13.07,73.1,0.8,13.65
17.74,13.07,73.1,0.8,13.65
17.74,13.07,73.1,0.8,13.65
17.75,13.07,73.1,0.8,13.65
17.75,13.07,73.1,0.8,13.65
17.76,13.07,73.1,0.8,13.65
17.76,13.07,73.1,0.8,13.65
17.77,13.07,73.1,0.8,13.65
17.78,13.07,73.1,0.8,13.65
17.78,13.07,73.1,0.8,13.65
17.79,13.07,73.1,0.8,13.65
17.79,13.07,73.1,0.8,13.65
17.8,13.07,73.0,0.8,13.65
17.8,13.07,73.0,0.8,13.65
17.81,13.07,73.0,0.8,13.65
17.81,13.07,73.0,0.8,13.65
17.82,13.07,73.0,0.8,13.65
17.82,13.07,73.0,0.8,13.65
17.83,13.07,73.0,0.8,13.65
17.83,13.07,73.0,0.8,13.65
17.84,13.07,73.0,0.8,13.65
17.84,13.07,73.0,0.8,13.65
17.85,13.07,73.0,0.8,13.65
17.85,13.07,73.0,0.8,13.65
17.86,13.07,73.0,0.8,13.65
17.86,13.07,73.0,0.8,13.65
17.87,13.07,73.0,0.8,13.65
17.87,13.07,73.0,0.8,13.65
17.88,13.07,73.0,0.8,13.65
17.88,13.07,73.0,0.8,13.65
17.89,13.07,73.0,0.8,13.65
17.89,13.07,73.0,0.8,13.65
17.9,13.07,73.0,0.8,13.65
17.9,13.07,73.0,0.8,13.65
17.91,13.07,73.0,0.8,13.65
17.91,13.07,73.0,0.8,13.65
17.92,13.07,72.9,0.8,13.65
17.92,13.07,72.9,0.8,13.65
17.93,13.07,72.9,0.8,13.65
17.93,13.07,72.9,0.8,13.65
17.94,13.07,72.9,0.8,13.65
17.94,13.07,72.9,0.8,13.65
17.95,13.07,72.9,0.8,13.65
17.95,13.07,72.9,0.8,13.65
17.96,13.07,72.9,0.8,13.65
17.96,13.07,72.9,0.8,13.65
17.97,13.07,72.9,0.8,13.65
17.97,13.07,72.9,0.8,13.65
17.98,13.07,72.9,0.8,13.64
17.98,13.07,72.9,0.8,13.64
17.99,13.07,72.9,0.8,13.64
17.99,13.07,72.9,0.8,13.64
18.0,13.07,72.9,0.8,13.64
18.0,13.07,72.9,0.8,13.64
18.01,13.07,72.9,0.8,13.64
18.01,13.07,72.9,0.8,13.64
18.02,13.07,72.9,0.8,13.64
18.02,13.07,72.9,0.8,13.64
18.03,13.07,72.9,0.8,13.64
18.03,13.07,72.9,0.8,13.64
18.04,13.07,72.8,0.8,13.64
18.04,13.07,72.8,0.8,13.64
18.05,13.07,72.8,0.8,13.64
18.05,13.07,72.8,0.8,13.64
18.06,13.07,72.8,0.8,13.64
18.07,13.07,72.8,0.8,13.64
18.07,13.07,72.8,0.8,13.64
18.08,13.07,72.8,0.8,13.64
18.08,13.07,72.8,0.8,13.64
18.09,13.07,72.8,0.8,13.64
18.09,13.07,72.8,0.8,13.64
18.1,13.07,72.8,0.8,13.64
18.1,13.07,72.8,0.8,13.64
18.11,13.07,72.8,0.8,13.64
18.11,13.07,72.8,0.8,13.64
18.12,13.07,72.8,0.8,13.64
18.13,13.07,72.8,0.8,13.64
18.13,13.07,72.8,0.8,13.64
18.14,13.07,72.8,0.8,13.64
18.14,13.07,72.8,0.8,13.64
18.15,13.07,72.8,0.8,13.64
18.15,13.07,72.8,0.8,13.64
18.16,13.07,72.8,0.8,13.64
18.16,13.07,72.8,0.8,13.64
18.17,13.07,72.7,0.8,13.64
18.17,13.07,72.7,0.8,13.64
18.18,13.07,72.7,0.8,13.64
18.18,13.07,72.7,0.8,13.64
18.19,13.07,72.7,0.8,13.64
18.19,13.07,72.7,0.8,13.64
18.2,13.07,72.7,0.8,13.64
18.2,13.07,72.7,0.8,13.64
18.21,13.07,72.7,0.8,13.64
18.21,13.07,72.7,0.8,13.64
18.22,13.07,72.7,0.8,13.64
18.22,13.07,72.7,0.8,13.64
18.23,13.07,72.7,0.8,13.63
18.23,13.07,72.7,0.8,13.63
18.24,13.07,72.7,0.8,13.63
18.24,13.07,72.7,0.8,13.63
18.25,13.07,72.7,0.8,13.63
18.25,13.07,72.7,0.8,13.63
18.26,13.07,72.7,0.8,13.63
18.26,13.07,72.7,0.8,13.63
18.26,13.07,72.7,0.8,13.63
18.27,13.07,72.7,0.8,13.63
18.28,13.07,72.7,0.8,13.63
18.28,13.07,72.7,0.8,13.63
18.29,13.07,72.6,0.8,13.63
18.29,13.07,72.6,0.8,13.63
18.3,13.07,72.6,0.8,13.63
18.3,13.07,72.6,0.8,13.63
18.31,13.07,72.6,0.8,13.63
18.31,13.07,72.6,0.8,13.63
18.32,13.07,72.6,0.8,13.63
18.32,13.07,72.6,0.8,13.63
18.33,13.07,72.6,0.8,13.63
18.33,13.07,72.6,0.8,13.63
18.34,13.07,72.6,0.8,13.63
18.34,13.07,72.6,0.8,13.63
18.35,13.07,72.6,0.8,13.63
18.35,13.07,72.6,0.8,13.63
18.36,13.07,72.6,0.8,13.63
18.37,13.07,72.6,0.8,13.63
18.37,13.07,72.6,0.8,13.63
18.37,13.07,72.6,0.8,13.63
18.38,13.07,72.6,0.8,13.63
18.39,13.07,72.6,0.8,13.63
18.39,13.07,72.6,0.8,13.63
18.4,13.07,72.6,0.8,13.63
18.4,13.07,72.6,0.8,13.63
18.41,13.07,72.6,0.8,13.63
18.41,13.07,72.5,0.8,13.63
18.42,13.07,72.5,0.8,13.63
18.42,13.07,72.5,0.8,13.63
18.43,13.07,72.5,0.8,13.63
18.43,13.07,72.5,0.8,13.63
18.44,13.07,72.5,0.8,13.63
18.44,13.07,72.5,0.8,13.63
18.45,13.07,72.5,0.8,13.63
18.45,13.07,72.5,0.8,13.63
18.46,13.07,72.5,0.8,13.63
18.46,13.07,72.5,0.8,13.63
18.47,13.07,72.5,0.8,13.63
18.47,13.07,72.5,0.8,13.62
18.48,13.07,72.5,0.8,13.62
18.48,13.07,72.5,0.8,13.62
18.49,13.07,72.5,0.8,13.62
18.49,13.07,72.5,0.8,13.62
18.5,13.07,72.5,0.8,13.62
18.5,13.07,72.5,0.8,13.62
18.51,13.07,72.5,0.8,13.62
18.51,13.07,72.5,0.8,13.62
18.52,13.07,72.5,0.8,13.62
18.52,13.07,72.5,0.8,13.62
18.53,13.07,72.5,0.8,13.62
18.53,13.07,72.4,0.8,13.62
18.54,13.07,72.4,0.8,13.62
18.54,13.07,72.4,0.8,13.62
18.55,13.07,72.4,0.8,13.62
18.55,13.07,72.4,0.8,13.62
18.56,13.07,72.4,0.8,13.62
18.56,13.07,72.4,0.8,13.62
18.57,13.07,72.4,0.8,13.62
18.57,13.07,72.4,0.8,13.62
18.58,13.07,72.4,0.8,13.62
18.59,13.07,72.4,0.8,13.62
18.59,13.07,72.4,0.8,13.62
18.6,13.07,72.4,0.8,13.62
18.6,13.07,72.4,0.8,13.62
18.61,13.07,72.4,0.8,13.62
18.61,13.07,72.4,0.8,13.62
18.62,13.07,72.4,0.8,13.62
18.62,13.07,72.4,0.8,13.62
18.63,13.07,72.4,0.8,13.62
18.63,13.07,72.4,0.8,13.62
18.64,13.07,72.4,0.8,13.62
18.64,13.07,72.4,0.8,13.62
18.65,13.07,72.4,0.8,13.62
18.65,13.07,72.4,0.8,13.62
18.66,13.07,72.3,0.8,13.62
18.66,13.07,72.3,0.8,13.62
18.67,13.07,72.3,0.8,13.62
18.67,13.07,72.3,0.8,13.62
18.68,13.07,72.3,0.8,13.62
18.68,13.07,72.3,0.8,13.62
18.69,13.07,72.3,0.8,13.62
18.69,13.07,72.3,0.8,13.62
18.7,13.07,72.3,0.8,13.62
18.7,13.07,72.3,0.8,13.62
18.71,13.07,72.3,0.8,13.62
18.71,13.07,72.3,0.8,13.62
18.72,13.07,72.3,0.8,13.61
18.72,13.07,72.3,0.8,13.61
18.73,13.07,72.3,0.8,13.61
18.73,13.07,72.3,0.8,13.61
18.74,13.07,72.3,0.8,13.61
18.74,13.07,72.3,0.8,13.61
18.75,13.07,72.3,0.8,13.61
18.75,13.07,72.3,0.8,13.61
18.76,13.07,72.3,0.8,13.61
18.76,13.07,72.3,0.8,13.61
18.77,13.07,72.3,0.8,13.61
18.77,13.07,72.3,0.8,13.61
18.78,13.07,72.2,0.8,13.61
18.78,13.07,72.2,0.8,13.61
18.79,13.07,72.2,0.8,13.61
18.79,13.07,72.2,0.8,13.61
18.8,13.07,72.2,0.8,13.61
18.8,13.07,72.2,0.8,13.61
18.81,13.07,72.2,0.8,13.61
18.81,13.07,72.2,0.8,13.61
18.82,13.07,72.2,0.8,13.61
18.83,13.07,72.2,0.8,13.61
18.83,13.07,72.2,0.8,13.61
18.84,13.07,72.2,0.8,13.61
18.85,13.07,72.2,0.8,13.61
18.85,13.07,72.2,0.8,13.61
18.86,13.07,72.2,0.8,13.61
18.86,13.07,72.2,0.8,13.61
18.87,13.07,72.2,0.8,13.61
18.87,13.07,72.2,0.8,13.61
18.88,13.07,72.2,0.8,13.61
18.88,13.07,72.2,0.8,13.61
18.88,13.07,72.2,0.8,13.61
18.89,13.07,72.2,0.8,13.61
18.89,13.07,72.2,0.8,13.61
18.9,13.07,72.2,0.8,13.61
18.9,13.07,72.1,0.8,13.61
18.91,13.07,72.1,0.8,13.61
18.91,13.07,72.1,0.8,13.61
18.92,13.07,72.1,0.8,13.61
18.92,13.07,72.1,0.8,13.61
18.93,13.07,72.1,0.8,13.61
18.93,13.07,72.1,0.8,13.61
18.94,13.07,72.1,0.8,13.61
18.94,13.07,72.1,0.8,13.61
18.95,13.07,72.1,0.8,13.61
18.95,13.07,72.1,0.8,13.61
18.96,13.07,72.1,0.8,13.61
18.96,13.07,72.1,0.8,13.6
18.97,13.07,72.1,0.8,13.6
18.97,13.07,72.1,0.8,13.6
18.98,13.07,72.1,0.8,13.6
18.98,13.07,72.1,0.8,13.6
18.99,13.07,72.1,0.8,13.6
18.99,13.07,72.1,0.8,13.6
19.0,13.07,72.1,0.8,13.6
19.0,13.07,72.1,0.8,13.6
19.01,13.07,72.1,0.8,13.6
19.01,13.07,72.1,0.8,13.6
19.02,13.07,72.1,0.8,13.6
19.02,13.07,72.0,0.8,13.6
19.03,13.07,72.0,0.8,13.6
19.03,13.07,72.0,0.8,13.6
19.04,13.07,72.0,0.8,13.6
19.04,13.07,72.0,0.8,13.6
19.05,13.07,72.0,0.8,13.6
19.05,13.07,72.0,0.8,13.6
19.06,13.07,72.0,0.8,13.6
19.06,13.07,72.0,0.8,13.6
19.07,13.07,72.0,0.8,13.6
19.07,13.07,72.0,0.8,13.6
19.08,13.07,72.0,0.8,13.6
19.08,13.07,72.0,0.8,13.6
19.09,13.07,72.0,0.8,13.6
19.09,13.07,72.0,0.8,13.6
19.1,13.07,72.0,0.8,13.6
19.1,13.07,72.0,0.8,13.6
19.11,13.07,72.0,0.8,13.6
19.11,13.07,72.0,0.8,13.6
19.12,13.07,72.0,0.8,13.6
19.12,13.07,72.0,0.8,13.6
19.13,13.07,72.0,0.8,13.6
19.13,13.07,72.0,0.8,13.6
19.14,13.07,72.0,0.8,13.6
19.14,13.07,71.9,0.8,13.6
19.15,13.07,71.9,0.8,13.6
19.15,13.07,71.9,0.8,13.6
19.16,13.07,71.9,0.8,13.6
19.16,13.07,71.9,0.8,13.6
19.17,13.07,71.9,0.8,13.6
19.17,13.07,71.9,0.8,13.6
19.18,13.07,71.9,0.8,13.6
19.18,13.07,71.9,0.8,13.6
19.19,13.07,71.9,0.8,13.6
19.19,13.07,71.9,0.8,13.6
19.2,13.07,71.9,0.8,13.6
19.2,13.07,71.9,0.8,13.59
19.21,13.07,71.9,0.8,13.59
19.21,13.07,71.9,0.8,13.59
19.22,13.07,71.9,0.8,13.59
19.22,13.07,71.9,0.8,13.59
19.22,13.07,71.9,0.8,13.59
19.23,13.07,71.9,0.8,13.59
19.24,13.07,71.9,0.8,13.59
19.24,13.07,71.9,0.8,13.59
19.25,13.07,71.9,0.8,13.59
19.25,13.07,71.9,0.8,13.59
19.26,13.07,71.9,0.8,13.59
19.26,13.07,71.8,0.8,13.59
19.27,13.07,71.8,0.8,13.59
19.27,13.07,71.8,0.8,13.59
19.28,13.07,71.8,0.8,13.59
19.28,13.07,71.8,0.8,13.59
19.29,13.07,71.8,0.8,13.59
19.29,13.07,71.8,0.8,13.59
19.3,13.07,71.8,0.8,13.59
19.3,13.07,71.8,0.8,13.59
19.31,13.07,71.8,0.8,13.59
19.31,13.07,71.8,0.8,13.59
19.32,13.07,71.8,0.8,13.59
19.32,13.07,71.8,0.8,13.59
19.33,13.07,71.8,0.8,13.59
19.34,13.07,71.8,0.8,13.59
19.34,13.07,71.8,0.8,13.59
19.35,13.07,71.8,0.8,13.59
19.35,13.07,71.8,0.8,13.59
19.36,13.07,71.8,0.8,13.59
19.36,13.07,71.8,0.8,13.59
19.37,13.07,71.8,0.8,13.59
19.37,13.07,71.8,0.8,13.59
19.38,13.07,71.8,0.8,13.59
19.38,13.07,71.8,0.8,13.59
19.39,13.07,71.7,0.8,13.59
19.39,13.07,71.7,0.8,13.59
19.4,13.07,71.7,0.8,13.59
19.4,13.07,71.7,0.8,13.59
19.4,13.07,71.7,0.8,13.59
19.41,13.07,71.7,0.8,13.59
19.41,13.07,71.7,0.8,13.59
19.42,13.07,71.7,0.8,13.59
19.43,13.07,71.7,0.8,13.59
19.43,13.07,71.7,0.8,13.59
19.44,13.07,71.7,0.8,13.59
19.44,13.07,71.7,0.8,13.59
19.45,13.07,71.7,0.8,13.58
19.45,13.07,71.7,0.8,13.58
19.46,13.07,71.7,0.8,13.58
19.46,13.07,71.7,0.8,13.58
19.47,13.07,71.7,0.8,13.58
19.47,13.07,71.7,0.8,13.58
19.48,13.07,71.7,0.8,13.58
19.48,13.07,71.7,0.8,13.58
19.49,13.07,71.7,0.8,13.58
19.49,13.07,71.7,0.8,13.58
19.5,13.07,71.7,0.8,13.58
19.51,13.07,71.7,0.8,13.58
19.51,13.07,71.6,0.8,13.58
19.52,13.07,71.6,0.8,13.58
19.52,13.07,71.6,0.8,13.58
19.53,13.07,71.6,0.8,13.58
19.53,13.07,71.6,0.8,13.58
19.54,13.07,71.6,0.8,13.58
19.54,13.07,71.6,0.8,13.58
19.55,13.07,71.6,0.8,13.58
19.55,13.07,71.6,0.8,13.58
19.56,13.07,71.6,0.8,13.58
19.56,13.07,71.6,0.8,13.58
19.57,13.07,71.6,0.8,13.58
19.57,13.07,71.6,0.8,13.58
19.58,13.07,71.6,0.8,13.58
19.58,13.07,71.6,0.8,13.58
19.58,13.07,71.6,0.8,13.58
19.59,13.07,71.6,0.8,13.58
19.59,13.07,71.6,0.8,13.58
19.6,13.07,71.6,0.8,13.58
19.6,13.07,71.6,0.8,13.58
19.61,13.07,71.6,0.8,13.58
19.61,13.07,71.6,0.8,13.58
19.62,13.07,71.6,0.8,13.58
19.62,13.07,71.6,0.8,13.58
19.63,13.07,71.5,0.8,13.58
19.63,13.07,71.5,0.8,13.58
19.64,13.07,71.5,0.8,13.58
19.65,13.07,71.5,0.8,13.58
19.65,13.07,71.5,0.8,13.58
19.66,13.07,71.5,0.8,13.58
19.66,13.07,71.5,0.8,13.58
19.67,13.07,71.5,0.8,13.58
19.67,13.07,71.5,0.8,13.58
19.68,13.07,71.5,0.8,13.58
19.68,13.07,71.5,0.8,13.58
19.69,13.07,71.5,0.8,13.58
19.69,13.07,71.5,0.8,13.57
19.7,13.07,71.5,0.8,13.57
19.7,13.07,71.5,0.8,13.57
19.71,13.07,71.5,0.8,13.57
19.71,13.07,71.5,0.8,13.57
19.72,13.07,71.5,0.8,13.57
19.72,13.07,71.5,0.8,13.57
19.73,13.07,71.5,0.8,13.57
19.73,13.07,71.5,0.8,13.57
19.74,13.07,71.5,0.8,13.57
19.74,13.07,71.5,0.8,13.57
19.75,13.07,71.5,0.8,13.57
19.75,13.07,71.4,0.8,13.57
19.76,13.07,71.4,0.8,13.57
19.76,13.07,71.4,0.8,13.57
19.77,13.07,71.4,0.8,13.57
19.77,13.07,71.4,0.8,13.57
19.78,13.07,71.4,0.8,13.57
19.78,13.07,71.4,0.8,13.57
19.79,13.07,71.4,0.8,13.57
19.79,13.07,71.4,0.8,13.57
19.8,13.07,71.4,0.8,13.57
19.8,13.07,71.4,0.8,13.57
19.81,13.07,71.4,0.8,13.57
19.81,13.07,71.4,0.8,13.57
19.82,13.07,71.4,0.8,13.57
19.83,13.07,71.4,0.8,13.57
19.83,13.07,71.4,0.8,13.57
19.83,13.07,71.4,0.8,13.57
19.84,13.07,71.4,0.8,13.57
19.85,13.07,71.4,0.8,13.57
19.85,13.07,71.4,0.8,13.57
19.86,13.07,71.4,0.8,13.57
19.86,13.07,71.4,0.8,13.57
19.87,13.07,71.4,0.8,13.57
19.88,13.07,71.4,0.8,13.57
19.88,13.07,71.3,0.8,13.57
19.89,13.07,71.3,0.8,13.57
19.89,13.07,71.3,0.8,13.57
19.9,13.07,71.3,0.8,13.57
19.9,13.07,71.3,0.8,13.57
19.91,13.07,71.3,0.8,13.57
19.91,13.07,71.3,0.8,13.57
19.91,13.07,71.3,0.8,13.57
19.92,13.07,71.3,0.8,13.57
19.92,13.07,71.3,0.8,13.57
19.93,13.07,71.3,0.8,13.57
19.93,13.07,71.3,0.8,13.57
19.94,13.07,71.3,0.8,13.56
19.95,13.07,71.3,0.8,13.56
19.95,13.07,71.3,0.8,13.56
19.96,13.07,71.3,0.8,13.56
19.96,13.07,71.3,0.8,13.56
19.97,13.07,71.3,0.8,13.56
19.97,13.07,71.3,0.8,13.56
19.98,13.07,71.3,0.8,13.56
19.98,13.07,71.3,0.8,13.56
19.99,13.07,71.3,0.8,13.56
19.99,13.07,71.3,0.8,13.56
20.0,13.07,71.3,0.8,13.56
20.0,13.07,71.2,0.8,13.56
20.01,13.07,71.2,0.8,13.56
20.01,13.07,71.2,0.8,13.56
20.02,13.07,71.2,0.8,13.56
20.02,13.07,71.2,0.8,13.56
20.03,13.07,71.2,0.8,13.56
20.03,13.07,71.2,0.8,13.56
20.04,13.07,71.2,0.8,13.56
20.04,13.07,71.2,0.8,13.56
20.05,13.07,71.2,0.8,13.56
20.05,13.07,71.2,0.8,13.56
20.06,13.07,71.2,0.8,13.56
20.06,13.07,71.2,0.8,13.56
20.07,13.07,71.2,0.8,13.56
20.07,13.07,71.2,0.8,13.56
20.08,13.07,71.2,0.8,13.56
20.08,13.07,71.2,0.8,13.56
20.09,13.07,71.2,0.8,13.56
20.09,13.07,71.2,0.8,13.56
20.1,13.07,71.2,0.8,13.56
20.1,13.07,71.2,0.8,13.56
20.11,13.07,71.2,0.8,13.56
20.11,13.07,71.2,0.8,13.56
20.12,13.07,71.2,0.8,13.56
20.12,13.07,71.1,0.8,13.56
20.12,13.07,71.1,0.8,13.56
20.13,13.07,71.1,0.8,13.56
20.13,13.07,71.1,0.8,13.56
20.14,13.07,71.1,0.8,13.56
20.14,13.07,71.1,0.8,13.56
20.15,13.07,71.1,0.8,13.56
20.15,13.07,71.1,0.8,13.56
20.16,13.07,71.1,0.8,13.56
20.17,13.07,71.1,0.8,13.56
20.17,13.07,71.1,0.8,13.56
20.17,13.07,71.1,0.8,13.56
20.18,13.07,71.1,0.8,13.55
20.18,13.07,71.1,0.8,13.55
20.19,13.07,71.1,0.8,13.55
20.19,13.07,71.1,0.8,13.55
20.2,13.07,71.1,0.8,13.55
20.2,13.07,71.1,0.8,13.55
20.21,13.07,71.1,0.8,13.55
20.22,13.07,71.1,0.8,13.55
20.22,13.07,71.1,0.8,13.55
20.23,13.07,71.1,0.8,13.55
20.23,13.07,71.1,0.8,13.55
20.24,13.07,71.1,0.8,13.55
20.24,13.07,71.0,0.8,13.55
20.25,13.07,71.0,0.8,13.55
20.25,13.07,71.0,0.8,13.55
20.26,13.07,71.0,0.8,13.55
20.26,13.07,71.0,0.8,13.55
20.27,13.07,71.0,0.8,13.55
20.27,13.07,71.0,0.8,13.55
20.28,13.07,71.0,0.8,13.55
20.28,13.07,71.0,0.8,13.55
20.29,13.07,71.0,0.8,13.55
20.29,13.07,71.0,0.8,13.55
20.3,13.07,71.0,0.8,13.55
20.3,13.07,71.0,0.8,13.55
20.31,13.07,71.0,0.8,13.55
20.31,13.07,71.0,0.8,13.55
20.32,13.07,71.0,0.8,13.55
20.32,13.07,71.0,0.8,13.55
20.33,13.07,71.0,0.8,13.55
20.33,13.07,71.0,0.8,13.55
20.34,13.07,71.0,0.8,13.55
20.34,13.07,71.0,0.8,13.55
20.35,13.07,71.0,0.8,13.55
20.35,13.07,71.0,0.8,13.55
20.36,13.07,71.0,0.8,13.55
20.36,13.07,70.9,0.8,13.55
20.37,13.07,70.9,0.8,13.55
20.37,13.07,70.9,0.8,13.55
20.38,13.07,70.9,0.8,13.55
20.38,13.07,70.9,0.8,13.55
20.38,13.07,70.9,0.8,13.55
20.39,13.07,70.9,0.8,13.55
20.4,13.07,70.9,0.8,13.55
20.4,13.07,70.9,0.8,13.55
20.4,13.07,70.9,0.8,13.55
20.41,13.07,70.9,0.8,13.55
20.42,13.07,70.9,0.8,13.55
20.42,13.07,70.9,0.8,13.54
20.42,13.07,70.9,0.8,13.54
20.43,13.07,70.9,0.8,13.54
20.43,13.07,70.9,0.8,13.54
20.44,13.07,70.9,0.8,13.54
20.44,13.07,70.9,0.8,13.54
20.45,13.07,70.9,0.8,13.54
20.45,13.07,70.9,0.8,13.54
20.46,13.07,70.9,0.8,13.54
20.46,13.07,70.9,0.8,13.54
20.47,13.07,70.9,0.8,13.54
20.47,13.07,70.9,0.8,13.54
20.48,13.07,70.8,0.8,13.54
20.48,13.07,70.8,0.8,13.54
20.49,13.07,70.8,0.8,13.54
20.49,13.07,70.8,0.8,13.54
20.5,13.07,70.8,0.8,13.54
20.5,13.07,70.8,0.8,13.54
20.51,13.07,70.8,0.8,13.54
20.51,13.07,70.8,0.8,13.54
20.52,13.07,70.8,0.8,13.54
20.52,13.07,70.8,0.8,13.54
20.53,13.07,70.8,0.8,13.54
20.53,13.07,70.8,0.8,13.54
20.53,13.07,70.8,0.8,13.54
20.54,13.07,70.8,0.8,13.54
20.55,13.07,70.8,0.8,13.54
20.55,13.07,70.8,0.8,13.54
20.56,13.07,70.8,0.8,13.54
20.56,13.07,70.8,0.8,13.54
20.57,13.07,70.8,0.8,13.54
20.58,13.07,70.8,0.8,13.54
20.58,13.07,70.8,0.8,13.54
20.59,13.07,70.8,0.8,13.54
20.59,13.07,70.8,0.8,13.54
20.6,13.07,70.8,0.8,13.54
20.6,13.07,70.7,0.8,13.54
20.61,13.07,70.7,0.8,13.54
20.61,13.07,70.7,0.8,13.54
20.62,13.07,70.7,0.8,13.54
20.62,13.07,70.7,0.8,13.54
20.63,13.07,70.7,0.8,13.54
20.63,13.07,70.7,0.8,13.54
20.64,13.07,70.7,0.8,13.54
20.64,13.07,70.7,0.8,13.54
20.65,13.07,70.7,0.8,13.54
20.65,13.07,70.7,0.8,13.54
20.66,13.07,70.7,0.8,13.54
20.66,13.07,70.7,0.8,13.53
20.67,13.07,70.7,0.8,13.53
20.67,13.07,70.7,0.8,13.53
20.68,13.07,70.7,0.8,13.53
20.68,13.07,70.7,0.8,13.53
20.69,13.07,70.7,0.8,13.53
20.69,13.07,70.7,0.8,13.53
20.7,13.07,70.7,0.8,13.53
20.7,13.07,70.7,0.8,13.53
20.71,13.07,70.7,0.8,13.53
20.71,13.07,70.7,0.8,13.53
20.72,13.07,70.7,0.8,13.53
20.72,13.07,70.6,0.8,13.53
20.73,13.07,70.6,0.8,13.53
20.73,13.07,70.6,0.8,13.53
20.74,13.07,70.6,0.8,13.53
20.74,13.07,70.6,0.8,13.53
20.75,13.07,70.6,0.8,13.53
20.75,13.07,70.6,0.8,13.53
20.76,13.07,70.6,0.8,13.53
20.76,13.07,70.6,0.8,13.53
20.77,13.07,70.6,0.8,13.53
20.77,13.07,70.6,0.8,13.53
20.78,13.07,70.6,0.8,13.53
20.78,13.07,70.6,0.8,13.53
20.79,13.07,70.6,0.8,13.53
20.79,13.07,70.6,0.8,13.53
20.8,13.07,70.6,0.8,13.53
20.8,13.07,70.6,0.8,13.53
20.81,13.07,70.6,0.8,13.53
20.81,13.07,70.6,0.8,13.53
20.82,13.07,70.6,0.8,13.53
20.82,13.07,70.6,0.8,13.53
20.83,13.07,70.6,0.8,13.53
20.83,13.07,70.6,0.8,13.53
20.84,13.07,70.6,0.8,13.53
20.85,13.07,70.5,0.8,13.53
20.85,13.07,70.5,0.8,13.53
20.86,13.07,70.5,0.8,13.53
20.86,13.07,70.5,0.8,13.53
20.87,13.07,70.5,0.8,13.53
20.87,13.07,70.5,0.8,13.53
20.88,13.07,70.5,0.8,13.53
20.88,13.07,70.5,0.8,13.53
20.89,13.07,70.5,0.8,13.53
20.89,13.07,70.5,0.8,13.53
20.9,13.07,70.5,0.8,13.53
20.9,13.07,70.5,0.8,13.53
20.9,13.07,70.5,0.8,13.52
20.91,13.07,70.5,0.8,13.52
20.92,13.07,70.5,0.8,13.52
20.92,13.07,70.5,0.8,13.52
20.92,13.07,70.5,0.8,13.52
20.93,13.07,70.5,0.8,13.52
20.93,13.07,70.5,0.8,13.52
20.94,13.07,70.5,0.8,13.52
20.95,13.07,70.5,0.8,13.52
20.95,13.07,70.5,0.8,13.52
20.96,13.07,70.5,0.8,13.52
20.96,13.07,70.5,0.8,13.52
20.97,13.07,70.4,0.8,13.52
20.97,13.07,70.4,0.8,13.52
20.98,13.07,70.4,0.8,13.52
20.98,13.07,70.4,0.8,13.52
20.99,13.07,70.4,0.8,13.52
20.99,13.07,70.4,0.8,13.52
21.0,13.07,70.4,0.8,13.52
21.01,13.07,70.4,0.8,13.52
21.01,13.07,70.4,0.8,13.52
21.02,13.07,70.4,0.8,13.52
21.02,13.07,70.4,0.8,13.52
21.03,13.07,70.4,0.8,13.52
21.03,13.07,70.4,0.8,13.52
21.04,13.07,70.4,0.8,13.52
21.04,13.07,70.4,0.8,13.52
21.05,13.07,70.4,0.8,13.52
21.05,13.07,70.4,0.8,13.52
21.06,13.07,70.4,0.8,13.52
21.06,13.07,70.4,0.8,13.52
21.07,13.07,70.4,0.8,13.52
21.07,13.07,70.4,0.8,13.52
21.08,13.07,70.4,0.8,13.52
21.08,13.07,70.4,0.8,13.52
21.09,13.07,70.4,0.8,13.52
21.09,13.07,70.3,0.8,13.52
21.1,13.07,70.3,0.8,13.52
21.1,13.07,70.3,0.8,13.52
21.11,13.07,70.3,0.8,13.52
21.11,13.07,70.3,0.8,13.52
21.12,13.07,70.3,0.8,13.52
21.12,13.07,70.3,0.8,13.52
21.13,13.07,70.3,0.8,13.52
21.13,13.07,70.3,0.8,13.52
21.14,13.07,70.3,0.8,13.52
21.14,13.07,70.3,0.8,13.52
21.15,13.07,70.3,0.8,13.52
21.15,13.07,70.3,0.8,13.51
21.16,13.07,70.3,0.8,13.51
21.16,13.07,70.3,0.8,13.51
21.17,13.07,70.3,0.8,13.51
21.17,13.07,70.3,0.8,13.51
21.18,13.07,70.3,0.8,13.51
21.19,13.07,70.3,0.8,13.51
21.19,13.07,70.3,0.8,13.51
21.2,13.07,70.3,0.8,13.51
21.2,13.07,70.3,0.8,13.51
21.21,13.07,70.3,0.8,13.51
21.21,13.07,70.3,0.8,13.51
21.22,13.07,70.2,0.8,13.51
21.22,13.07,70.2,0.8,13.51
21.23,13.07,70.2,0.8,13.51
21.23,13.07,70.2,0.8,13.51
21.23,13.07,70.2,0.8,13.51
21.24,13.07,70.2,0.8,13.51
21.24,13.07,70.2,0.8,13.51
21.25,13.07,70.2,0.8,13.51
21.25,13.07,70.2,0.8,13.51
21.26,13.07,70.2,0.8,13.51
21.26,13.07,70.2,0.8,13.51
21.27,13.07,70.2,0.8,13.51
21.27,13.07,70.2,0.8,13.51
21.28,13.07,70.2,0.8,13.51
21.28,13.07,70.2,0.8,13.51
21.29,13.07,70.2,0.8,13.51
21.3,13.07,70.2,0.8,13.51
21.3,13.07,70.2,0.8,13.51
21.3,13.07,70.2,0.8,13.51
21.31,13.07,70.2,0.8,13.51
21.32,13.07,70.2,0.8,13.51
21.32,13.07,70.2,0.8,13.51
21.33,13.07,70.2,0.8,13.51
21.33,13.07,70.2,0.8,13.51
21.34,13.07,70.1,0.8,13.51
21.34,13.07,70.1,0.8,13.51
21.35,13.07,70.1,0.8,13.51
21.35,13.07,70.1,0.8,13.51
21.36,13.07,70.1,0.8,13.51
21.37,13.07,70.1,0.8,13.51
21.37,13.07,70.1,0.8,13.51
21.38,13.07,70.1,0.8,13.51
21.38,13.07,70.1,0.8,13.51
21.39,13.07,70.1,0.8,13.51
21.39,13.07,70.1,0.8,13.51
21.4,13.07,70.1,0.8,13.51
21.4,13.07,70.1,0.8,13.5
21.41,13.07,70.1,0.8,13.5
21.41,13.07,70.1,0.8,13.5
21.42,13.07,70.1,0.8,13.5
21.42,13.07,70.1,0.8,13.5
21.43,13.07,70.1,0.8,13.5
21.44,13.07,70.1,0.8,13.5
21.44,13.07,70.1,0.8,13.5
21.45,13.07,70.1,0.8,13.5
21.45,13.07,70.1,0.8,13.5
21.46,13.07,70.1,0.8,13.5
21.46,13.07,70.1,0.8,13.5
21.47,13.07,70.0,0.8,13.5
21.47,13.07,70.0,0.8,13.5
21.48,13.07,70.0,0.8,13.5
21.48,13.07,70.0,0.8,13.5
21.49,13.07,70.0,0.8,13.5
21.49,13.07,70.0,0.8,13.5
21.5,13.07,70.0,0.8,13.5
21.5,13.07,70.0,0.8,13.5
21.51,13.07,70.0,0.8,13.5
21.51,13.07,70.0,0.8,13.5
21.52,13.07,70.0,0.8,13.5
21.52,13.07,70.0,0.8,13.5
21.53,13.07,70.0,0.8,13.5
21.53,13.07,70.0,0.8,13.5
21.53,13.07,70.0,0.8,13.5
21.54,13.07,70.0,0.8,13.5
21.54,13.07,70.0,0.8,13.5
21.55,13.07,70.0,0.8,13.5
21.56,13.07,70.0,0.8,13.5
21.56,13.07,70.0,0.8,13.5
21.57,13.07,70.0,0.8,13.5
21.57,13.07,70.0,0.8,13.5
21.58,13.07,70.0,0.8,13.5
21.58,13.07,70.0,0.8,13.5
21.59,13.07,69.9,0.8,13.5
21.59,13.07,69.9,0.8,13.5
21.6,13.07,69.9,0.8,13.5
21.6,13.07,69.9,0.8,13.5
21.61,13.07,69.9,0.8,13.5
21.61,13.07,69.9,0.8,13.5
21.62,13.07,69.9,0.8,13.5
21.62,13.07,69.9,0.8,13.5
21.63,13.07,69.9,0.8,13.5
21.63,13.07,69.9,0.8,13.5
21.64,13.07,69.9,0.8,13.5
21.64,13.07,69.9,0.8,13.5
21.65,13.07,69.9,0.8,13.49
21.65,13.07,69.9,0.8,13.49
21.66,13.07,69.9,0.8,13.49
21.66,13.07,69.9,0.8,13.49
21.67,13.07,69.9,0.8,13.49
21.67,13.07,69.9,0.8,13.49
21.68,13.07,69.9,0.8,13.49
21.68,13.07,69.9,0.8,13.49
21.69,13.07,69.9,0.8,13.49
21.69,13.07,69.9,0.8,13.49
21.7,13.07,69.9,0.8,13.49
21.7,13.07,69.9,0.8,13.49
21.71,13.07,69.8,0.8,13.49
21.71,13.07,69.8,0.8,13.49
21.72,13.07,69.8,0.8,13.49
21.72,13.07,69.8,0.8,13.49
21.73,13.07,69.8,0.8,13.49
21.74,13.07,69.8,0.8,13.49
21.74,13.07,69.8,0.8,13.49
21.74,13.07,69.8,0.8,13.49
21.75,13.07,69.8,0.8,13.49
21.76,13.07,69.8,0.8,13.49
21.76,13.07,69.8,0.8,13.49
21.77,13.07,69.8,0.8,13.49
21.77,13.07,69.8,0.8,13.49
21.78,13.07,69.8,0.8,13.49
21.78,13.07,69.8,0.8,13.49
21.79,13.07,69.8,0.8,13.49
21.79,13.07,69.8,0.8,13.49
21.8,13.07,69.8,0.8,13.49
21.8,13.07,69.8,0.8,13.49
21.81,13.07,69.8,0.8,13.49
21.81,13.07,69.8,0.8,13.49
21.82,13.07,69.8,0.8,13.49
21.82,13.07,69.8,0.8,13.49
21.83,13.07,69.8,0.8,13.49
21.83,13.07,69.7,0.8,13.49
21.84,13.07,69.7,0.8,13.49
21.84,13.07,69.7,0.8,13.49
21.85,13.07,69.7,0.8,13.49
21.86,13.07,69.7,0.8,13.49
21.86,13.07,69.7,0.8,13.49
21.87,13.07,69.7,0.8,13.49
21.87,13.07,69.7,0.8,13.49
21.88,13.07,69.7,0.8,13.49
21.88,13.07,69.7,0.8,13.49
21.89,13.07,69.7,0.8,13.49
21.89,13.07,69.7,0.8,13.49
21.9,13.07,69.7,0.8,13.48
21.9,13.07,69.7,0.8,13.48
21.91,13.07,69.7,0.8,13.48
21.91,13.07,69.7,0.8,13.48
21.92,13.07,69.7,0.8,13.48
21.92,13.07,69.7,0.8,13.48
21.93,13.07,69.7,0.8,13.48
21.93,13.07,69.7,0.8,13.48
21.94,13.07,69.7,0.8,13.48
21.94,13.07,69.7,0.8,13.48
21.95,13.07,69.7,0.8,13.48
21.95,13.07,69.7,0.8,13.48
21.96,13.07,69.6,0.8,13.48
21.96,13.07,69.6,0.8,13.48
21.97,13.07,69.6,0.8,13.48
21.97,13.07,69.6,0.8,13.48
21.98,13.07,69.6,0.8,13.48
21.98,13.07,69.6,0.8,13.48
21.99,13.07,69.6,0.8,13.48
21.99,13.07,69.6,0.8,13.48
22.0,13.07,69.6,0.8,13.48
22.0,13.07,69.6,0.8,13.48
22.01,13.07,69.6,0.8,13.48
22.01,13.07,69.6,0.8,13.48
22.02,13.07,69.6,0.8,13.48
22.02,13.07,69.6,0.8,13.48
22.03,13.07,69.6,0.8,13.48
22.03,13.07,69.6,0.8,13.48
22.04,13.07,69.6,0.8,13.48
22.04,13.07,69.6,0.8,13.48
22.05,13.07,69.6,0.8,13.48
22.05,13.07,69.6,0.8,13.48
22.06,13.07,69.6,0.8,13.48
22.06,13.07,69.6,0.8,13.48
22.07,13.07,69.6,0.8,13.48
22.07,13.07,69.6,0.8,13.48
22.08,13.07,69.5,0.8,13.48
22.08,13.07,69.5,0.8,13.48
22.09,13.07,69.5,0.8,13.48
22.09,13.07,69.5,0.8,13.48
22.1,13.07,69.5,0.8,13.48
22.1,13.07,69.5,0.8,13.48
22.11,13.07,69.5,0.8,13.48
22.11,13.07,69.5,0.8,13.48
22.12,13.07,69.5,0.8,13.48
22.12,13.07,69.5,0.8,13.48
22.13,13.07,69.5,0.8,13.48
22.13,13.07,69.5,0.8,13.48
22.14,13.07,69.5,0.8,13.47
22.14,13.07,69.5,0.8,13.47
22.15,13.07,69.5,0.8,13.47
22.15,13.07,69.5,0.8,13.47
22.16,13.07,69.5,0.8,13.47
22.16,13.07,69.5,0.8,13.47
22.17,13.07,69.5,0.8,13.47
22.17,13.07,69.5,0.8,13.47
22.18,13.07,69.5,0.8,13.47
22.18,13.07,69.5,0.8,13.47
22.19,13.07,69.5,0.8,13.47
22.19,13.07,69.5,0.8,13.47
22.2,13.07,69.4,0.8,13.47
22.2,13.07,69.4,0.8,13.47
22.21,13.07,69.4,0.8,13.47
22.21,13.07,69.4,0.8,13.47
22.22,13.07,69.4,0.8,13.47
22.22,13.07,69.4,0.8,13.47
22.23,13.07,69.4,0.8,13.47
22.23,13.07,69.4,0.8,13.47
22.24,13.07,69.4,0.8,13.47
22.24,13.07,69.4,0.8,13.47
22.25,13.07,69.4,0.8,13.47
22.26,13.07,69.4,0.8,13.47
22.26,13.07,69.4,0.8,13.47
22.27,13.07,69.4,0.8,13.47
22.27,13.07,69.4,0.8,13.47
22.28,13.07,69.4,0.8,13.47
22.28,13.07,69.4,0.8,13.47
22.29,13.07,69.4,0.8,13.47
22.29,13.07,69.4,0.8,13.47
22.3,13.07,69.4,0.8,13.47
22.3,13.07,69.4,0.8,13.47
22.31,13.07,69.4,0.8,13.47
22.31,13.07,69.4,0.8,13.47
22.32,13.07,69.4,0.8,13.47
22.32,13.07,69.3,0.8,13.47
22.33,13.07,69.3,0.8,13.47
22.33,13.07,69.3,0.8,13.47
22.34,13.07,69.3,0.8,13.47
22.34,13.07,69.3,0.8,13.47
22.35,13.07,69.3,0.8,13.47
22.35,13.07,69.3,0.8,13.47
22.36,13.07,69.3,0.8,13.47
22.36,13.07,69.3,0.8,13.47
22.37,13.07,69.3,0.8,13.47
22.37,13.07,69.3,0.8,13.47
22.38,13.07,69.3,0.8,13.47
22.38,13.07,69.3,0.8,13.46
22.39,13.07,69.3,0.8,13.46
22.39,13.07,69.3,0.8,13.46
22.4,13.07,69.3,0.8,13.46
22.4,13.07,69.3,0.8,13.46
22.41,13.07,69.3,0.8,13.46
22.41,13.07,69.3,0.8,13.46
22.42,13.07,69.3,0.8,13.46
22.42,13.07,69.3,0.8,13.46
22.43,13.07,69.3,0.8,13.46
22.43,13.07,69.3,0.8,13.46
22.44,13.07,69.3,0.8,13.46
22.44,13.07,69.2,0.8,13.46
22.45,13.07,69.2,0.8,13.46
22.45,13.07,69.2,0.8,13.46
22.46,13.07,69.2,0.8,13.46
22.46,13.07,69.2,0.8,13.46
22.47,13.07,69.2,0.8,13.46
22.47,13.07,69.2,0.8,13.46
22.48,13.07,69.2,0.8,13.46
22.48,13.07,69.2,0.8,13.46
22.49,13.07,69.2,0.8,13.46
22.49,13.07,69.2,0.8,13.46
22.5,13.07,69.2,0.8,13.46
22.5,13.07,69.2,0.8,13.46
22.51,13.07,69.2,0.8,13.46
22.51,13.07,69.2,0.8,13.46
22.52,13.07,69.2,0.8,13.46
22.52,13.07,69.2,0.8,13.46
22.53,13.07,69.2,0.8,13.46
22.53,13.07,69.2,0.8,13.46
22.54,13.07,69.2,0.8,13.46
22.54,13.07,69.2,0.8,13.46
22.55,13.07,69.2,0.8,13.46
22.55,13.07,69.2,0.8,13.46
22.56,13.07,69.2,0.8,13.46
22.56,13.07,69.1,0.8,13.46
22.57,13.07,69.1,0.8,13.46
22.57,13.07,69.1,0.8,13.46
22.58,13.07,69.1,0.8,13.46
22.58,13.07,69.1,0.8,13.46
22.59,13.07,69.1,0.8,13.46
22.59,13.07,69.1,0.8,13.46
22.6,13.07,69.1,0.8,13.46
22.6,13.07,69.1,0.8,13.46
22.61,13.07,69.1,0.8,13.46
22.61,13.07,69.1,0.8,13.46
22.62,13.07,69.1,0.8,13.46
22.62,13.07,69.1,0.8,13.45
22.63,13.07,69.1,0.8,13.45
22.63,13.07,69.1,0.8,13.45
22.64,13.07,69.1,0.8,13.45
22.64,13.07,69.1,0.8,13.45
22.65,13.07,69.1,0.8,13.45
22.65,13.07,69.1,0.8,13.45
22.66,13.07,69.1,0.8,13.45
22.66,13.07,69.1,0.8,13.45
22.67,13.07,69.1,0.8,13.45
22.67,13.07,69.1,0.8,13.45
22.68,13.07,69.1,0.8,13.45
22.68,13.07,69.0,0.8,13.45
22.69,13.07,69.0,0.8,13.45
22.69,13.07,69.0,0.8,13.45
22.7,13.07,69.0,0.8,13.45
22.7,13.07,69.0,0.8,13.45
22.71,13.07,69.0,0.8,13.45
22.71,13.07,69.0,0.8,13.45
22.72,13.07,69.0,0.8,13.45
22.72,13.07,69.0,0.8,13.45
22.73,13.07,69.0,0.8,13.45
22.73,13.07,69.0,0.8,13.45
22.74,13.07,69.0,0.8,13.45
22.74,13.07,69.0,0.8,13.45
22.75,13.07,69.0,0.8,13.45
22.75,13.07,69.0,0.8,13.45
22.76,13.07,69.0,0.8,13.45
22.76,13.07,69.0,0.8,13.45
22.77,13.07,69.0,0.8,13.45
22.78,13.07,69.0,0.8,13.45
22.78,13.07,69.0,0.8,13.45
22.78,13.07,69.0,0.8,13.45
22.79,13.07,69.0,0.8,13.45
22.8,13.07,69.0,0.8,13.45
22.8,13.07,69.0,0.8,13.45
22.81,13.07,68.9,0.8,13.45
22.81,13.07,68.9,0.8,13.45
22.82,13.07,68.9,0.8,13.45
22.82,13.07,68.9,0.8,13.45
22.83,13.07,68.9,0.8,13.45
22.84,13.07,68.9,0.8,13.45
22.84,13.07,68.9,0.8,13.45
22.85,13.07,68.9,0.8,13.45
22.85,13.07,68.9,0.8,13.45
22.86,13.07,68.9,0.8,13.45
22.86,13.07,68.9,0.8,13.45
22.87,13.07,68.9,0.8,13.45
22.88,13.07,68.9,0.8,13.44
22.88,13.07,68.9,0.8,13.44
22.89,13.07,68.9,0.8,13.44
22.89,13.07,68.9,0.8,13.44
22.9,13.07,68.9,0.8,13.44
22.9,13.07,68.9,0.8,13.44
22.91,13.07,68.9,0.8,13.44
22.92,13.07,68.9,0.8,13.44
22.92,13.07,68.9,0.8,13.44
22.93,13.07,68.9,0.8,13.44
22.93,13.07,68.9,0.8,13.44
22.94,13.07,68.9,0.8,13.44
22.94,13.07,68.8,0.8,13.44
22.95,13.07,68.8,0.8,13.44
22.95,13.07,68.8,0.8,13.44
22.96,13.07,68.8,0.8,13.44
22.96,13.07,68.8,0.8,13.44
22.97,13.07,68.8,0.8,13.44
22.97,13.07,68.8,0.8,13.44
22.98,13.07,68.8,0.8,13.44
22.98,13.07,68.8,0.8,13.44
22.99,13.07,68.8,0.8,13.44
22.99,13.07,68.8,0.8,13.44
23.0,13.07,68.8,0.8,13.44
23.0,13.07,68.8,0.8,13.44
23.01,13.07,68.8,0.8,13.44
23.01,13.07,68.8,0.8,13.44
23.02,13.07,68.8,0.8,13.44
23.02,13.07,68.8,0.8,13.44
23.03,13.07,68.8,0.8,13.44
23.03,13.07,68.8,0.8,13.44
23.04,13.07,68.8,0.8,13.44
23.04,13.07,68.8,0.8,13.44
23.05,13.07,68.8,0.8,13.44
23.05,13.07,68.8,0.8,13.44
23.06,13.07,68.8,0.8,13.44
23.06,13.07,68.7,0.8,13.44
23.07,13.07,68.7,0.8,13.44
23.07,13.07,68.7,0.8,13.44
23.08,13.07,68.7,0.8,13.44
23.08,13.07,68.7,0.8,13.44
23.09,13.07,68.7,0.8,13.44
23.09,13.07,68.7,0.8,13.44
23.1,13.07,68.7,0.8,13.44
23.1,13.07,68.7,0.8,13.44
23.11,13.07,68.7,0.8,13.44
23.11,13.07,68.7,0.8,13.44
23.12,13.07,68.7,0.8,13.44
23.12,13.07,68.7,0.8,13.43
23.13,13.07,68.7,0.8,13.43
23.13,13.07,68.7,0.8,13.43
23.14,13.07,68.7,0.8,13.43
23.14,13.07,68.7,0.8,13.43
23.15,13.07,68.7,0.8,13.43
23.15,13.07,68.7,0.8,13.43
23.16,13.07,68.7,0.8,13.43
23.16,13.07,68.7,0.8,13.43
23.17,13.07,68.7,0.8,13.43
23.17,13.07,68.7,0.8,13.43
23.18,13.07,68.7,0.8,13.43
23.18,13.07,68.6,0.8,13.43
23.19,13.07,68.6,0.8,13.43
23.2,13.07,68.6,0.8,13.43
23.2,13.07,68.6,0.8,13.43
23.21,13.07,68.6,0.8,13.43
23.21,13.07,68.6,0.8,13.43
23.22,13.07,68.6,0.8,13.43
23.22,13.07,68.6,0.8,13.43
23.23,13.07,68.6,0.8,13.43
23.23,13.07,68.6,0.8,13.43
23.24,13.07,68.6,0.8,13.43
23.24,13.07,68.6,0.8,13.43
23.25,13.07,68.6,0.8,13.43
23.25,13.07,68.6,0.8,13.43
23.26,13.07,68.6,0.8,13.43
23.26,13.07,68.6,0.8,13.43
23.27,13.07,68.6,0.8,13.43
23.27,13.07,68.6,0.8,13.43
23.28,13.07,68.6,0.8,13.43
23.28,13.07,68.6,0.8,13.43
23.28,13.07,68.6,0.8,13.43
23.29,13.07,68.6,0.8,13.43
23.3,13.07,68.6,0.8,13.43
23.3,13.07,68.6,0.8,13.43
23.31,13.07,68.5,0.8,13.43
23.32,13.07,68.5,0.8,13.43
23.33,13.07,68.5,0.8,13.43
23.33,13.07,68.5,0.8,13.43
23.34,13.07,68.5,0.8,13.43
23.34,13.07,68.5,0.8,13.43
23.35,13.07,68.5,0.8,13.43
23.35,13.07,68.5,0.8,13.43
23.36,13.07,68.5,0.8,13.43
23.36,13.07,68.5,0.8,13.43
23.37,13.07,68.5,0.8,13.43
23.37,13.07,68.5,0.8,13.43
23.38,13.07,68.5,0.8,13.42
23.38,13.07,68.5,0.8,13.42
23.39,13.07,68.5,0.8,13.42
23.39,13.07,68.5,0.8,13.42
23.4,13.07,68.5,0.8,13.42
23.4,13.07,68.5,0.8,13.42
23.41,13.07,68.5,0.8,13.42
23.41,13.07,68.5,0.8,13.42
23.42,13.07,68.5,0.8,13.42
23.42,13.07,68.5,0.8,13.42
23.43,13.07,68.5,0.8,13.42
23.43,13.07,68.5,0.8,13.42
23.44,13.07,68.4,0.8,13.42
23.44,13.07,68.4,0.8,13.42
23.45,13.07,68.4,0.8,13.42
23.45,13.07,68.4,0.8,13.42
23.46,13.07,68.4,0.8,13.42
23.46,13.07,68.4,0.8,13.42
23.47,13.07,68.4,0.8,13.42
23.47,13.07,68.4,0.8,13.42
23.48,13.07,68.4,0.8,13.42
23.48,13.07,68.4,0.8,13.42
23.48,13.07,68.4,0.8,13.42
23.49,13.07,68.4,0.8,13.42
23.49,13.07,68.4,0.8,13.42
23.5,13.07,68.4,0.8,13.42
23.5,13.07,68.4,0.8,13.42
23.51,13.07,68.4,0.8,13.42
23.51,13.07,68.4,0.8,13.42
23.52,13.07,68.4,0.8,13.42
23.53,13.07,68.4,0.8,13.42
23.53,13.07,68.4,0.8,13.42
23.54,13.07,68.4,0.8,13.42
23.54,13.07,68.4,0.8,13.42
23.55,13.07,68.4,0.8,13.42
23.55,13.07,68.4,0.8,13.42
23.56,13.07,68.3,0.8,13.42
23.56,13.07,68.3,0.8,13.42
23.57,13.07,68.3,0.8,13.42
23.57,13.07,68.3,0.8,13.42
23.58,13.07,68.3,0.8,13.42
23.59,13.07,68.3,0.8,13.42
23.59,13.07,68.3,0.8,13.42
23.6,13.07,68.3,0.8,13.42
23.6,13.07,68.3,0.8,13.42
23.61,13.07,68.3,0.8,13.42
23.61,13.07,68.3,0.8,13.42
23.62,13.07,68.3,0.8,13.42
23.62,13.07,68.3,0.8,13.41
23.63,13.07,68.3,0.8,13.41
23.63,13.07,68.3,0.8,13.41
23.64,13.07,68.3,0.8,13.41
23.64,13.07,68.3,0.8,13.41
23.65,13.07,68.3,0.8,13.41
23.65,13.07,68.3,0.8,13.41
23.66,13.07,68.3,0.8,13.41
23.66,13.07,68.3,0.8,13.41
23.67,13.07,68.3,0.8,13.41
23.67,13.07,68.3,0.8,13.41
23.68,13.07,68.3,0.8,13.41
23.68,13.07,68.2,0.8,13.41
23.69,13.07,68.2,0.8,13.41
23.69,13.07,68.2,0.8,13.41
23.7,13.07,68.2,0.8,13.41
23.7,13.07,68.2,0.8,13.41
23.71,13.07,68.2,0.8,13.41
23.71,13.07,68.2,0.8,13.41
23.71,13.07,68.2,0.8,13.41
23.72,13.07,68.2,0.8,13.41
23.72,13.07,68.2,0.8,13.41
23.73,13.07,68.2,0.8,13.41
23.73,13.07,68.2,0.8,13.41
23.74,13.07,68.2,0.8,13.41
23.74,13.07,68.2,0.8,13.41
23.75,13.07,68.2,0.8,13.41
23.75,13.07,68.2,0.8,13.41
23.76,13.07,68.2,0.8,13.41
23.76,13.07,68.2,0.8,13.41
23.77,13.07,68.2,0.8,13.41
23.77,13.07,68.2,0.8,13.41
23.78,13.07,68.2,0.8,13.41
23.78,13.07,68.2,0.8,13.41
23.79,13.07,68.2,0.8,13.41
23.79,13.07,68.2,0.8,13.41
23.8,13.07,68.1,0.8,13.41
23.8,13.07,68.1,0.8,13.41
23.81,13.07,68.1,0.8,13.41
23.81,13.07,68.1,0.8,13.41
23.82,13.07,68.1,0.8,13.41
23.82,13.07,68.1,0.8,13.41
23.83,13.07,68.1,0.8,13.41
23.83,13.07,68.1,0.8,13.41
23.84,13.07,68.1,0.8,13.41
23.84,13.07,68.1,0.8,13.41
23.84,13.07,68.1,0.8,13.41
23.85,13.07,68.1,0.8,13.41
23.85,13.07,68.1,0.8,13.4
23.86,13.07,68.1,0.8,13.4
23.86,13.07,68.1,0.8,13.4
23.87,13.07,68.1,0.8,13.4
23.87,13.07,68.1,0.8,13.4
23.88,13.07,68.1,0.8,13.4
23.88,13.07,68.1,0.8,13.4
23.89,13.07,68.1,0.8,13.4
23.89,13.07,68.1,0.8,13.4
23.9,13.07,68.1,0.8,13.4
23.9,13.07,68.1,0.8,13.4
23.91,13.07,68.1,0.8,13.4
23.91,13.07,68.0,0.8,13.4
23.92,13.07,68.0,0.8,13.4
23.92,13.07,68.0,0.8,13.4
23.93,13.07,68.0,0.8,13.4
23.93,13.07,68.0,0.8,13.4
23.94,13.07,68.0,0.8,13.4
23.94,13.07,68.0,0.8,13.4
23.95,13.07,68.0,0.8,13.4
23.95,13.07,68.0,0.8,13.4
23.96,13.07,68.0,0.8,13.4
23.96,13.07,68.0,0.8,13.4
23.97,13.07,68.0,0.8,13.4
23.97,13.07,68.0,0.8,13.4
23.97,13.07,68.0,0.8,13.4
23.98,13.07,68.0,0.8,13.4
23.99,13.07,68.0,0.8,13.4
23.99,13.07,68.0,0.8,13.4
24.0,13.07,68.0,0.8,13.4
24.0,13.07,68.0,0.8,13.4
24.01,13.07,68.0,0.8,13.4
24.01,13.07,68.0,0.8,13.4
24.02,13.07,68.0,0.8,13.4
24.02,13.07,68.0,0.8,13.4
24.03,13.07,68.0,0.8,13.4
24.03,13.07,67.9,0.8,13.4
24.04,13.07,67.9,0.8,13.4
24.04,13.07,67.9,0.8,13.4
24.05,13.07,67.9,0.8,13.4
24.05,13.07,67.9,0.8,13.4
24.06,13.07,67.9,0.8,13.4
24.06,13.07,67.9,0.8,13.4
24.07,13.07,67.9,0.8,13.4
24.07,13.07,67.9,0.8,13.4
24.08,13.07,67.9,0.8,13.4
24.08,13.07,67.9,0.8,13.4
24.09,13.07,67.9,0.8,13.4
24.09,13.07,67.9,0.8,13.39
24.1,13.07,67.9,0.8,13.39
24.1,13.07,67.9,0.8,13.39
24.11,13.07,67.9,0.8,13.39
24.11,13.07,67.9,0.8,13.39
24.12,13.07,67.9,0.8,13.39
24.12,13.07,67.9,0.8,13.39
24.13,13.07,67.9,0.8,13.39
24.13,13.07,67.9,0.8,13.39
24.14,13.07,67.9,0.8,13.39
24.14,13.07,67.9,0.8,13.39
24.15,13.07,67.9,0.8,13.39
24.15,13.07,67.8,0.8,13.39
24.16,13.07,67.8,0.8,13.39
24.16,13.07,67.8,0.8,13.39
24.17,13.07,67.8,0.8,13.39
24.17,13.07,67.8,0.8,13.39
24.18,13.07,67.8,0.8,13.39
24.18,13.07,67.8,0.8,13.39
24.19,13.07,67.8,0.8,13.39
24.19,13.07,67.8,0.8,13.39
24.2,13.07,67.8,0.8,13.39
24.2,13.07,67.8,0.8,13.39
24.21,13.07,67.8,0.8,13.39
24.21,13.07,67.8,0.8,13.39
24.22,13.07,67.8,0.8,13.39
24.22,13.07,67.8,0.8,13.39
24.23,13.07,67.8,0.8,13.39
24.23,13.07,67.8,0.8,13.39
24.24,13.07,67.8,0.8,13.39
24.24,13.07,67.8,0.8,13.39
24.25,13.07,67.8,0.8,13.39
24.26,13.07,67.8,0.8,13.39
24.26,13.07,67.8,0.8,13.39
24.27,13.07,67.8,0.8,13.39
24.27,13.07,67.8,0.8,13.39
24.28,13.07,67.7,0.8,13.39
24.28,13.07,67.7,0.8,13.39
24.29,13.07,67.7,0.8,13.39
24.29,13.07,67.7,0.8,13.39
24.3,13.07,67.7,0.8,13.39
24.3,13.07,67.7,0.8,13.39
24.31,13.07,67.7,0.8,13.39
24.31,13.07,67.7,0.8,13.39
24.32,13.07,67.7,0.8,13.39
24.32,13.07,67.7,0.8,13.39
24.33,13.07,67.7,0.8,13.39
24.33,13.07,67.7,0.8,13.39
24.34,13.07,67.7,0.8,13.38
24.34,13.07,67.7,0.8,13.38
24.35,13.07,67.7,0.8,13.38
24.35,13.07,67.7,0.8,13.38
24.36,13.07,67.7,0.8,13.38
24.36,13.07,67.7,0.8,13.38
24.37,13.07,67.7,0.8,13.38
24.37,13.07,67.7,0.8,13.38
24.38,13.07,67.7,0.8,13.38
24.39,13.07,67.7,0.8,13.38
24.39,13.07,67.7,0.8,13.38
24.4,13.07,67.7,0.8,13.38
24.4,13.07,67.6,0.8,13.38
24.41,13.07,67.6,0.8,13.38
24.41,13.07,67.6,0.8,13.38
24.42,13.07,67.6,0.8,13.38
24.42,13.07,67.6,0.8,13.38
24.43,13.07,67.6,0.8,13.38
24.43,13.07,67.6,0.8,13.38
24.44,13.07,67.6,0.8,13.38
24.44,13.07,67.6,0.8,13.38
24.45,13.07,67.6,0.8,13.38
24.45,13.07,67.6,0.8,13.38
24.45,13.07,67.6,0.8,13.38
24.46,13.07,67.6,0.8,13.38
24.47,13.07,67.6,0.8,13.38
24.47,13.07,67.6,0.8,13.38
24.48,13.07,67.6,0.8,13.38
24.48,13.07,67.6,0.8,13.38
24.49,13.07,67.6,0.8,13.38
24.49,13.07,67.6,0.8,13.38
24.5,13.07,67.6,0.8,13.38
24.5,13.07,67.6,0.8,13.38
24.51,13.07,67.6,0.8,13.38
24.51,13.07,67.6,0.8,13.38
24.52,13.07,67.6,0.8,13.38
24.52,13.07,67.5,0.8,13.38
24.53,13.07,67.5,0.8,13.38
24.53,13.07,67.5,0.8,13.38
24.54,13.07,67.5,0.8,13.38
24.54,13.07,67.5,0.8,13.38
24.55,13.07,67.5,0.8,13.38
24.55,13.07,67.5,0.8,13.38
24.56,13.07,67.5,0.8,13.38
24.56,13.07,67.5,0.8,13.38
24.57,13.07,67.5,0.8,13.38
24.57,13.07,67.5,0.8,13.38
24.57,13.07,67.5,0.8,13.38
24.58,13.07,67.5,0.8,13.37
24.59,13.07,67.5,0.8,13.37
24.59,13.07,67.5,0.8,13.37
24.6,13.07,67.5,0.8,13.37
24.6,13.07,67.5,0.8,13.37
24.61,13.07,67.5,0.8,13.37
24.61,13.07,67.5,0.8,13.37
24.62,13.07,67.5,0.8,13.37
24.62,13.07,67.5,0.8,13.37
24.63,13.07,67.5,0.8,13.37
24.63,13.07,67.5,0.8,13.37
24.63,13.07,67.5,0.8,13.37
24.64,13.07,67.4,0.8,13.37
24.64,13.07,67.4,0.8,13.37
24.65,13.07,67.4,0.8,13.37
24.65,13.07,67.4,0.8,13.37
24.66,13.07,67.4,0.8,13.37
24.66,13.07,67.4,0.8,13.37
24.67,13.07,67.4,0.8,13.37
24.67,13.07,67.4,0.8,13.37
24.68,13.07,67.4,0.8,13.37
24.69,13.07,67.4,0.8,13.37
24.69,13.07,67.4,0.8,13.37
24.69,13.07,67.4,0.8,13.37
24.7,13.07,67.4,0.8,13.37
24.7,13.07,67.4,0.8,13.37
24.71,13.07,67.4,0.8,13.37
24.71,13.07,67.4,0.8,13.37
24.72,13.07,67.4,0.8,13.37
24.73,13.07,67.4,0.8,13.37
24.73,13.07,67.4,0.8,13.37
24.73,13.07,67.4,0.8,13.37
24.74,13.07,67.4,0.8,13.37
24.74,13.07,67.4,0.8,13.37
24.75,13.07,67.4,0.8,13.37
24.75,13.07,67.4,0.8,13.37
24.76,13.07,67.3,0.8,13.37
24.76,13.07,67.3,0.8,13.37
24.77,13.07,67.3,0.8,13.37
24.77,13.07,67.3,0.8,13.37
24.78,13.07,67.3,0.8,13.37
24.78,13.07,67.3,0.8,13.37
24.79,13.07,67.3,0.8,13.37
24.79,13.07,67.3,0.8,13.37
24.8,13.07,67.3,0.8,13.37
24.8,13.07,67.3,0.8,13.37
24.81,13.07,67.3,0.8,13.37
24.81,13.07,67.3,0.8,13.37
24.82,13.07,67.3,0.8,13.36
24.82,13.07,67.3,0.8,13.36
24.83,13.07,67.3,0.8,13.36
24.83,13.07,67.3,0.8,13.36
24.84,13.07,67.3,0.8,13.36
24.84,13.07,67.3,0.8,13.36
24.85,13.07,67.3,0.8,13.36
24.85,13.07,67.3,0.8,13.36
24.86,13.07,67.3,0.8,13.36
24.86,13.07,67.3,0.8,13.36
24.87,13.07,67.3,0.8,13.36
24.87,13.07,67.3,0.8,13.36
24.88,13.07,67.2,0.8,13.36
24.88,13.07,67.2,0.8,13.36
24.89,13.07,67.2,0.8,13.36
24.89,13.07,67.2,0.8,13.36
24.9,13.07,67.2,0.8,13.36
24.9,13.07,67.2,0.8,13.36
24.91,13.07,67.2,0.8,13.36
24.91,13.07,67.2,0.8,13.36
24.92,13.07,67.2,0.8,13.36
24.92,13.07,67.2,0.8,13.36
24.93,13.07,67.2,0.8,13.36
24.93,13.07,67.2,0.8,13.36
24.94,13.07,67.2,0.8,13.36
24.94,13.07,67.2,0.8,13.36
24.95,13.07,67.2,0.8,13.36
24.95,13.07,67.2,0.8,13.36
24.96,13.07,67.2,0.8,13.36
24.96,13.07,67.2,0.8,13.36
24.97,13.07,67.2,0.8,13.36
24.97,13.07,67.2,0.8,13.36
24.98,13.07,67.2,0.8,13.36
24.98,13.07,67.2,0.8,13.36
24.99,13.07,67.2,0.8,13.36
24.99,13.07,67.2,0.8,13.36
25.0,13.07,67.1,0.8,13.36
25.0,13.07,67.1,0.8,13.36
25.01,13.07,67.1,0.8,13.36
25.01,13.07,67.1,0.8,13.36
25.02,13.07,67.1,0.8,13.36
25.02,13.07,67.1,0.8,13.36
25.03,13.07,67.1,0.8,13.36
25.03,13.07,67.1,0.8,13.36
25.04,13.07,67.1,0.8,13.36
25.04,13.07,67.1,0.8,13.36
25.05,13.07,67.1,0.8,13.36
25.05,13.07,67.1,0.8,13.36
25.06,13.07,67.1,0.8,13.35
25.06,13.07,67.1,0.8,13.35
25.07,13.07,67.1,0.8,13.35
25.07,13.07,67.1,0.8,13.35
25.08,13.07,67.1,0.8,13.35
25.08,13.07,67.1,0.8,13.35
25.09,13.07,67.1,0.8,13.35
25.09,13.07,67.1,0.8,13.35
25.1,13.07,67.1,0.8,13.35
25.1,13.07,67.1,0.8,13.35
25.11,13.07,67.1,0.8,13.35
25.11,13.07,67.1,0.8,13.35
25.12,13.07,67.0,0.8,13.35
25.12,13.07,67.0,0.8,13.35
25.13,13.07,67.0,0.8,13.35
25.13,13.07,67.0,0.8,13.35
25.14,13.07,67.0,0.8,13.35
25.14,13.07,67.0,0.8,13.35
25.15,13.07,67.0,0.8,13.35
25.15,13.07,67.0,0.8,13.35
25.16,13.07,67.0,0.8,13.35
25.16,13.07,67.0,0.8,13.35
25.17,13.07,67.0,0.8,13.35
25.17,13.07,67.0,0.8,13.35
25.18,13.07,67.0,0.8,13.35
25.18,13.07,67.0,0.8,13.35
25.19,13.07,67.0,0.8,13.35
25.19,13.07,67.0,0.8,13.35
25.2,13.07,67.0,0.8,13.35
25.2,13.07,67.0,0.8,13.35
25.21,13.07,67.0,0.8,13.35
25.21,13.07,67.0,0.8,13.35
25.22,13.07,67.0,0.8,13.35
25.23,13.07,67.0,0.8,13.35
25.23,13.07,67.0,0.8,13.35
25.24,13.07,67.0,0.8,13.35
25.24,13.07,66.9,0.8,13.35
25.25,13.07,66.9,0.8,13.35
25.25,13.07,66.9,0.8,13.35
25.26,13.07,66.9,0.8,13.35
25.26,13.07,66.9,0.8,13.35
25.26,13.07,66.9,0.8,13.35
25.27,13.07,66.9,0.8,13.35
25.28,13.07,66.9,0.8,13.35
25.28,13.07,66.9,0.8,13.35
25.29,13.07,66.9,0.8,13.35
25.29,13.07,66.9,0.8,13.35
25.3,13.07,66.9,0.8,13.35
25.3,13.07,66.9,0.8,13.34
25.3,13.07,66.9,0.8,13.34
25.31,13.07,66.9,0.8,13.34
25.31,13.07,66.9,0.8,13.34
25.32,13.07,66.9,0.8,13.34
25.32,13.07,66.9,0.8,13.34
25.33,13.07,66.9,0.8,13.34
25.33,13.07,66.9,0.8,13.34
25.34,13.07,66.9,0.8,13.34
25.34,13.07,66.9,0.8,13.34
25.35,13.07,66.9,0.8,13.34
25.35,13.07,66.9,0.8,13.34
25.36,13.07,66.8,0.8,13.34
25.37,13.07,66.8,0.8,13.34
25.37,13.07,66.8,0.8,13.34
25.38,13.07,66.8,0.8,13.34
25.38,13.07,66.8,0.8,13.34
25.38,13.07,66.8,0.8,13.34
25.39,13.07,66.8,0.8,13.34
25.39,13.07,66.8,0.8,13.34
25.4,13.07,66.8,0.8,13.34
25.4,13.07,66.8,0.8,13.34
25.41,13.07,66.8,0.8,13.34
25.41,13.07,66.8,0.8,13.34
25.42,13.07,66.8,0.8,13.34
25.42,13.07,66.8,0.8,13.34
25.43,13.07,66.8,0.8,13.34
25.43,13.07,66.8,0.8,13.34
25.44,13.07,66.8,0.8,13.34
25.44,13.07,66.8,0.8,13.34
25.45,13.07,66.8,0.8,13.34
25.45,13.07,66.8,0.8,13.34
25.46,13.07,66.8,0.8,13.34
25.46,13.07,66.8,0.8,13.34
25.47,13.07,66.8,0.8,13.34
25.47,13.07,66.8,0.8,13.34
25.48,13.07,66.7,0.8,13.34
25.49,13.07,66.7,0.8,13.34
25.49,13.07,66.7,0.8,13.34
25.5,13.07,66.7,0.8,13.34
25.5,13.07,66.7,0.8,13.34
25.51,13.07,66.7,0.8,13.34
25.51,13.07,66.7,0.8,13.34
25.52,13.07,66.7,0.8,13.34
25.53,13.07,66.7,0.8,13.34
25.53,13.07,66.7,0.8,13.34
25.54,13.07,66.7,0.8,13.34
25.54,13.07,66.7,0.8,13.34
25.55,13.07,66.7,0.8,13.33
25.55,13.07,66.7,0.8,13.33
25.56,13.07,66.7,0.8,13.33
25.56,13.07,66.7,0.8,13.33
25.57,13.07,66.7,0.8,13.33
25.57,13.07,66.7,0.8,13.33
25.58,13.07,66.7,0.8,13.33
25.58,13.07,66.7,0.8,13.33
25.59,13.07,66.7,0.8,13.33
25.59,13.07,66.7,0.8,13.33
25.6,13.07,66.7,0.8,13.33
25.6,13.07,66.7,0.8,13.33
25.61,13.07,66.6,0.8,13.33
25.61,13.07,66.6,0.8,13.33
25.62,13.07,66.6,0.8,13.33
25.62,13.07,66.6,0.8,13.33
25.63,13.07,66.6,0.8,13.33
25.64,13.07,66.6,0.8,13.33
25.64,13.07,66.6,0.8,13.33
25.65,13.07,66.6,0.8,13.33
25.65,13.07,66.6,0.8,13.33
25.66,13.07,66.6,0.8,13.33
25.66,13.07,66.6,0.8,13.33
25.67,13.07,66.6,0.8,13.33
25.67,13.07,66.6,0.8,13.33
25.68,13.07,66.6,0.8,13.33
25.68,13.07,66.6,0.8,13.33
25.69,13.07,66.6,0.8,13.33
25.69,13.07,66.6,0.8,13.33
25.7,13.07,66.6,0.8,13.33
25.7,13.07,66.6,0.8,13.33
25.71,13.07,66.6,0.8,13.33
25.71,13.07,66.6,0.8,13.33
25.72,13.07,66.6,0.8,13.33
25.72,13.07,66.6,0.8,13.33
25.73,13.07,66.6,0.8,13.33
25.74,13.07,66.5,0.8,13.33
25.74,13.07,66.5,0.8,13.33
25.74,13.07,66.5,0.8,13.33
25.75,13.07,66.5,0.8,13.33
25.75,13.07,66.5,0.8,13.33
25.76,13.07,66.5,0.8,13.33
25.76,13.07,66.5,0.8,13.33
25.77,13.07,66.5,0.8,13.33
25.77,13.07,66.5,0.8,13.33
25.78,13.07,66.5,0.8,13.33
25.78,13.07,66.5,0.8,13.33
25.79,13.07,66.5,0.8,13.33
25.79,13.07,66.5,0.8,13.32
25.8,13.07,66.5,0.8,13.32
25.8,13.07,66.5,0.8,13.32
25.81,13.07,66.5,0.8,13.32
25.81,13.07,66.5,0.8,13.32
25.82,13.07,66.5,0.8,13.32
25.82,13.07,66.5,0.8,13.32
25.83,13.07,66.5,0.8,13.32
25.83,13.07,66.5,0.8,13.32
25.84,13.07,66.5,0.8,13.32
25.84,13.07,66.5,0.8,13.32
25.85,13.07,66.5,0.8,13.32
25.85,13.07,66.4,0.8,13.32
25.86,13.07,66.4,0.8,13.32
25.86,13.07,66.4,0.8,13.32
25.87,13.07,66.4,0.8,13.32
25.88,13.07,66.4,0.8,13.32
25.88,13.07,66.4,0.8,13.32
25.89,13.07,66.4,0.8,13.32
25.89,13.07,66.4,0.8,13.32
25.9,13.07,66.4,0.8,13.32
25.9,13.07,66.4,0.8,13.32
25.91,13.07,66.4,0.8,13.32
25.91,13.07,66.4,0.8,13.32
25.92,13.07,66.4,0.8,13.32
25.92,13.07,66.4,0.8,13.32
25.93,13.07,66.4,0.8,13.32
25.93,13.07,66.4,0.8,13.32
25.94,13.07,66.4,0.8,13.32
25.94,13.07,66.4,0.8,13.32
25.94,13.07,66.4,0.8,13.32
25.95,13.07,66.4,0.8,13.32
25.96,13.07,66.4,0.8,13.32
25.96,13.07,66.4,0.8,13.32
25.97,13.07,66.4,0.8,13.32
25.97,13.07,66.4,0.8,13.32
25.97,13.07,66.3,0.8,13.32
25.98,13.07,66.3,0.8,13.32
25.99,13.07,66.3,0.8,13.32
25.99,13.07,66.3,0.8,13.32
25.99,13.07,66.3,0.8,13.32
26.0,13.07,66.3,0.8,13.32
26.01,13.07,66.3,0.8,13.32
26.01,13.07,66.3,0.8,13.32
26.01,13.07,66.3,0.8,13.32
26.02,13.07,66.3,0.8,13.32
26.02,13.07,66.3,0.8,13.32
26.03,13.07,66.3,0.8,13.32
26.04,13.07,66.3,0.8,13.31
26.04,13.07,66.3,0.8,13.31
26.05,13.07,66.3,0.8,13.31
26.05,13.07,66.3,0.8,13.31
26.06,13.07,66.3,0.8,13.31
26.06,13.07,66.3,0.8,13.31
26.07,13.07,66.3,0.8,13.31
26.07,13.07,66.3,0.8,13.31
26.07,13.07,66.3,0.8,13.31
26.08,13.07,66.3,0.8,13.31
26.08,13.07,66.3,0.8,13.31
26.09,13.07,66.3,0.8,13.31
26.09,13.07,66.2,0.8,13.31
26.1,13.07,66.2,0.8,13.31
26.1,13.07,66.2,0.8,13.31
26.11,13.07,66.2,0.8,13.31
26.11,13.07,66.2,0.8,13.31
26.12,13.07,66.2,0.8,13.31
26.12,13.07,66.2,0.8,13.31
26.13,13.07,66.2,0.8,13.31
26.13,13.07,66.2,0.8,13.31
26.14,13.07,66.2,0.8,13.31
26.14,13.07,66.2,0.8,13.31
26.15,13.07,66.2,0.8,13.31
26.15,13.07,66.2,0.8,13.31
26.16,13.07,66.2,0.8,13.31
26.16,13.07,66.2,0.8,13.31
26.17,13.07,66.2,0.8,13.31
26.17,13.07,66.2,0.8,13.31
26.18,13.07,66.2,0.8,13.31
26.18,13.07,66.2,0.8,13.31
26.18,13.07,66.2,0.8,13.31
26.19,13.07,66.2,0.8,13.31
26.2,13.07,66.2,0.8,13.31
26.2,13.07,66.2,0.8,13.31
26.21,13.07,66.2,0.8,13.31
26.21,13.07,66.1,0.8,13.31
26.22,13.07,66.1,0.8,13.31
26.22,13.07,66.1,0.8,13.31
26.23,13.07,66.1,0.8,13.31
26.23,13.07,66.1,0.8,13.31
26.24,13.07,66.1,0.8,13.31
26.24,13.07,66.1,0.8,13.31
26.25,13.07,66.1,0.8,13.31
26.25,13.07,66.1,0.8,13.31
26.26,13.07,66.1,0.8,13.31
26.26,13.07,66.1,0.8,13.31
26.27,13.07,66.1,0.8,13.31
26.27,13.07,66.1,0.8,13.3
26.28,13.07,66.1,0.8,13.3
26.28,13.07,66.1,0.8,13.3
26.29,13.07,66.1,0.8,13.3
26.29,13.07,66.1,0.8,13.3
26.3,13.07,66.1,0.8,13.3
26.31,13.07,66.1,0.8,13.3
26.31,13.07,66.1,0.8,13.3
26.32,13.07,66.1,0.8,13.3
26.32,13.07,66.1,0.8,13.3
26.33,13.07,66.1,0.8,13.3
26.33,13.07,66.1,0.8,13.3
26.34,13.07,66.0,0.8,13.3
26.34,13.07,66.0,0.8,13.3
26.35,13.07,66.0,0.8,13.3
26.35,13.07,66.0,0.8,13.3
26.36,13.07,66.0,0.8,13.3
26.36,13.07,66.0,0.8,13.3
26.37,13.07,66.0,0.8,13.3
26.37,13.07,66.0,0.8,13.3
26.38,13.07,66.0,0.8,13.3
26.38,13.07,66.0,0.8,13.3
26.39,13.07,66.0,0.8,13.3
26.39,13.07,66.0,0.8,13.3
26.4,13.07,66.0,0.8,13.3
26.4,13.07,66.0,0.8,13.3
26.41,13.07,66.0,0.8,13.3
26.41,13.07,66.0,0.8,13.3
26.42,13.07,66.0,0.8,13.3
26.43,13.07,66.0,0.8,13.3
26.43,13.07,66.0,0.8,13.3
26.44,13.07,66.0,0.8,13.3
26.44,13.07,66.0,0.8,13.3
26.45,13.07,66.0,0.8,13.3
26.45,13.07,66.0,0.8,13.3
26.46,13.07,66.0,0.8,13.3
26.46,13.07,65.9,0.8,13.3
26.47,13.07,65.9,0.8,13.3
26.48,13.07,65.9,0.8,13.3
26.48,13.07,65.9,0.8,13.3
26.48,13.07,65.9,0.8,13.3
26.49,13.07,65.9,0.8,13.3
26.49,13.07,65.9,0.8,13.3
26.5,13.07,65.9,0.8,13.3
26.5,13.07,65.9,0.8,13.3
26.51,13.07,65.9,0.8,13.3
26.51,13.07,65.9,0.8,13.3
26.52,13.07,65.9,0.8,13.3
26.52,13.07,65.9,0.8,13.29
26.53,13.07,65.9,0.8,13.29
26.53,13.07,65.9,0.8,13.29
26.54,13.07,65.9,0.8,13.29
26.54,13.07,65.9,0.8,13.29
26.55,13.07,65.9,0.8,13.29
26.55,13.07,65.9,0.8,13.29
26.56,13.07,65.9,0.8,13.29
26.56,13.07,65.9,0.8,13.29
26.57,13.07,65.9,0.8,13.29
26.57,13.07,65.9,0.8,13.29
26.58,13.07,65.9,0.8,13.29
26.58,13.07,65.8,0.8,13.29
26.59,13.07,65.8,0.8,13.29
26.6,13.07,65.8,0.8,13.29
26.6,13.07,65.8,0.8,13.29
26.6,13.07,65.8,0.8,13.29
26.61,13.07,65.8,0.8,13.29
26.61,13.07,65.8,0.8,13.29
26.62,13.07,65.8,0.8,13.29
26.63,13.07,65.8,0.8,13.29
26.63,13.07,65.8,0.8,13.29
26.64,13.07,65.8,0.8,13.29
26.64,13.07,65.8,0.8,13.29
26.65,13.07,65.8,0.8,13.29
26.65,13.07,65.8,0.8,13.29
26.66,13.07,65.8,0.8,13.29
26.66,13.07,65.8,0.8,13.29
26.67,13.07,65.8,0.8,13.29
26.67,13.07,65.8,0.8,13.29
26.68,13.07,65.8,0.8,13.29
26.68,13.07,65.8,0.8,13.29
26.69,13.07,65.8,0.8,13.29
26.69,13.07,65.8,0.8,13.29
26.7,13.07,65.8,0.8,13.29
26.7,13.07,65.8,0.8,13.29
26.71,13.07,65.7,0.8,13.29
26.71,13.07,65.7,0.8,13.29
26.72,13.07,65.7,0.8,13.29
26.72,13.07,65.7,0.8,13.29
26.73,13.07,65.7,0.8,13.29
26.73,13.07,65.7,0.8,13.29
26.74,13.07,65.7,0.8,13.29
26.74,13.07,65.7,0.8,13.29
26.75,13.07,65.7,0.8,13.29
26.76,13.07,65.7,0.8,13.29
26.76,13.07,65.7,0.8,13.29
26.76,13.07,65.7,0.8,13.29
26.77,13.07,65.7,0.8,13.28
26.78,13.07,65.7,0.8,13.28
26.78,13.07,65.7,0.8,13.28
26.79,13.07,65.7,0.8,13.28
26.79,13.07,65.7,0.8,13.28
26.8,13.07,65.7,0.8,13.28
26.8,13.07,65.7,0.8,13.28
26.81,13.07,65.7,0.8,13.28
26.81,13.07,65.7,0.8,13.28
26.82,13.07,65.7,0.8,13.28
26.82,13.07,65.7,0.8,13.28
26.83,13.07,65.7,0.8,13.28
26.83,13.07,65.6,0.8,13.28
26.84,13.07,65.6,0.8,13.28
26.84,13.07,65.6,0.8,13.28
26.85,13.07,65.6,0.8,13.28
26.85,13.07,65.6,0.8,13.28
26.86,13.07,65.6,0.8,13.28
26.86,13.07,65.6,0.8,13.28
26.87,13.07,65.6,0.8,13.28
26.88,13.07,65.6,0.8,13.28
26.88,13.07,65.6,0.8,13.28
26.89,13.07,65.6,0.8,13.28
26.89,13.07,65.6,0.8,13.28
26.9,13.07,65.6,0.8,13.28
26.9,13.07,65.6,0.8,13.28
26.9,13.07,65.6,0.8,13.28
26.91,13.07,65.6,0.8,13.28
26.92,13.07,65.6,0.8,13.28
26.92,13.07,65.6,0.8,13.28
26.93,13.07,65.6,0.8,13.28
26.93,13.07,65.6,0.8,13.28
26.94,13.07,65.6,0.8,13.28
26.94,13.07,65.6,0.8,13.28
26.95,13.07,65.6,0.8,13.28
26.95,13.07,65.6,0.8,13.28
26.96,13.07,65.5,0.8,13.28
26.96,13.07,65.5,0.8,13.28
26.97,13.07,65.5,0.8,13.28
26.97,13.07,65.5,0.8,13.28
26.97,13.07,65.5,0.8,13.28
26.98,13.07,65.5,0.8,13.28
26.98,13.07,65.5,0.8,13.28
26.99,13.07,65.5,0.8,13.28
27.0,13.07,65.5,0.8,13.28
27.0,13.07,65.5,0.8,13.28
27.01,13.07,65.5,0.8,13.28
27.01,13.07,65.5,0.8,13.28
27.01,13.07,65.5,0.8,13.27
27.02,13.07,65.5,0.8,13.27
27.02,13.07,65.5,0.8,13.27
27.03,13.07,65.5,0.8,13.27
27.04,13.07,65.5,0.8,13.27
27.04,13.07,65.5,0.8,13.27
27.05,13.07,65.5,0.8,13.27
27.05,13.07,65.5,0.8,13.27
27.06,13.07,65.5,0.8,13.27
27.06,13.07,65.5,0.8,13.27
27.07,13.07,65.5,0.8,13.27
27.07,13.07,65.5,0.8,13.27
27.08,13.07,65.4,0.8,13.27
27.08,13.07,65.4,0.8,13.27
27.09,13.07,65.4,0.8,13.27
27.09,13.07,65.4,0.8,13.27
27.1,13.07,65.4,0.8,13.27
27.11,13.07,65.4,0.8,13.27
27.11,13.07,65.4,0.8,13.27
27.11,13.07,65.4,0.8,13.27
27.12,13.07,65.4,0.8,13.27
27.12,13.07,65.4,0.8,13.27
27.13,13.07,65.4,0.8,13.27
27.13,13.07,65.4,0.8,13.27
27.14,13.07,65.4,0.8,13.27
27.14,13.07,65.4,0.8,13.27
27.15,13.07,65.4,0.8,13.27
27.15,13.07,65.4,0.8,13.27
27.16,13.07,65.4,0.8,13.27
27.16,13.07,65.4,0.8,13.27
27.17,13.07,65.4,0.8,13.27
27.18,13.07,65.4,0.8,13.27
27.18,13.07,65.4,0.8,13.27
27.19,13.07,65.4,0.8,13.27
27.19,13.07,65.4,0.8,13.27
27.2,13.07,65.4,0.8,13.27
27.2,13.07,65.3,0.8,13.27
27.21,13.07,65.3,0.8,13.27
27.21,13.07,65.3,0.8,13.27
27.22,13.07,65.3,0.8,13.27
27.22,13.07,65.3,0.8,13.27
27.23,13.07,65.3,0.8,13.27
27.23,13.07,65.3,0.8,13.27
27.24,13.07,65.3,0.8,13.27
27.24,13.07,65.3,0.8,13.27
27.25,13.07,65.3,0.8,13.27
27.26,13.07,65.3,0.8,13.27
27.26,13.07,65.3,0.8,13.27
27.27,13.07,65.3,0.8,13.26
27.27,13.07,65.3,0.8,13.26
27.28,13.07,65.3,0.8,13.26
27.28,13.07,65.3,0.8,13.26
27.29,13.07,65.3,0.8,13.26
27.29,13.07,65.3,0.8,13.26
27.3,13.07,65.3,0.8,13.26
27.3,13.07,65.3,0.8,13.26
27.31,13.07,65.3,0.8,13.26
27.31,13.07,65.3,0.8,13.26
27.32,13.07,65.3,0.8,13.26
27.32,13.07,65.3,0.8,13.26
27.33,13.07,65.2,0.8,13.26
27.33,13.07,65.2,0.8,13.26
27.34,13.07,65.2,0.8,13.26
27.34,13.07,65.2,0.8,13.26
27.35,13.07,65.2,0.8,13.26
27.35,13.07,65.2,0.8,13.26
27.36,13.07,65.2,0.8,13.26
27.36,13.07,65.2,0.8,13.26
27.37,13.07,65.2,0.8,13.26
27.37,13.07,65.2,0.8,13.26
27.38,13.07,65.2,0.8,13.26
27.39,13.07,65.2,0.8,13.26
27.39,13.07,65.2,0.8,13.26
27.4,13.07,65.2,0.8,13.26
27.4,13.07,65.2,0.8,13.26
27.41,13.07,65.2,0.8,13.26
27.41,13.07,65.2,0.8,13.26
27.42,13.07,65.2,0.8,13.26
27.42,13.07,65.2,0.8,13.26
27.43,13.07,65.2,0.8,13.26
27.44,13.07,65.2,0.8,13.26
27.44,13.07,65.2,0.8,13.26
27.45,13.07,65.2,0.8,13.26
27.45,13.07,65.2,0.8,13.26
27.46,13.07,65.1,0.8,13.26
27.46,13.07,65.1,0.8,13.26
27.47,13.07,65.1,0.8,13.26
27.47,13.07,65.1,0.8,13.26
27.48,13.07,65.1,0.8,13.26
27.48,13.07,65.1,0.8,13.26
27.49,13.07,65.1,0.8,13.26
27.49,13.07,65.1,0.8,13.26
27.5,13.07,65.1,0.8,13.26
27.5,13.07,65.1,0.8,13.26
27.51,13.07,65.1,0.8,13.26
27.51,13.07,65.1,0.8,13.26
27.52,13.07,65.1,0.8,13.25
27.52,13.07,65.1,0.8,13.25
27.52,13.07,65.1,0.8,13.25
27.53,13.07,65.1,0.8,13.25
27.54,13.07,65.1,0.8,13.25
27.54,13.07,65.1,0.8,13.25
27.55,13.07,65.1,0.8,13.25
27.55,13.07,65.1,0.8,13.25
27.56,13.07,65.1,0.8,13.25
27.56,13.07,65.1,0.8,13.25
27.57,13.07,65.1,0.8,13.25
27.57,13.07,65.1,0.8,13.25
27.58,13.07,65.0,0.8,13.25
27.58,13.07,65.0,0.8,13.25
27.59,13.07,65.0,0.8,13.25
27.59,13.07,65.0,0.8,13.25
27.6,13.07,65.0,0.8,13.25
27.6,13.07,65.0,0.8,13.25
27.61,13.07,65.0,0.8,13.25
27.61,13.07,65.0,0.8,13.25
27.62,13.07,65.0,0.8,13.25
27.62,13.07,65.0,0.8,13.25
27.63,13.07,65.0,0.8,13.25
27.63,13.07,65.0,0.8,13.25
27.63,13.07,65.0,0.8,13.25
27.64,13.07,65.0,0.8,13.25
27.64,13.07,65.0,0.8,13.25
27.65,13.07,65.0,0.8,13.25
27.66,13.07,65.0,0.8,13.25
27.66,13.07,65.0,0.8,13.25
27.67,13.07,65.0,0.8,13.25
27.67,13.07,65.0,0.8,13.25
27.68,13.07,65.0,0.8,13.25
27.68,13.07,65.0,0.8,13.25
27.69,13.07,65.0,0.8,13.25
27.69,13.07,65.0,0.8,13.25
27.7,13.07,64.9,0.8,13.25
27.7,13.07,64.9,0.8,13.25
27.71,13.07,64.9,0.8,13.25
27.71,13.07,64.9,0.8,13.25
27.72,13.07,64.9,0.8,13.25
27.72,13.07,64.9,0.8,13.25
27.73,13.07,64.9,0.8,13.25
27.73,13.07,64.9,0.8,13.25
27.74,13.07,64.9,0.8,13.25
27.74,13.07,64.9,0.8,13.25
27.75,13.07,64.9,0.8,13.25
27.75,13.07,64.9,0.8,13.25
27.76,13.07,64.9,0.8,13.24
27.76,13.07,64.9,0.8,13.24
27.77,13.07,64.9,0.8,13.24
27.77,13.07,64.9,0.8,13.24
27.78,13.07,64.9,0.8,13.24
27.78,13.07,64.9,0.8,13.24
27.78,13.07,64.9,0.8,13.24
27.79,13.07,64.9,0.8,13.24
27.79,13.07,64.9,0.8,13.24
27.8,13.07,64.9,0.8,13.24
27.8,13.07,64.9,0.8,13.24
27.81,13.07,64.9,0.8,13.24
27.81,13.07,64.8,0.8,13.24
27.82,13.07,64.8,0.8,13.24
27.82,13.07,64.8,0.8,13.24
27.83,13.07,64.8,0.8,13.24
27.83,13.07,64.8,0.8,13.24
27.84,13.07,64.8,0.8,13.24
27.84,13.07,64.8,0.8,13.24
27.85,13.07,64.8,0.8,13.24
27.85,13.07,64.8,0.8,13.24
27.86,13.07,64.8,0.8,13.24
27.86,13.07,64.8,0.8,13.24
27.87,13.07,64.8,0.8,13.24
27.87,13.07,64.8,0.8,13.24
27.88,13.07,64.8,0.8,13.24
27.88,13.07,64.8,0.8,13.24
27.89,13.07,64.8,0.8,13.24
27.89,13.07,64.8,0.8,13.24
27.9,13.07,64.8,0.8,13.24
27.9,13.07,64.8,0.8,13.24
27.91,13.07,64.8,0.8,13.24
27.91,13.07,64.8,0.8,13.24
27.92,13.07,64.8,0.8,13.24
27.92,13.07,64.8,0.8,13.24
27.93,13.07,64.8,0.8,13.24
27.93,13.07,64.7,0.8,13.24
27.94,13.07,64.7,0.8,13.24
27.94,13.07,64.7,0.8,13.24
27.95,13.07,64.7,0.8,13.24
27.95,13.07,64.7,0.8,13.24
27.95,13.07,64.7,0.8,13.24
27.96,13.07,64.7,0.8,13.24
27.97,13.07,64.7,0.8,13.24
27.97,13.07,64.7,0.8,13.24
27.98,13.07,64.7,0.8,13.24
27.98,13.07,64.7,0.8,13.24
27.99,13.07,64.7,0.8,13.24
27.99,13.07,64.7,0.8,13.23
28.0,13.07,64.7,0.8,13.23
28.0,13.07,64.7,0.8,13.23
28.0,13.07,64.7,0.8,13.23
28.01,13.07,64.7,0.8,13.23
28.01,13.07,64.7,0.8,13.23
28.02,13.07,64.7,0.8,13.23
28.02,13.07,64.7,0.8,13.23
28.03,13.07,64.7,0.8,13.23
28.03,13.07,64.7,0.8,13.23
28.04,13.07,64.7,0.8,13.23
28.04,13.07,64.7,0.8,13.23
28.05,13.07,64.6,0.8,13.23
28.05,13.07,64.6,0.8,13.23
28.06,13.07,64.6,0.8,13.23
28.06,13.07,64.6,0.8,13.23
28.07,13.07,64.6,0.8,13.23
28.07,13.07,64.6,0.8,13.23
28.08,13.07,64.6,0.8,13.23
28.08,13.07,64.6,0.8,13.23
28.09,13.07,64.6,0.8,13.23
28.09,13.07,64.6,0.8,13.23
28.1,13.07,64.6,0.8,13.23
28.1,13.07,64.6,0.8,13.23
28.11,13.07,64.6,0.8,13.23
28.11,13.07,64.6,0.8,13.23
28.11,13.07,64.6,0.8,13.23
28.12,13.07,64.6,0.8,13.23
28.12,13.07,64.6,0.8,13.23
28.13,13.07,64.6,0.8,13.23
28.13,13.07,64.6,0.8,13.23
28.14,13.07,64.6,0.8,13.23
28.14,13.07,64.6,0.8,13.23
28.15,13.07,64.6,0.8,13.23
28.15,13.07,64.6,0.8,13.23
28.16,13.07,64.6,0.8,13.23
28.16,13.07,64.5,0.8,13.23
28.17,13.07,64.5,0.8,13.23
28.17,13.07,64.5,0.8,13.23
28.18,13.07,64.5,0.8,13.23
28.18,13.07,64.5,0.8,13.23
28.19,13.07,64.5,0.8,13.23
28.19,13.07,64.5,0.8,13.23
28.2,13.07,64.5,0.8,13.23
28.2,13.07,64.5,0.8,13.23
28.21,13.07,64.5,0.8,13.23
28.21,13.07,64.5,0.8,13.23
28.22,13.07,64.5,0.8,13.23
28.22,13.07,64.5,0.8,13.22
28.23,13.07,64.5,0.8,13.22
28.23,13.07,64.5,0.8,13.22
28.24,13.07,64.5,0.8,13.22
28.24,13.07,64.5,0.8,13.22
28.25,13.07,64.5,0.8,13.22
28.25,13.07,64.5,0.8,13.22
28.26,13.07,64.5,0.8,13.22
28.26,13.07,64.5,0.8,13.22
28.27,13.07,64.5,0.8,13.22
28.27,13.07,64.5,0.8,13.22
28.28,13.07,64.5,0.8,13.22
28.28,13.07,64.4,0.8,13.22
28.29,13.07,64.4,0.8,13.22
28.29,13.07,64.4,0.8,13.22
28.3,13.07,64.4,0.8,13.22
28.3,13.07,64.4,0.8,13.22
28.31,13.07,64.4,0.8,13.22
28.31,13.07,64.4,0.8,13.22
28.32,13.07,64.4,0.8,13.22
28.32,13.07,64.4,0.8,13.22
28.33,13.07,64.4,0.8,13.22
28.33,13.07,64.4,0.8,13.22
28.34,13.07,64.4,0.8,13.22
28.34,13.07,64.4,0.8,13.22
28.35,13.07,64.4,0.8,13.22
28.35,13.07,64.4,0.8,13.22
28.36,13.07,64.4,0.8,13.22
28.36,13.07,64.4,0.8,13.22
28.37,13.07,64.4,0.8,13.22
28.37,13.07,64.4,0.8,13.22
28.38,13.07,64.4,0.8,13.22
28.38,13.07,64.4,0.8,13.22
28.39,13.07,64.4,0.8,13.22
28.39,13.07,64.4,0.8,13.22
28.4,13.07,64.4,0.8,13.22
28.4,13.07,64.3,0.8,13.22
28.41,13.07,64.3,0.8,13.22
28.41,13.07,64.3,0.8,13.22
28.42,13.07,64.3,0.8,13.22
28.42,13.07,64.3,0.8,13.22
28.43,13.07,64.3,0.8,13.22
28.44,13.07,64.3,0.8,13.22
28.44,13.07,64.3,0.8,13.22
28.44,13.07,64.3,0.8,13.22
28.45,13.07,64.3,0.8,13.22
28.45,13.07,64.3,0.8,13.22
28.46,13.07,64.3,0.8,13.22
28.46,13.07,64.3,0.8,13.21
28.47,13.07,64.3,0.8,13.21
28.48,13.07,64.3,0.8,13.21
28.48,13.07,64.3,0.8,13.21
28.49,13.07,64.3,0.8,13.21
28.49,13.07,64.3,0.8,13.21
28.5,13.07,64.3,0.8,13.21
28.5,13.07,64.3,0.8,13.21
28.51,13.07,64.3,0.8,13.21
28.51,13.07,64.3,0.8,13.21
28.52,13.07,64.3,0.8,13.21
28.52,13.07,64.3,0.8,13.21
28.53,13.07,64.2,0.8,13.21
28.53,13.07,64.2,0.8,13.21
28.54,13.07,64.2,0.8,13.21
28.54,13.07,64.2,0.8,13.21
28.55,13.07,64.2,0.8,13.21
28.55,13.07,64.2,0.8,13.21
28.56,13.07,64.2,0.8,13.21
28.56,13.07,64.2,0.8,13.21
28.57,13.07,64.2,0.8,13.21
28.57,13.07,64.2,0.8,13.21
28.58,13.07,64.2,0.8,13.21
28.58,13.07,64.2,0.8,13.21
28.59,13.07,64.2,0.8,13.21
28.59,13.07,64.2,0.8,13.21
28.6,13.07,64.2,0.8,13.21
28.6,13.07,64.2,0.8,13.21
28.61,13.07,64.2,0.8,13.21
28.61,13.07,64.2,0.8,13.21
28.62,13.07,64.2,0.8,13.21
28.62,13.07,64.2,0.8,13.21
28.62,13.07,64.2,0.8,13.21
28.63,13.07,64.2,0.8,13.21
28.63,13.07,64.2,0.8,13.21
28.64,13.07,64.2,0.8,13.21
28.65,13.07,64.1,0.8,13.21
28.65,13.07,64.1,0.8,13.21
28.66,13.07,64.1,0.8,13.21
28.66,13.07,64.1,0.8,13.21
28.67,13.07,64.1,0.8,13.21
28.67,13.07,64.1,0.8,13.21
28.68,13.07,64.1,0.8,13.21
28.68,13.07,64.1,0.8,13.21
28.69,13.07,64.1,0.8,13.21
28.69,13.07,64.1,0.8,13.21
28.7,13.07,64.1,0.8,13.21
28.7,13.07,64.1,0.8,13.21
28.71,13.07,64.1,0.8,13.2
28.71,13.07,64.1,0.8,13.2
28.72,13.07,64.1,0.8,13.2
28.72,13.07,64.1,0.8,13.2
28.73,13.07,64.1,0.8,13.2
28.73,13.07,64.1,0.8,13.2
28.74,13.07,64.1,0.8,13.2
28.74,13.07,64.1,0.8,13.2
28.75,13.07,64.1,0.8,13.2
28.75,13.07,64.1,0.8,13.2
28.76,13.07,64.1,0.8,13.2
28.76,13.07,64.1,0.8,13.2
28.77,13.07,64.0,0.8,13.2
28.77,13.07,64.0,0.8,13.2
28.78,13.07,64.0,0.8,13.2
28.78,13.07,64.0,0.8,13.2
28.79,13.07,64.0,0.8,13.2
28.79,13.07,64.0,0.8,13.2
28.8,13.07,64.0,0.8,13.2
28.8,13.07,64.0,0.8,13.2
28.81,13.07,64.0,0.8,13.2
28.81,13.07,64.0,0.8,13.2
28.82,13.07,64.0,0.8,13.2
28.82,13.07,64.0,0.8,13.2
28.83,13.07,64.0,0.8,13.2
28.83,13.07,64.0,0.8,13.2
28.84,13.07,64.0,0.8,13.2
28.85,13.07,64.0,0.8,13.2
28.85,13.07,64.0,0.8,13.2
28.86,13.07,64.0,0.8,13.2
28.86,13.07,64.0,0.8,13.2
28.87,13.07,64.0,0.8,13.2
28.87,13.07,64.0,0.8,13.2
28.88,13.07,64.0,0.8,13.2
28.88,13.07,64.0,0.8,13.2
28.89,13.07,64.0,0.8,13.2
28.89,13.07,63.9,0.8,13.2
28.9,13.07,63.9,0.8,13.2
28.9,13.07,63.9,0.8,13.2
28.91,13.07,63.9,0.8,13.2
28.91,13.07,63.9,0.8,13.2
28.92,13.07,63.9,0.8,13.2
28.92,13.07,63.9,0.8,13.2
28.93,13.07,63.9,0.8,13.2
28.93,13.07,63.9,0.8,13.2
28.94,13.07,63.9,0.8,13.2
28.94,13.07,63.9,0.8,13.2
28.95,13.07,63.9,0.8,13.2
28.95,13.07,63.9,0.8,13.19
28.96,13.07,63.9,0.8,13.19
28.96,13.07,63.9,0.8,13.19
28.97,13.07,63.9,0.8,13.19
28.97,13.07,63.9,0.8,13.19
28.98,13.07,63.9,0.8,13.19
28.98,13.07,63.9,0.8,13.19
28.99,13.07,63.9,0.8,13.19
28.99,13.07,63.9,0.8,13.19
29.0,13.07,63.9,0.8,13.19
29.0,13.07,63.9,0.8,13.19
29.01,13.07,63.9,0.8,13.19
29.01,13.07,63.8,0.8,13.19
29.02,13.07,63.8,0.8,13.19
29.02,13.07,63.8,0.8,13.19
29.03,13.07,63.8,0.8,13.19
29.03,13.07,63.8,0.8,13.19
29.04,13.07,63.8,0.8,13.19
29.04,13.07,63.8,0.8,13.19
29.05,13.07,63.8,0.8,13.19
29.05,13.07,63.8,0.8,13.19
29.06,13.07,63.8,0.8,13.19
29.07,13.07,63.8,0.8,13.19
29.07,13.07,63.8,0.8,13.19
29.08,13.07,63.8,0.8,13.19
29.08,13.07,63.8,0.8,13.19
29.09,13.07,63.8,0.8,13.19
29.09,13.07,63.8,0.8,13.19
29.1,13.07,63.8,0.8,13.19
29.1,13.07,63.8,0.8,13.19
29.11,13.07,63.8,0.8,13.19
29.11,13.07,63.8,0.8,13.19
29.12,13.07,63.8,0.8,13.19
29.12,13.07,63.8,0.8,13.19
29.13,13.07,63.8,0.8,13.19
29.13,13.07,63.8,0.8,13.19
29.14,13.07,63.7,0.8,13.19
29.14,13.07,63.7,0.8,13.19
29.15,13.07,63.7,0.8,13.19
29.15,13.07,63.7,0.8,13.19
29.16,13.07,63.7,0.8,13.19
29.16,13.07,63.7,0.8,13.19
29.17,13.07,63.7,0.8,13.19
29.17,13.07,63.7,0.8,13.19
29.18,13.07,63.7,0.8,13.19
29.18,13.07,63.7,0.8,13.19
29.19,13.07,63.7,0.8,13.19
29.19,13.07,63.7,0.8,13.19
29.2,13.07,63.7,0.8,13.18
29.2,13.07,63.7,0.8,13.18
29.21,13.07,63.7,0.8,13.18
29.21,13.07,63.7,0.8,13.18
29.22,13.07,63.7,0.8,13.18
29.22,13.07,63.7,0.8,13.18
29.23,13.07,63.7,0.8,13.18
29.23,13.07,63.7,0.8,13.18
29.24,13.07,63.7,0.8,13.18
29.24,13.07,63.7,0.8,13.18
29.24,13.07,63.7,0.8,13.18
29.25,13.07,63.7,0.8,13.18
29.25,13.07,63.6,0.8,13.18
29.26,13.07,63.6,0.8,13.18
29.26,13.07,63.6,0.8,13.18
29.27,13.07,63.6,0.8,13.18
29.28,13.07,63.6,0.8,13.18
29.28,13.07,63.6,0.8,13.18
29.29,13.07,63.6,0.8,13.18
29.29,13.07,63.6,0.8,13.18
29.3,13.07,63.6,0.8,13.18
29.3,13.07,63.6,0.8,13.18
29.31,13.07,63.6,0.8,13.18
29.31,13.07,63.6,0.8,13.18
29.32,13.07,63.6,0.8,13.18
29.32,13.07,63.6,0.8,13.18
29.33,13.07,63.6,0.8,13.18
29.33,13.07,63.6,0.8,13.18
29.34,13.07,63.6,0.8,13.18
29.34,13.07,63.6,0.8,13.18
29.35,13.07,63.6,0.8,13.18
29.35,13.07,63.6,0.8,13.18
29.36,13.07,63.6,0.8,13.18
29.36,13.07,63.6,0.8,13.18
29.37,13.07,63.6,0.8,13.18
29.37,13.07,63.6,0.8,13.18
29.38,13.07,63.5,0.8,13.18
29.38,13.07,63.5,0.8,13.18
29.39,13.07,63.5,0.8,13.18
29.39,13.07,63.5,0.8,13.18
29.4,13.07,63.5,0.8,13.18
29.4,13.07,63.5,0.8,13.18
29.41,13.07,63.5,0.8,13.18
29.41,13.07,63.5,0.8,13.18
29.42,13.07,63.5,0.8,13.18
29.42,13.07,63.5,0.8,13.18
29.43,13.07,63.5,0.8,13.18
29.43,13.07,63.5,0.8,13.18
29.44,13.07,63.5,0.8,13.17
29.44,13.07,63.5,0.8,13.17
29.45,13.07,63.5,0.8,13.17
29.45,13.07,63.5,0.8,13.17
29.46,13.07,63.5,0.8,13.17
29.46,13.07,63.5,0.8,13.17
29.47,13.07,63.5,0.8,13.17
29.48,13.07,63.5,0.8,13.17
29.48,13.07,63.5,0.8,13.17
29.49,13.07,63.5,0.8,13.17
29.49,13.07,63.5,0.8,13.17
29.5,13.07,63.5,0.8,13.17
29.5,13.07,63.4,0.8,13.17
29.51,13.07,63.4,0.8,13.17
29.51,13.07,63.4,0.8,13.17
29.51,13.07,63.4,0.8,13.17
29.52,13.07,63.4,0.8,13.17
29.52,13.07,63.4,0.8,13.17
29.53,13.07,63.4,0.8,13.17
29.53,13.07,63.4,0.8,13.17
29.54,13.07,63.4,0.8,13.17
29.54,13.07,63.4,0.8,13.17
29.55,13.07,63.4,0.8,13.17
29.55,13.07,63.4,0.8,13.17
29.56,13.07,63.4,0.8,13.17
29.56,13.07,63.4,0.8,13.17
29.57,13.07,63.4,0.8,13.17
29.57,13.07,63.4,0.8,13.17
29.58,13.07,63.4,0.8,13.17
29.58,13.07,63.4,0.8,13.17
29.59,13.07,63.4,0.8,13.17
29.6,13.07,63.4,0.8,13.17
29.6,13.07,63.4,0.8,13.17
29.61,13.07,63.4,0.8,13.17
29.61,13.07,63.4,0.8,13.17
29.62,13.07,63.4,0.8,13.17
29.62,13.07,63.3,0.8,13.17
29.63,13.07,63.3,0.8,13.17
29.63,13.07,63.3,0.8,13.17
29.64,13.07,63.3,0.8,13.17
29.64,13.07,63.3,0.8,13.17
29.65,13.07,63.3,0.8,13.17
29.66,13.07,63.3,0.8,13.17
29.66,13.07,63.3,0.8,13.17
29.66,13.07,63.3,0.8,13.17
29.67,13.07,63.3,0.8,13.17
29.67,13.07,63.3,0.8,13.17
29.68,13.07,63.3,0.8,13.17
29.68,13.07,63.3,0.8,13.16
29.69,13.07,63.3,0.8,13.16
29.69,13.07,63.3,0.8,13.16
29.7,13.07,63.3,0.8,13.16
29.7,13.07,63.3,0.8,13.16
29.71,13.07,63.3,0.8,13.16
29.72,13.07,63.3,0.8,13.16
29.72,13.07,63.3,0.8,13.16
29.72,13.07,63.3,0.8,13.16
29.73,13.07,63.3,0.8,13.16
29.73,13.07,63.3,0.8,13.16
29.74,13.07,63.3,0.8,13.16
29.74,13.07,63.2,0.8,13.16
29.75,13.07,63.2,0.8,13.16
29.75,13.07,63.2,0.8,13.16
29.76,13.07,63.2,0.8,13.16
29.77,13.07,63.2,0.8,13.16
29.77,13.07,63.2,0.8,13.16
29.78,13.07,63.2,0.8,13.16
29.78,13.07,63.2,0.8,13.16
29.79,13.07,63.2,0.8,13.16
29.79,13.07,63.2,0.8,13.16
29.8,13.07,63.2,0.8,13.16
29.8,13.07,63.2,0.8,13.16
29.81,13.07,63.2,0.8,13.16
29.81,13.07,63.2,0.8,13.16
29.82,13.07,63.2,0.8,13.16
29.82,13.07,63.2,0.8,13.16
29.83,13.07,63.2,0.8,13.16
29.83,13.07,63.2,0.8,13.16
29.84,13.07,63.2,0.8,13.16
29.84,13.07,63.2,0.8,13.16
29.85,13.07,63.2,0.8,13.16
29.85,13.07,63.2,0.8,13.16
29.86,13.07,63.2,0.8,13.16
29.86,13.07,63.2,0.8,13.16
29.87,13.07,63.1,0.8,13.16
29.87,13.07,63.1,0.8,13.16
29.88,13.07,63.1,0.8,13.16
29.88,13.07,63.1,0.8,13.16
29.89,13.07,63.1,0.8,13.16
29.89,13.07,63.1,0.8,13.16
29.9,13.07,63.1,0.8,13.16
29.91,13.07,63.1,0.8,13.16
29.91,13.07,63.1,0.8,13.16
29.92,13.07,63.1,0.8,13.16
29.92,13.07,63.1,0.8,13.16
29.93,13.07,63.1,0.8,13.16
29.93,13.07,63.1,0.8,13.15
29.94,13.07,63.1,0.8,13.15
29.94,13.07,63.1,0.8,13.15
29.95,13.07,63.1,0.8,13.15
29.95,13.07,63.1,0.8,13.15
29.96,13.07,63.1,0.8,13.15
29.96,13.07,63.1,0.8,13.15
29.96,13.07,63.1,0.8,13.15
29.97,13.07,63.1,0.8,13.15
29.97,13.07,63.1,0.8,13.15
29.98,13.07,63.1,0.8,13.15
29.98,13.07,63.1,0.8,13.15
29.99,13.07,63.0,0.8,13.15
29.99,13.07,63.0,0.8,13.15
30.0,13.07,63.0,0.8,13.15
30.0,13.07,63.0,0.8,13.15
30.01,13.07,63.0,0.8,13.15
30.01,13.07,63.0,0.8,13.15
30.02,13.07,63.0,0.8,13.15
30.02,13.07,63.0,0.8,13.15
30.03,13.06,63.0,0.8,13.15
30.04,13.06,63.0,0.8,13.15
30.04,13.05,63.0,0.8,13.15
30.04,13.04,63.0,0.8,13.15
30.05,13.03,63.0,0.8,13.15
30.06,13.02,63.0,0.8,13.15
30.06,13.01,63.0,0.8,13.15
30.07,13.0,63.0,0.8,13.15
30.07,12.99,63.0,0.8,13.15
30.08,12.98,63.0,0.8,13.15
30.08,12.96,63.0,0.8,13.15
30.09,12.95,63.0,0.8,13.15
30.09,12.93,63.0,0.8,13.15
30.09,12.91,63.0,0.8,13.15
30.1,12.89,63.0,0.8,13.15
30.1,12.87,63.0,0.8,13.15
30.11,12.85,63.0,0.8,13.15
30.12,12.83,63.0,0.8,13.15
30.12,12.81,63.0,0.8,13.15
30.12,12.79,63.0,0.8,13.15
30.13,12.77,63.0,0.8,13.15
30.14,12.74,63.0,0.8,13.15
30.14,12.72,63.0,0.8,13.15
30.15,12.69,63.0,0.8,13.15
30.15,12.66,63.0,0.8,13.15
30.16,12.64,63.0,0.8,13.15
30.16,12.61,63.0,0.8,13.15
30.16,12.58,63.0,0.8,13.15
30.17,12.55,63.0,0.8,13.15
30.17,12.52,63.0,0.8,13.15
30.18,12.49,63.0,0.8,13.15
30.18,12.46,63.0,0.8,13.15
30.19,12.43,63.0,0.8,13.15
30.19,12.39,63.0,0.8,13.15
30.2,12.36,63.0,0.8,13.15
30.2,12.33,63.0,0.8,13.15
30.21,12.29,63.0,0.8,13.15
30.21,12.26,63.0,0.8,13.15
30.22,12.22,63.0,0.8,13.15
30.22,12.18,63.0,0.8,13.15
30.23,12.15,63.0,0.8,13.15
30.23,12.11,63.0,0.8,13.15
30.24,12.07,63.0,0.8,13.15
30.24,12.03,63.0,0.8,13.15
30.25,11.99,63.0,0.8,13.15
30.25,11.95,63.0,0.8,13.15
30.26,11.91,63.0,0.8,13.15
30.26,11.87,63.0,0.8,13.15
30.27,11.83,63.0,0.8,13.15
30.27,11.78,63.0,0.8,13.15
30.28,11.74,63.0,0.8,13.15
30.28,11.7,63.0,0.8,13.15
30.29,11.66,63.0,0.8,13.15
30.29,11.61,63.0,0.8,13.15
30.3,11.57,63.0,0.8,13.15
30.31,11.52,63.0,0.8,13.15
30.32,11.48,63.0,0.8,13.15
30.32,11.43,63.0,0.8,13.15
30.32,11.39,63.0,0.8,13.15
30.33,11.34,63.0,0.8,13.15
30.33,11.29,63.0,0.8,13.15
30.34,11.25,63.0,0.8,13.15
30.34,11.2,63.0,0.8,13.15
30.35,11.15,63.0,0.8,13.15
30.35,11.1,63.0,0.8,13.15
30.36,11.05,63.0,0.8,13.15
30.37,11.0,63.0,0.8,13.15
30.37,10.96,63.0,0.8,13.15
30.38,10.91,63.0,0.8,13.15
30.38,10.86,63.0,0.8,13.15
30.39,10.81,63.0,0.8,13.15
30.39,10.76,63.0,0.8,13.15
30.4,10.7,63.0,0.8,13.15
30.4,10.65,63.0,0.8,13.15
30.41,10.6,63.0,0.8,13.15
30.41,10.55,63.0,0.8,13.15
30.42,10.5,63.0,0.8,13.15
30.42,10.45,63.0,0.8,13.15
30.43,10.4,63.0,0.8,13.15
30.43,10.34,63.0,0.8,13.15
30.44,10.29,63.0,0.8,13.15
30.44,10.24,63.0,0.8,13.15
30.45,10.18,63.0,0.8,13.15
30.45,10.13,63.0,0.8,13.15
30.46,10.08,63.0,0.8,13.15
30.46,10.02,63.0,0.8,13.15
30.47,9.97,63.0,0.8,13.15
30.47,9.92,63.0,0.8,13.15
30.48,9.86,63.0,0.8,13.15
30.48,9.81,63.0,0.8,13.15
30.49,9.75,63.0,0.8,13.15
30.49,9.7,63.0,0.8,13.15
30.5,9.64,63.0,0.8,13.15
30.5,9.59,63.0,0.8,13.15
30.51,9.54,63.0,0.8,13.15
30.51,9.48,63.0,0.8,13.15
30.52,9.43,63.0,0.8,13.15
30.52,9.37,63.0,0.8,13.15
30.53,9.31,63.0,0.8,13.15
30.53,9.26,63.0,0.8,13.15
30.54,9.2,63.0,0.8,13.15
30.54,9.15,63.0,0.8,13.15
30.55,9.09,63.0,0.8,13.15
30.55,9.04,63.0,0.8,13.15
30.55,8.98,63.0,0.8,13.15
30.56,8.93,63.0,0.8,13.15
30.57,8.87,63.0,0.8,13.15
30.57,8.81,63.0,0.8,13.15
30.58,8.76,63.0,0.8,13.15
30.58,8.7,63.0,0.8,13.15
30.58,8.65,63.0,0.8,13.15
30.59,8.59,63.0,0.8,13.15
30.59,8.53,63.0,0.8,13.15
30.6,8.48,63.0,0.8,13.15
30.61,8.42,63.0,0.8,13.15
30.61,8.37,63.0,0.8,13.15
30.62,8.31,63.0,0.8,13.15
30.62,8.25,63.0,0.8,13.15
30.63,8.2,63.0,0.8,13.15
30.63,8.14,63.0,0.8,13.15
30.64,8.09,63.0,0.8,13.15
30.64,8.03,63.0,0.8,13.15
30.65,7.97,63.0,0.8,13.15
30.65,7.92,63.0,0.8,13.15
30.66,7.86,63.0,0.8,13.15
30.66,7.81,63.0,0.8,13.15
30.67,7.75,63.0,0.8,13.15
30.67,7.69,63.0,0.8,13.15
30.68,7.64,63.0,0.8,13.15
30.68,7.58,63.0,0.8,13.15
30.69,7.53,63.0,0.8,13.15
30.69,7.47,63.0,0.8,13.15
30.7,7.41,63.0,0.8,13.15
30.7,7.36,63.0,0.8,13.15
30.7,7.3,63.0,0.8,13.15
30.71,7.25,63.0,0.8,13.15
30.71,7.19,63.0,0.8,13.15
30.72,7.14,63.0,0.8,13.15
30.72,7.08,63.0,0.8,13.15
30.73,7.03,63.0,0.8,13.15
30.74,6.97,63.0,0.8,13.15
30.74,6.92,63.0,0.8,13.15
30.75,6.86,63.0,0.8,13.15
30.75,6.81,63.0,0.8,13.15
30.76,6.75,63.0,0.8,13.15
30.76,6.7,63.0,0.8,13.15
30.77,6.64,63.0,0.8,13.15
30.78,6.59,63.0,0.8,13.15
30.78,6.54,63.0,0.8,13.15
30.79,6.48,63.0,0.8,13.15
30.79,6.43,63.0,0.8,13.15
30.8,6.37,63.0,0.8,13.15
30.8,6.32,63.0,0.8,13.15
30.8,6.27,63.0,0.8,13.15
30.81,6.21,63.0,0.8,13.15
30.81,6.16,63.0,0.8,13.15
30.82,6.11,63.0,0.8,13.15
30.82,6.05,63.0,0.8,13.15
30.83,6.0,63.0,0.8,13.15
30.83,5.95,63.0,0.8,13.15
30.84,5.89,63.0,0.8,13.15
30.84,5.84,63.0,0.8,13.15
30.85,5.79,63.0,0.8,13.15
30.85,5.74,63.0,0.8,13.15
30.86,5.69,63.0,0.8,13.15
30.86,5.63,63.0,0.8,13.15
30.87,5.58,63.0,0.8,13.15
30.87,5.53,63.0,0.8,13.15
30.88,5.48,63.0,0.8,13.15
30.88,5.43,63.0,0.8,13.15
30.89,5.37,63.0,0.8,13.15
30.89,5.32,63.0,0.8,13.15
30.9,5.27,63.0,0.8,13.15
30.9,5.22,63.0,0.8,13.15
30.91,5.17,63.0,0.8,13.15
30.91,5.12,63.0,0.8,13.15
30.92,5.07,63.0,0.8,13.15
30.92,5.02,63.0,0.8,13.15
30.93,4.97,63.0,0.8,13.15
30.93,4.92,63.0,0.8,13.15
30.94,4.87,63.0,0.8,13.15
30.94,4.82,63.0,0.8,13.15
30.95,4.77,63.0,0.8,13.15
30.95,4.72,63.0,0.8,13.15
30.96,4.67,63.0,0.8,13.15
30.96,4.62,63.0,0.8,13.15
30.97,4.58,63.0,0.8,13.15
30.97,4.53,63.0,0.8,13.15
30.98,4.48,63.0,0.8,13.15
30.98,4.43,63.0,0.8,13.15
30.99,4.38,63.0,0.8,13.15
30.99,4.34,63.0,0.8,13.15
31.0,4.29,63.0,0.8,13.15
31.0,4.24,63.0,0.8,13.15
31.01,4.19,63.0,0.8,13.15
31.01,4.15,63.0,0.8,13.15
31.01,4.1,63.0,0.8,13.15
31.02,4.05,63.0,0.8,13.15
31.03,4.01,63.0,0.8,13.15
31.03,3.96,63.0,0.8,13.15
31.04,3.91,63.0,0.8,13.15
31.04,3.87,63.0,0.8,13.15
31.05,3.82,63.0,0.8,13.15
31.05,3.78,63.0,0.8,13.15
31.06,3.73,63.0,0.8,13.15
31.06,3.69,63.0,0.8,13.15
31.07,3.64,63.0,0.8,13.15
31.07,3.6,63.0,0.8,13.15
31.08,3.55,63.0,0.8,13.15
31.08,3.51,63.0,0.8,13.15
31.09,3.46,63.0,0.8,13.15
31.09,3.42,63.0,0.8,13.15
31.1,3.38,63.0,0.8,13.15
31.1,3.33,63.0,0.8,13.15
31.11,3.29,63.0,0.8,13.15
31.11,3.25,63.0,0.8,13.15
31.12,3.2,63.0,0.8,13.15
31.12,3.16,63.0,0.8,13.15
31.13,3.12,63.0,0.8,13.15
31.13,3.07,63.0,0.8,13.15
31.14,3.03,63.0,0.8,13.15
31.14,2.99,63.0,0.8,13.15
31.15,2.95,63.0,0.8,13.15
31.15,2.91,63.0,0.8,13.15
31.16,2.87,63.0,0.8,13.15
31.16,2.82,63.0,0.8,13.15
31.17,2.78,63.0,0.8,13.15
31.17,2.74,63.0,0.8,13.15
31.18,2.7,63.0,0.8,13.15
31.18,2.66,63.0,0.8,13.15
31.19,2.62,63.0,0.8,13.15
31.19,2.58,63.0,0.8,13.15
31.19,2.54,63.0,0.8,13.15
31.2,2.5,63.0,0.8,13.15
31.21,2.46,63.0,0.8,13.15
31.21,2.42,63.0,0.8,13.15
31.22,2.38,63.0,0.8,13.15
31.22,2.35,63.0,0.8,13.15
31.23,2.31,63.0,0.8,13.15
31.23,2.27,63.0,0.8,13.15
31.24,2.23,63.0,0.8,13.15
31.24,2.19,63.0,0.8,13.15
31.25,2.15,63.0,0.8,13.15
31.25,2.12,63.0,0.8,13.15
31.26,2.08,63.0,0.8,13.15
31.27,2.04,63.0,0.8,13.15
31.27,2.01,63.0,0.8,13.15
31.28,1.97,63.0,0.8,13.15
31.28,1.93,63.0,0.8,13.15
31.29,1.9,63.0,0.8,13.15
31.29,1.86,63.0,0.8,13.15
31.3,1.82,63.0,0.8,13.15
31.3,1.79,63.0,0.8,13.15
31.31,1.75,63.0,0.8,13.15
31.31,1.72,63.0,0.8,13.15
31.32,1.68,63.0,0.8,13.15
31.32,1.65,63.0,0.8,13.15
31.33,1.61,63.0,0.8,13.15
31.33,1.58,63.0,0.8,13.15
31.34,1.54,63.0,0.8,13.15
31.34,1.51,63.0,0.8,13.15
31.35,1.48,63.0,0.8,13.15
31.35,1.44,63.0,0.8,13.15
31.36,1.41,63.0,0.8,13.15
31.36,1.38,63.0,0.8,13.15
31.37,1.34,63.0,0.8,13.15
31.37,1.31,63.0,0.8,13.15
31.38,1.28,63.0,0.8,13.15
31.38,1.24,63.0,0.8,13.15
31.39,1.21,63.0,0.8,13.15
31.39,1.18,63.0,0.8,13.15
31.4,1.15,63.0,0.8,13.15
31.4,1.12,63.0,0.8,13.15
31.41,1.08,63.0,0.8,13.15
31.41,1.05,63.0,0.8,13.15
31.42,1.02,63.0,0.8,13.15
31.43,0.99,63.0,0.8,13.15
31.43,0.96,63.0,0.8,13.15
31.44,0.93,63.0,0.8,13.15
31.44,0.9,63.0,0.8,13.15
31.45,0.87,63.0,0.8,13.15
31.45,0.84,63.0,0.8,13.15
31.46,0.81,63.0,0.8,13.15
31.46,0.78,63.0,0.8,13.15
31.47,0.75,63.0,0.8,13.15
31.47,0.72,63.0,0.8,13.15
31.48,0.69,63.0,0.8,13.15
31.48,0.66,63.0,0.8,13.15
31.49,0.64,63.0,0.8,13.15
31.49,0.61,63.0,0.8,13.15
31.5,0.58,63.0,0.8,13.15
31.5,0.55,63.0,0.8,13.15
31.51,0.52,63.0,0.8,13.15
31.52,0.5,63.0,0.8,13.15
31.52,0.47,63.0,0.8,13.15
31.53,0.44,63.0,0.8,13.15
31.53,0.41,63.0,0.8,13.15
31.54,0.39,63.0,0.8,13.15
31.54,0.36,63.0,0.8,13.15
31.55,0.33,63.0,0.8,13.15
31.55,0.31,63.0,0.8,13.15
31.56,0.28,63.0,0.8,13.15
31.56,0.26,63.0,0.8,13.15
31.57,0.23,63.0,0.8,13.15
31.57,0.2,63.0,0.8,13.15
31.58,0.18,63.0,0.8,13.15
31.58,0.15,63.0,0.8,13.15
31.59,0.13,63.0,0.8,13.15
31.59,0.1,63.0,0.8,13.15
31.6,0.08,63.0,0.8,13.15
31.6,0.05,63.0,0.8,13.15
31.61,0.03,63.0,0.8,13.15
31.61,0.01,63.0,0.8,13.15
31.62,-0.02,63.0,0.8,13.15
31.63,-0.04,63.0,0.8,13.15
31.63,-0.06,63.0,0.8,13.15
31.64,-0.09,63.0,0.8,13.15
31.64,-0.11,63.0,0.8,13.15
31.65,-0.13,63.0,0.8,13.15
31.65,-0.16,63.0,0.8,13.15
31.66,-0.18,63.0,0.8,13.15
31.66,-0.2,63.0,0.8,13.15
31.67,-0.22,63.0,0.8,13.15
31.67,-0.25,63.0,0.8,13.15
31.68,-0.27,63.0,0.8,13.15
31.68,-0.29,63.0,0.8,13.15
31.69,-0.31,63.0,0.8,13.15
31.69,-0.33,63.0,0.8,13.15
31.7,-0.35,63.0,0.8,13.15
31.71,-0.38,63.0,0.8,13.15
31.71,-0.4,63.0,0.8,13.15
31.71,-0.42,63.0,0.8,13.15
31.72,-0.44,63.0,0.8,13.15
31.72,-0.46,63.0,0.8,13.15
31.73,-0.48,63.0,0.8,13.15
31.74,-0.5,63.0,0.8,13.15
31.74,-0.52,63.0,0.8,13.15
31.75,-0.54,63.0,0.8,13.15
